2026-08-30 20:40:43.395 [main] WARN  com.alibaba.nacos.client.logging.NacosLogging - Load Logback Configuration of Nacos fail, message: Could not initialize Logback Nacos logging from classpath:nacos-logback.xml
2026-08-30 20:40:43.454 [main] WARN  com.alibaba.nacos.client.logging.NacosLogging - Load Logback Configuration of Nacos fail, message: Could not initialize Logback Nacos logging from classpath:nacos-logback.xml
2026-08-30 20:40:43.628 [main] INFO  com.alibaba.cloud.nacos.NacosConfigProperties - set nacos config namespace 'public' to ''
2026-08-30 20:40:43.631 [main] WARN  com.alibaba.nacos.client.logging.NacosLogging - Load Logback Configuration of Nacos fail, message: Could not initialize Logback Nacos logging from classpath:nacos-logback.xml
2026-08-30 20:40:43.632 [main] INFO  com.alibaba.nacos.client.utils.ParamUtil - [settings] [req-serv] nacos-server port:8848
2026-08-30 20:40:43.632 [main] INFO  com.alibaba.nacos.client.utils.ParamUtil - [settings] [http-client] connect timeout:1000
2026-08-30 20:40:43.633 [main] INFO  com.alibaba.nacos.client.utils.ParamUtil - PER_TASK_CONFIG_SIZE: 3000.0
2026-08-30 20:40:43.657 [main] INFO  c.a.n.p.auth.spi.client.ClientAuthPluginManager - [ClientAuthPluginManager] Load ClientAuthService com.alibaba.nacos.client.auth.impl.NacosClientAuthServiceImpl success.
2026-08-30 20:40:43.657 [main] INFO  c.a.n.p.auth.spi.client.ClientAuthPluginManager - [ClientAuthPluginManager] Load ClientAuthService com.alibaba.nacos.client.auth.ram.RamClientAuthServiceImpl success.
2026-08-30 20:40:43.659 [main] INFO  c.a.n.client.auth.ram.identify.CredentialWatcher - null No credential found
2026-08-30 20:40:44.187 [main] WARN  com.alibaba.nacos.client.logging.NacosLogging - Load Logback Configuration of Nacos fail, message: Could not initialize Logback Nacos logging from classpath:nacos-logback.xml
2026-08-30 20:40:44.199 [main] INFO  c.a.n.client.config.impl.LocalConfigInfoProcessor - LOCAL_SNAPSHOT_PATH:C:\Users\Administrator\nacos\config
2026-08-30 20:40:44.203 [main] INFO  com.alibaba.nacos.common.remote.client - [RpcClientFactory] create a new rpc client of 8c02bef2-3c2f-4530-8c6e-2a856a532b6a_config-0
2026-08-30 20:40:44.218 [main] INFO  com.alibaba.nacos.common.remote.client - [8c02bef2-3c2f-4530-8c6e-2a856a532b6a_config-0] Register server push request handler:com.alibaba.nacos.client.config.impl.ClientWorker$ConfigRpcTransportClient$$Lambda$584/0x0000022ea638f7b0
2026-08-30 20:40:44.219 [main] INFO  com.alibaba.nacos.common.remote.client - [8c02bef2-3c2f-4530-8c6e-2a856a532b6a_config-0] Register server push request handler:com.alibaba.nacos.client.config.impl.ClientWorker$ConfigRpcTransportClient$$Lambda$585/0x0000022ea638fbd0
2026-08-30 20:40:44.219 [main] INFO  com.alibaba.nacos.common.remote.client - [8c02bef2-3c2f-4530-8c6e-2a856a532b6a_config-0] Registry connection listener to current client:com.alibaba.nacos.client.config.impl.ClientWorker$ConfigRpcTransportClient$1
2026-08-30 20:40:44.219 [main] INFO  com.alibaba.nacos.common.remote.client - [8c02bef2-3c2f-4530-8c6e-2a856a532b6a_config-0] RpcClient init, ServerListFactory = com.alibaba.nacos.client.config.impl.ClientWorker$ConfigRpcTransportClient$2
2026-08-30 20:40:44.226 [main] INFO  com.alibaba.nacos.common.remote.client - [8c02bef2-3c2f-4530-8c6e-2a856a532b6a_config-0] Try to connect to server on start up, server: {serverIp = '127.0.0.1', server main port = 8848}
2026-08-30 20:40:44.267 [main] INFO  c.a.nacos.common.remote.client.grpc.GrpcClient - grpc client connection server:127.0.0.1 ip,serverPort:9848,grpcTslConfig:{"sslProvider":"OPENSSL","enableTls":false,"mutualAuthEnable":false,"trustAll":false}
2026-08-30 20:40:45.422 [main] INFO  com.alibaba.nacos.common.remote.client - [8c02bef2-3c2f-4530-8c6e-2a856a532b6a_config-0] Success to connect to server [127.0.0.1:8848] on start up, connectionId = 1788093645211_172.17.0.1_57784
2026-08-30 20:40:45.423 [com.alibaba.nacos.client.remote.worker] INFO  com.alibaba.nacos.common.remote.client - [8c02bef2-3c2f-4530-8c6e-2a856a532b6a_config-0] Notify connected event to listeners.
2026-08-30 20:40:45.423 [com.alibaba.nacos.client.remote.worker] INFO  com.alibaba.nacos.client.config.impl.ClientWorker - [8c02bef2-3c2f-4530-8c6e-2a856a532b6a_config-0] Connected,notify listen context...
2026-08-30 20:40:45.423 [main] INFO  com.alibaba.nacos.common.remote.client - [8c02bef2-3c2f-4530-8c6e-2a856a532b6a_config-0] Register server push request handler:com.alibaba.nacos.common.remote.client.RpcClient$ConnectResetRequestHandler
2026-08-30 20:40:45.423 [main] INFO  com.alibaba.nacos.common.remote.client - [8c02bef2-3c2f-4530-8c6e-2a856a532b6a_config-0] Register server push request handler:com.alibaba.nacos.common.remote.client.RpcClient$$Lambda$605/0x0000022ea64d77b8
2026-08-30 20:40:45.462 [main] INFO  com.alibaba.nacos.client.config.impl.Limiter - limitTime:5.0
2026-08-30 20:40:45.590 [main] INFO  com.alibaba.nacos.client.config.utils.JvmUtil - isMultiInstance:false
2026-08-30 20:40:45.609 [main] WARN  c.a.cloud.nacos.client.NacosPropertySourceBuilder - Ignore the empty nacos configuration and get it based on dataId[xiaohongshu-auth.yaml] & group[DEFAULT_GROUP]
2026-08-30 20:40:45.630 [main] INFO  o.s.c.b.c.PropertySourceBootstrapConfiguration - Located property source: [BootstrapPropertySource {name='bootstrapProperties-xiaohongshu-auth-dev.yaml,DEFAULT_GROUP'}, BootstrapPropertySource {name='bootstrapProperties-xiaohongshu-auth.yaml,DEFAULT_GROUP'}, BootstrapPropertySource {name='bootstrapProperties-xiaohongshu-auth,DEFAULT_GROUP'}]
2026-08-30 20:40:45.661 [main] WARN  com.alibaba.nacos.client.logging.NacosLogging - Load Logback Configuration of Nacos fail, message: Could not initialize Logback Nacos logging from classpath:nacos-logback.xml
2026-08-30 20:40:45.662 [main] INFO  c.g.xiaohongshu.auth.XiaohongshuAuthApplication - The following 1 profile is active: "dev"
2026-08-30 20:40:46.322 [main] INFO  o.s.d.r.config.RepositoryConfigurationDelegate - Multiple Spring Data modules found, entering strict repository configuration mode
2026-08-30 20:40:46.325 [main] INFO  o.s.d.r.config.RepositoryConfigurationDelegate - Bootstrapping Spring Data Redis repositories in DEFAULT mode.
2026-08-30 20:40:46.349 [main] INFO  o.s.d.r.config.RepositoryConfigurationDelegate - Finished Spring Data repository scanning in 9 ms. Found 0 Redis repository interfaces.
2026-08-30 20:40:46.475 [main] INFO  o.springframework.cloud.context.scope.GenericScope - BeanFactory id=e70d0da6-a6b9-3e89-8467-9ec23b5828f1
2026-08-30 20:40:47.086 [main] INFO  o.s.boot.web.embedded.tomcat.TomcatWebServer - Tomcat initialized with port(s): 8080 (http)
2026-08-30 20:40:47.096 [main] INFO  org.apache.catalina.core.StandardService - Starting service [Tomcat]
2026-08-30 20:40:47.096 [main] INFO  org.apache.catalina.core.StandardEngine - Starting Servlet engine: [Apache Tomcat/10.1.5]
2026-08-30 20:40:47.183 [main] INFO  o.a.c.core.ContainerBase.[Tomcat].[localhost].[/] - Initializing Spring embedded WebApplicationContext
2026-08-30 20:40:47.184 [main] INFO  o.s.b.w.s.c.ServletWebServerApplicationContext - Root WebApplicationContext: initialization completed in 1499 ms
2026-08-30 20:40:47.310 [main] INFO  c.a.d.s.b.a.DruidDataSourceAutoConfigure - Init DruidDataSource
2026-08-30 20:40:47.658 [main] INFO  com.alibaba.druid.pool.DruidDataSource - {dataSource-1} inited
2026-08-30 20:40:49.175 [main] INFO  o.s.boot.web.embedded.tomcat.TomcatWebServer - Tomcat started on port(s): 8080 (http) with context path ''
2026-08-30 20:40:49.609 [main] INFO  c.g.xiaohongshu.auth.XiaohongshuAuthApplication - Started XiaohongshuAuthApplication in 7.287 seconds (process running for 7.96)
2026-08-30 20:40:49.610 [main] INFO  c.g.x.auth.runner.PushRolePermissions2RedisRunner - ==> 服务启动，开始同步角色权限数据到 Redis 中...
2026-08-30 20:40:50.278 [main] ERROR c.g.x.auth.runner.PushRolePermissions2RedisRunner - ==> 同步角色权限数据到 Redis 中失败: 
org.mybatis.spring.MyBatisSystemException: null
	at org.mybatis.spring.MyBatisExceptionTranslator.translateExceptionIfPossible(MyBatisExceptionTranslator.java:97)
	at org.mybatis.spring.SqlSessionTemplate$SqlSessionInterceptor.invoke(SqlSessionTemplate.java:439)
	at jdk.proxy2/jdk.proxy2.$Proxy88.selectList(Unknown Source)
	at org.mybatis.spring.SqlSessionTemplate.selectList(SqlSessionTemplate.java:224)
	at org.apache.ibatis.binding.MapperMethod.executeForMany(MapperMethod.java:147)
	at org.apache.ibatis.binding.MapperMethod.execute(MapperMethod.java:80)
	at org.apache.ibatis.binding.MapperProxy$PlainMethodInvoker.invoke(MapperProxy.java:145)
	at org.apache.ibatis.binding.MapperProxy.invoke(MapperProxy.java:86)
	at jdk.proxy2/jdk.proxy2.$Proxy99.selectByRoleIds(Unknown Source)
	at com.guoshisan.xiaohongshu.auth.runner.PushRolePermissions2RedisRunner.run(PushRolePermissions2RedisRunner.java:70)
	at org.springframework.boot.SpringApplication.callRunner(SpringApplication.java:758)
	at org.springframework.boot.SpringApplication.callRunners(SpringApplication.java:748)
	at org.springframework.boot.SpringApplication.run(SpringApplication.java:315)
	at org.springframework.boot.SpringApplication.run(SpringApplication.java:1302)
	at org.springframework.boot.SpringApplication.run(SpringApplication.java:1291)
	at com.guoshisan.xiaohongshu.auth.XiaohongshuAuthApplication.main(XiaohongshuAuthApplication.java:13)
Caused by: org.apache.ibatis.binding.BindingException: Parameter 'roleIds' not found. Available parameters are [arg0, collection, list]
	at org.apache.ibatis.binding.MapperMethod$ParamMap.get(MapperMethod.java:212)
	at org.apache.ibatis.scripting.xmltags.DynamicContext$ContextAccessor.getProperty(DynamicContext.java:120)
	at org.apache.ibatis.ognl.OgnlRuntime.getProperty(OgnlRuntime.java:3344)
	at org.apache.ibatis.ognl.ASTProperty.getValueBody(ASTProperty.java:121)
	at org.apache.ibatis.ognl.SimpleNode.evaluateGetValueBody(SimpleNode.java:212)
	at org.apache.ibatis.ognl.SimpleNode.getValue(SimpleNode.java:258)
	at org.apache.ibatis.ognl.Ognl.getValue(Ognl.java:586)
	at org.apache.ibatis.ognl.Ognl.getValue(Ognl.java:550)
	at org.apache.ibatis.scripting.xmltags.OgnlCache.getValue(OgnlCache.java:46)
	at org.apache.ibatis.scripting.xmltags.ExpressionEvaluator.evaluateIterable(ExpressionEvaluator.java:54)
	at org.apache.ibatis.scripting.xmltags.ForEachSqlNode.apply(ForEachSqlNode.java:68)
	at org.apache.ibatis.scripting.xmltags.MixedSqlNode.lambda$apply$0(MixedSqlNode.java:32)
	at java.base/java.util.ArrayList.forEach(ArrayList.java:1511)
	at org.apache.ibatis.scripting.xmltags.MixedSqlNode.apply(MixedSqlNode.java:32)
	at org.apache.ibatis.scripting.xmltags.DynamicSqlSource.getBoundSql(DynamicSqlSource.java:39)
	at org.apache.ibatis.mapping.MappedStatement.getBoundSql(MappedStatement.java:305)
	at org.apache.ibatis.executor.CachingExecutor.query(CachingExecutor.java:87)
	at org.apache.ibatis.session.defaults.DefaultSqlSession.selectList(DefaultSqlSession.java:151)
	at org.apache.ibatis.session.defaults.DefaultSqlSession.selectList(DefaultSqlSession.java:145)
	at org.apache.ibatis.session.defaults.DefaultSqlSession.selectList(DefaultSqlSession.java:140)
	at java.base/jdk.internal.reflect.NativeMethodAccessorImpl.invoke0(Native Method)
	at java.base/jdk.internal.reflect.NativeMethodAccessorImpl.invoke(NativeMethodAccessorImpl.java:77)
	at java.base/jdk.internal.reflect.DelegatingMethodAccessorImpl.invoke(DelegatingMethodAccessorImpl.java:43)
	at java.base/java.lang.reflect.Method.invoke(Method.java:568)
	at org.mybatis.spring.SqlSessionTemplate$SqlSessionInterceptor.invoke(SqlSessionTemplate.java:425)
	... 14 common frames omitted
2026-08-30 20:40:50.283 [main] INFO  com.alibaba.nacos.client.config.impl.CacheData - nacos.cache.data.init.snapshot = true 
2026-08-30 20:40:50.283 [main] INFO  com.alibaba.nacos.client.config.impl.ClientWorker - [fixed-127.0.0.1_8848] [subscribe] xiaohongshu-auth.yaml+DEFAULT_GROUP
2026-08-30 20:40:50.290 [main] INFO  com.alibaba.nacos.client.config.impl.CacheData - [fixed-127.0.0.1_8848] [add-listener] ok, tenant=, dataId=xiaohongshu-auth.yaml, group=DEFAULT_GROUP, cnt=1
2026-08-30 20:40:50.290 [main] INFO  c.a.cloud.nacos.refresh.NacosContextRefresher - [Nacos Config] Listening config: dataId=xiaohongshu-auth.yaml, group=DEFAULT_GROUP
2026-08-30 20:40:50.291 [main] INFO  com.alibaba.nacos.client.config.impl.ClientWorker - [fixed-127.0.0.1_8848] [subscribe] xiaohongshu-auth-dev.yaml+DEFAULT_GROUP
2026-08-30 20:40:50.291 [main] INFO  com.alibaba.nacos.client.config.impl.CacheData - [fixed-127.0.0.1_8848] [add-listener] ok, tenant=, dataId=xiaohongshu-auth-dev.yaml, group=DEFAULT_GROUP, cnt=1
2026-08-30 20:40:50.291 [main] INFO  c.a.cloud.nacos.refresh.NacosContextRefresher - [Nacos Config] Listening config: dataId=xiaohongshu-auth-dev.yaml, group=DEFAULT_GROUP
2026-08-30 20:40:50.292 [main] INFO  com.alibaba.nacos.client.config.impl.ClientWorker - [fixed-127.0.0.1_8848] [subscribe] xiaohongshu-auth+DEFAULT_GROUP
2026-08-30 20:40:50.292 [main] INFO  com.alibaba.nacos.client.config.impl.CacheData - [fixed-127.0.0.1_8848] [add-listener] ok, tenant=, dataId=xiaohongshu-auth, group=DEFAULT_GROUP, cnt=1
2026-08-30 20:40:50.292 [main] INFO  c.a.cloud.nacos.refresh.NacosContextRefresher - [Nacos Config] Listening config: dataId=xiaohongshu-auth, group=DEFAULT_GROUP
2026-08-30 20:41:21.046 [http-nio-8080-exec-1] INFO  o.a.c.core.ContainerBase.[Tomcat].[localhost].[/] - Initializing Spring DispatcherServlet 'dispatcherServlet'
2026-08-30 20:41:21.047 [http-nio-8080-exec-1] INFO  org.springframework.web.servlet.DispatcherServlet - Initializing Servlet 'dispatcherServlet'
2026-08-30 20:41:21.049 [http-nio-8080-exec-1] INFO  org.springframework.web.servlet.DispatcherServlet - Completed initialization in 2 ms
2026-08-30 20:41:21.116 [http-nio-8080-exec-1] INFO  c.g.xiaohongshu.auth.alarm.impl.SmsAlarmHelper - ==> 【短信告警】：系统出错啦，犬小哈这个月绩效没了，速度上线解决问题！
2026-08-30 20:42:06.508 [nacos-grpc-client-executor-127.0.0.1-47] INFO  com.alibaba.nacos.common.remote.client - [8c02bef2-3c2f-4530-8c6e-2a856a532b6a_config-0] Receive server push request, request = ConfigChangeNotifyRequest, requestId = 1
2026-08-30 20:42:06.508 [nacos-grpc-client-executor-127.0.0.1-47] INFO  com.alibaba.nacos.client.config.impl.ClientWorker - [8c02bef2-3c2f-4530-8c6e-2a856a532b6a_config-0] [server-push] config changed. dataId=xiaohongshu-auth-dev.yaml, group=DEFAULT_GROUP,tenant=null
2026-08-30 20:42:06.508 [nacos-grpc-client-executor-127.0.0.1-47] INFO  com.alibaba.nacos.common.remote.client - [8c02bef2-3c2f-4530-8c6e-2a856a532b6a_config-0] Ack server push request, request = ConfigChangeNotifyRequest, requestId = 1
2026-08-30 20:42:06.541 [com.alibaba.nacos.client.Worker] INFO  com.alibaba.nacos.client.config.impl.ClientWorker - [fixed-127.0.0.1_8848] [data-received] dataId=xiaohongshu-auth-dev.yaml, group=DEFAULT_GROUP, tenant=, md5=548b919bd97b1c45d081678a20fb2350, content=alarm:
  type: mail # 告警类型
, type=yaml
2026-08-30 20:42:06.543 [com.alibaba.nacos.client.Worker] INFO  com.alibaba.nacos.client.config.impl.CacheData - [fixed-127.0.0.1_8848] [notify-listener] time cost=0ms in ClientWorker, dataId=xiaohongshu-auth-dev.yaml, group=DEFAULT_GROUP, md5=548b919bd97b1c45d081678a20fb2350, listener=com.alibaba.cloud.nacos.refresh.NacosContextRefresher$1@2fc15b27 
2026-08-30 20:42:06.544 [nacos.client.cachedata.internal.notifier] INFO  com.alibaba.nacos.client.config.impl.CacheData - [fixed-127.0.0.1_8848] [notify-context] dataId=xiaohongshu-auth-dev.yaml, group=DEFAULT_GROUP, md5=548b919bd97b1c45d081678a20fb2350
2026-08-30 20:42:07.024 [nacos.client.cachedata.internal.notifier] WARN  com.alibaba.nacos.client.logging.NacosLogging - Load Logback Configuration of Nacos fail, message: Could not initialize Logback Nacos logging from classpath:nacos-logback.xml
2026-08-30 20:42:07.029 [nacos.client.cachedata.internal.notifier] WARN  com.alibaba.nacos.client.logging.NacosLogging - Load Logback Configuration of Nacos fail, message: Could not initialize Logback Nacos logging from classpath:nacos-logback.xml
2026-08-30 20:42:07.054 [nacos.client.cachedata.internal.notifier] WARN  com.alibaba.nacos.client.logging.NacosLogging - Load Logback Configuration of Nacos fail, message: Could not initialize Logback Nacos logging from classpath:nacos-logback.xml
2026-08-30 20:42:07.087 [nacos.client.cachedata.internal.notifier] WARN  c.a.cloud.nacos.client.NacosPropertySourceBuilder - Ignore the empty nacos configuration and get it based on dataId[xiaohongshu-auth.yaml] & group[DEFAULT_GROUP]
2026-08-30 20:42:07.104 [nacos.client.cachedata.internal.notifier] INFO  o.s.c.b.c.PropertySourceBootstrapConfiguration - Located property source: [BootstrapPropertySource {name='bootstrapProperties-xiaohongshu-auth-dev.yaml,DEFAULT_GROUP'}, BootstrapPropertySource {name='bootstrapProperties-xiaohongshu-auth.yaml,DEFAULT_GROUP'}, BootstrapPropertySource {name='bootstrapProperties-xiaohongshu-auth,DEFAULT_GROUP'}]
2026-08-30 20:42:07.106 [nacos.client.cachedata.internal.notifier] WARN  com.alibaba.nacos.client.logging.NacosLogging - Load Logback Configuration of Nacos fail, message: Could not initialize Logback Nacos logging from classpath:nacos-logback.xml
2026-08-30 20:42:07.107 [nacos.client.cachedata.internal.notifier] INFO  org.springframework.boot.SpringApplication - The following 1 profile is active: "dev"
2026-08-30 20:42:07.111 [nacos.client.cachedata.internal.notifier] INFO  org.springframework.boot.SpringApplication - Started application in 0.562 seconds (process running for 85.462)
2026-08-30 20:42:07.157 [nacos.client.cachedata.internal.notifier] INFO  com.alibaba.druid.pool.DruidDataSource - {dataSource-1} closing ...
2026-08-30 20:42:07.166 [nacos.client.cachedata.internal.notifier] INFO  com.alibaba.druid.pool.DruidDataSource - {dataSource-1} closed
2026-08-30 20:42:07.195 [nacos.client.cachedata.internal.notifier] INFO  o.s.cloud.endpoint.event.RefreshEventListener - Refresh keys changed: [alarm.type]
2026-08-30 20:42:07.196 [nacos.client.cachedata.internal.notifier] INFO  com.alibaba.nacos.client.config.impl.CacheData - [fixed-127.0.0.1_8848] [notify-ok] dataId=xiaohongshu-auth-dev.yaml, group=DEFAULT_GROUP, md5=548b919bd97b1c45d081678a20fb2350, listener=com.alibaba.cloud.nacos.refresh.NacosContextRefresher$1@2fc15b27 ,cost=653 millis.
2026-08-30 20:42:18.689 [http-nio-8080-exec-3] INFO  c.g.xiaohongshu.auth.alarm.impl.MailAlarmHelper - ==> 【邮件告警】：系统出错啦，犬小哈这个月绩效没了，速度上线解决问题！
2026-08-30 20:43:22.832 [http-nio-8080-exec-7] INFO  c.g.f.b.operationlog.aspect.ApiOperationLogAspect - ====== 请求开始: [用户登录/注册], 入参: {"phone":"19903236282","code":"","password":null,"type":1}, 请求类: UserController, 请求方法: loginAndRegister =================================== 
2026-08-30 20:43:22.838 [http-nio-8080-exec-7] WARN  c.g.x.auth.exception.GlobalExceptionHandler - /user/login request error, errorCode: AUTH-10001, errorMessage: 验证码不能为空
2026-08-30 20:43:35.507 [http-nio-8080-exec-8] INFO  c.g.f.b.operationlog.aspect.ApiOperationLogAspect - ====== 请求开始: [用户登录/注册], 入参: {"phone":"19903236282","code":"23453","password":null,"type":1}, 请求类: UserController, 请求方法: loginAndRegister =================================== 
2026-08-30 20:43:35.515 [http-nio-8080-exec-8] WARN  c.g.x.auth.exception.GlobalExceptionHandler - /user/login request fail, errorCode: AUTH-20001, errorMessage: 验证码错误
2026-08-30 20:44:01.737 [http-nio-8080-exec-9] INFO  c.g.f.b.operationlog.aspect.ApiOperationLogAspect - ====== 请求开始: [发送短信验证码], 入参: {"phone":"19903236282"}, 请求类: VerificationCodeController, 请求方法: send =================================== 
2026-08-30 20:44:01.748 [http-nio-8080-exec-9] INFO  c.g.x.a.service.impl.VerificationCodeServiceImpl - ==> 手机号: 19903236282, 已生成验证码：【881482】
2026-08-30 20:44:01.749 [AuthExecutor-1] INFO  c.guoshisan.xiaohongshu.auth.sms.AliyunSmsHelper - ==> 开始短信发送, phone: 19903236282, signName: 速通互联验证码, templateCode: 100001, templateParam: {"code":"881482","min":"3"}
2026-08-30 20:44:01.753 [http-nio-8080-exec-9] INFO  c.g.f.b.operationlog.aspect.ApiOperationLogAspect - ====== 请求结束: [发送短信验证码], 耗时: 15ms, 出参: {"success":true,"message":null,"errorCode":null,"data":null} =================================== 
2026-08-30 20:44:02.814 [AuthExecutor-1] INFO  c.guoshisan.xiaohongshu.auth.sms.AliyunSmsHelper - ==> 短信发送成功, response: {"headers":{"access-control-allow-origin":"*","date":"Sun, 30 Aug 2026 12:45:29 GMT","content-length":"135","keep-alive":"timeout=25","x-acs-request-id":"01A052B4-1742-544A-80DA-3EFC4881CF09","connection":"keep-alive","content-type":"application/json;charset=utf-8","etag":"1urau0IS/PHZNL7Lb5Hd2Vw5","access-control-expose-headers":"*","x-acs-trace-id":"b97ff0d54ed1873a2b769946be91dfc9"},"statusCode":200,"body":{"accessDeniedDetail":null,"code":"OK","message":"OK","model":{"bizId":"557724188093929453^0","outId":null,"requestId":"e9e307dc-9864-49a0-b3d4-61d2363c6656","verifyCode":null},"requestId":null,"success":true}}
2026-08-30 20:44:27.171 [http-nio-8080-exec-10] INFO  c.g.f.b.operationlog.aspect.ApiOperationLogAspect - ====== 请求开始: [用户登录/注册], 入参: {"phone":"19903236282","code":"881482","password":null,"type":1}, 请求类: UserController, 请求方法: loginAndRegister =================================== 
2026-08-30 20:44:27.175 [http-nio-8080-exec-10] ERROR c.g.x.auth.exception.GlobalExceptionHandler - /user/login request error, 
org.mybatis.spring.MyBatisSystemException: null
	at org.mybatis.spring.MyBatisExceptionTranslator.translateExceptionIfPossible(MyBatisExceptionTranslator.java:97)
	at org.mybatis.spring.SqlSessionTemplate$SqlSessionInterceptor.invoke(SqlSessionTemplate.java:439)
	at jdk.proxy2/jdk.proxy2.$Proxy88.selectOne(Unknown Source)
	at org.mybatis.spring.SqlSessionTemplate.selectOne(SqlSessionTemplate.java:160)
	at org.apache.ibatis.binding.MapperMethod.execute(MapperMethod.java:87)
	at org.apache.ibatis.binding.MapperProxy$PlainMethodInvoker.invoke(MapperProxy.java:145)
	at org.apache.ibatis.binding.MapperProxy.invoke(MapperProxy.java:86)
	at jdk.proxy2/jdk.proxy2.$Proxy89.selectByPhone(Unknown Source)
	at com.guoshisan.xiaohongshu.auth.service.impl.UserServiceImpl.loginAndRegister(UserServiceImpl.java:93)
	at com.guoshisan.xiaohongshu.auth.controller.UserController.loginAndRegister(UserController.java:32)
	at java.base/jdk.internal.reflect.NativeMethodAccessorImpl.invoke0(Native Method)
	at java.base/jdk.internal.reflect.NativeMethodAccessorImpl.invoke(NativeMethodAccessorImpl.java:77)
	at java.base/jdk.internal.reflect.DelegatingMethodAccessorImpl.invoke(DelegatingMethodAccessorImpl.java:43)
	at java.base/java.lang.reflect.Method.invoke(Method.java:568)
	at org.springframework.aop.support.AopUtils.invokeJoinpointUsingReflection(AopUtils.java:343)
	at org.springframework.aop.framework.ReflectiveMethodInvocation.invokeJoinpoint(ReflectiveMethodInvocation.java:196)
	at org.springframework.aop.framework.ReflectiveMethodInvocation.proceed(ReflectiveMethodInvocation.java:163)
	at org.springframework.aop.framework.CglibAopProxy$CglibMethodInvocation.proceed(CglibAopProxy.java:752)
	at org.springframework.aop.aspectj.MethodInvocationProceedingJoinPoint.proceed(MethodInvocationProceedingJoinPoint.java:89)
	at com.guoshisan.framework.biz.operationlog.aspect.ApiOperationLogAspect.doAround(ApiOperationLogAspect.java:52)
	at java.base/jdk.internal.reflect.NativeMethodAccessorImpl.invoke0(Native Method)
	at java.base/jdk.internal.reflect.NativeMethodAccessorImpl.invoke(NativeMethodAccessorImpl.java:77)
	at java.base/jdk.internal.reflect.DelegatingMethodAccessorImpl.invoke(DelegatingMethodAccessorImpl.java:43)
	at java.base/java.lang.reflect.Method.invoke(Method.java:568)
	at org.springframework.aop.aspectj.AbstractAspectJAdvice.invokeAdviceMethodWithGivenArgs(AbstractAspectJAdvice.java:633)
	at org.springframework.aop.aspectj.AbstractAspectJAdvice.invokeAdviceMethod(AbstractAspectJAdvice.java:623)
	at org.springframework.aop.aspectj.AspectJAroundAdvice.invoke(AspectJAroundAdvice.java:71)
	at org.springframework.aop.framework.ReflectiveMethodInvocation.proceed(ReflectiveMethodInvocation.java:173)
	at org.springframework.aop.framework.CglibAopProxy$CglibMethodInvocation.proceed(CglibAopProxy.java:752)
	at org.springframework.aop.interceptor.ExposeInvocationInterceptor.invoke(ExposeInvocationInterceptor.java:97)
	at org.springframework.aop.framework.ReflectiveMethodInvocation.proceed(ReflectiveMethodInvocation.java:184)
	at org.springframework.aop.framework.CglibAopProxy$CglibMethodInvocation.proceed(CglibAopProxy.java:752)
	at org.springframework.aop.framework.CglibAopProxy$DynamicAdvisedInterceptor.intercept(CglibAopProxy.java:703)
	at com.guoshisan.xiaohongshu.auth.controller.UserController$$SpringCGLIB$$0.loginAndRegister(<generated>)
	at java.base/jdk.internal.reflect.NativeMethodAccessorImpl.invoke0(Native Method)
	at java.base/jdk.internal.reflect.NativeMethodAccessorImpl.invoke(NativeMethodAccessorImpl.java:77)
	at java.base/jdk.internal.reflect.DelegatingMethodAccessorImpl.invoke(DelegatingMethodAccessorImpl.java:43)
	at java.base/java.lang.reflect.Method.invoke(Method.java:568)
	at org.springframework.web.method.support.InvocableHandlerMethod.doInvoke(InvocableHandlerMethod.java:207)
	at org.springframework.web.method.support.InvocableHandlerMethod.invokeForRequest(InvocableHandlerMethod.java:152)
	at org.springframework.web.servlet.mvc.method.annotation.ServletInvocableHandlerMethod.invokeAndHandle(ServletInvocableHandlerMethod.java:117)
	at org.springframework.web.servlet.mvc.method.annotation.RequestMappingHandlerAdapter.invokeHandlerMethod(RequestMappingHandlerAdapter.java:884)
	at org.springframework.web.servlet.mvc.method.annotation.RequestMappingHandlerAdapter.handleInternal(RequestMappingHandlerAdapter.java:797)
	at org.springframework.web.servlet.mvc.method.AbstractHandlerMethodAdapter.handle(AbstractHandlerMethodAdapter.java:87)
	at org.springframework.web.servlet.DispatcherServlet.doDispatch(DispatcherServlet.java:1080)
	at org.springframework.web.servlet.DispatcherServlet.doService(DispatcherServlet.java:973)
	at org.springframework.web.servlet.FrameworkServlet.processRequest(FrameworkServlet.java:1011)
	at org.springframework.web.servlet.FrameworkServlet.doPost(FrameworkServlet.java:914)
	at jakarta.servlet.http.HttpServlet.service(HttpServlet.java:731)
	at org.springframework.web.servlet.FrameworkServlet.service(FrameworkServlet.java:885)
	at jakarta.servlet.http.HttpServlet.service(HttpServlet.java:814)
	at org.apache.catalina.core.ApplicationFilterChain.internalDoFilter(ApplicationFilterChain.java:223)
	at org.apache.catalina.core.ApplicationFilterChain.doFilter(ApplicationFilterChain.java:158)
	at org.apache.tomcat.websocket.server.WsFilter.doFilter(WsFilter.java:53)
	at org.apache.catalina.core.ApplicationFilterChain.internalDoFilter(ApplicationFilterChain.java:185)
	at org.apache.catalina.core.ApplicationFilterChain.doFilter(ApplicationFilterChain.java:158)
	at com.alibaba.druid.support.jakarta.WebStatFilter.doFilter(WebStatFilter.java:113)
	at org.apache.catalina.core.ApplicationFilterChain.internalDoFilter(ApplicationFilterChain.java:185)
	at org.apache.catalina.core.ApplicationFilterChain.doFilter(ApplicationFilterChain.java:158)
	at org.springframework.web.filter.RequestContextFilter.doFilterInternal(RequestContextFilter.java:100)
	at org.springframework.web.filter.OncePerRequestFilter.doFilter(OncePerRequestFilter.java:116)
	at org.apache.catalina.core.ApplicationFilterChain.internalDoFilter(ApplicationFilterChain.java:185)
	at org.apache.catalina.core.ApplicationFilterChain.doFilter(ApplicationFilterChain.java:158)
	at cn.dev33.satoken.filter.SaPathCheckFilterForJakartaServlet.doFilter(SaPathCheckFilterForJakartaServlet.java:55)
	at org.apache.catalina.core.ApplicationFilterChain.internalDoFilter(ApplicationFilterChain.java:185)
	at org.apache.catalina.core.ApplicationFilterChain.doFilter(ApplicationFilterChain.java:158)
	at org.springframework.web.filter.FormContentFilter.doFilterInternal(FormContentFilter.java:93)
	at org.springframework.web.filter.OncePerRequestFilter.doFilter(OncePerRequestFilter.java:116)
	at org.apache.catalina.core.ApplicationFilterChain.internalDoFilter(ApplicationFilterChain.java:185)
	at org.apache.catalina.core.ApplicationFilterChain.doFilter(ApplicationFilterChain.java:158)
	at org.springframework.web.filter.CharacterEncodingFilter.doFilterInternal(CharacterEncodingFilter.java:201)
	at org.springframework.web.filter.OncePerRequestFilter.doFilter(OncePerRequestFilter.java:116)
	at org.apache.catalina.core.ApplicationFilterChain.internalDoFilter(ApplicationFilterChain.java:185)
	at org.apache.catalina.core.ApplicationFilterChain.doFilter(ApplicationFilterChain.java:158)
	at org.apache.catalina.core.StandardWrapperValve.invoke(StandardWrapperValve.java:177)
	at org.apache.catalina.core.StandardContextValve.invoke(StandardContextValve.java:97)
	at org.apache.catalina.authenticator.AuthenticatorBase.invoke(AuthenticatorBase.java:542)
	at org.apache.catalina.core.StandardHostValve.invoke(StandardHostValve.java:119)
	at org.apache.catalina.valves.ErrorReportValve.invoke(ErrorReportValve.java:92)
	at org.apache.catalina.core.StandardEngineValve.invoke(StandardEngineValve.java:78)
	at org.apache.catalina.connector.CoyoteAdapter.service(CoyoteAdapter.java:357)
	at org.apache.coyote.http11.Http11Processor.service(Http11Processor.java:400)
	at org.apache.coyote.AbstractProcessorLight.process(AbstractProcessorLight.java:65)
	at org.apache.coyote.AbstractProtocol$ConnectionHandler.process(AbstractProtocol.java:859)
	at org.apache.tomcat.util.net.NioEndpoint$SocketProcessor.doRun(NioEndpoint.java:1734)
	at org.apache.tomcat.util.net.SocketProcessorBase.run(SocketProcessorBase.java:52)
	at org.apache.tomcat.util.threads.ThreadPoolExecutor.runWorker(ThreadPoolExecutor.java:1191)
	at org.apache.tomcat.util.threads.ThreadPoolExecutor$Worker.run(ThreadPoolExecutor.java:659)
	at org.apache.tomcat.util.threads.TaskThread$WrappingRunnable.run(TaskThread.java:61)
	at java.base/java.lang.Thread.run(Thread.java:842)
Caused by: org.apache.ibatis.exceptions.PersistenceException: 
### Error querying database.  Cause: org.springframework.jdbc.CannotGetJdbcConnectionException: Failed to obtain JDBC Connection
### The error may exist in file [E:\GitHub\xiaohongshu\xiaohongshu-auth\target\classes\mapper\UserDTOMapper.xml]
### The error may involve com.guoshisan.xiaohongshu.auth.mapper.UserDTOMapper.selectByPhone
### The error occurred while executing a query
### Cause: org.springframework.jdbc.CannotGetJdbcConnectionException: Failed to obtain JDBC Connection
	at org.apache.ibatis.exceptions.ExceptionFactory.wrapException(ExceptionFactory.java:30)
	at org.apache.ibatis.session.defaults.DefaultSqlSession.selectList(DefaultSqlSession.java:153)
	at org.apache.ibatis.session.defaults.DefaultSqlSession.selectList(DefaultSqlSession.java:145)
	at org.apache.ibatis.session.defaults.DefaultSqlSession.selectList(DefaultSqlSession.java:140)
	at org.apache.ibatis.session.defaults.DefaultSqlSession.selectOne(DefaultSqlSession.java:76)
	at java.base/jdk.internal.reflect.NativeMethodAccessorImpl.invoke0(Native Method)
	at java.base/jdk.internal.reflect.NativeMethodAccessorImpl.invoke(NativeMethodAccessorImpl.java:77)
	at java.base/jdk.internal.reflect.DelegatingMethodAccessorImpl.invoke(DelegatingMethodAccessorImpl.java:43)
	at java.base/java.lang.reflect.Method.invoke(Method.java:568)
	at org.mybatis.spring.SqlSessionTemplate$SqlSessionInterceptor.invoke(SqlSessionTemplate.java:425)
	... 88 common frames omitted
Caused by: org.springframework.jdbc.CannotGetJdbcConnectionException: Failed to obtain JDBC Connection
	at org.springframework.jdbc.datasource.DataSourceUtils.getConnection(DataSourceUtils.java:83)
	at org.mybatis.spring.transaction.SpringManagedTransaction.openConnection(SpringManagedTransaction.java:80)
	at org.mybatis.spring.transaction.SpringManagedTransaction.getConnection(SpringManagedTransaction.java:67)
	at org.apache.ibatis.executor.BaseExecutor.getConnection(BaseExecutor.java:337)
	at org.apache.ibatis.executor.SimpleExecutor.prepareStatement(SimpleExecutor.java:86)
	at org.apache.ibatis.executor.SimpleExecutor.doQuery(SimpleExecutor.java:62)
	at org.apache.ibatis.executor.BaseExecutor.queryFromDatabase(BaseExecutor.java:325)
	at org.apache.ibatis.executor.BaseExecutor.query(BaseExecutor.java:156)
	at org.apache.ibatis.executor.CachingExecutor.query(CachingExecutor.java:109)
	at org.apache.ibatis.executor.CachingExecutor.query(CachingExecutor.java:89)
	at org.apache.ibatis.session.defaults.DefaultSqlSession.selectList(DefaultSqlSession.java:151)
	... 96 common frames omitted
Caused by: com.alibaba.druid.pool.DataSourceClosedException: dataSource already closed at Sun Aug 30 20:42:07 CST 2026
	at com.alibaba.druid.pool.DruidDataSource.getConnectionInternal(DruidDataSource.java:1676)
	at com.alibaba.druid.pool.DruidDataSource.getConnectionDirect(DruidDataSource.java:1504)
	at com.alibaba.druid.filter.FilterChainImpl.dataSource_connect(FilterChainImpl.java:5074)
	at com.alibaba.druid.filter.FilterAdapter.dataSource_getConnection(FilterAdapter.java:2759)
	at com.alibaba.druid.filter.FilterChainImpl.dataSource_connect(FilterChainImpl.java:5070)
	at com.alibaba.druid.filter.stat.StatFilter.dataSource_getConnection(StatFilter.java:724)
	at com.alibaba.druid.filter.FilterChainImpl.dataSource_connect(FilterChainImpl.java:5070)
	at com.alibaba.druid.pool.DruidDataSource.getConnection(DruidDataSource.java:1479)
	at com.alibaba.druid.pool.DruidDataSource.getConnection(DruidDataSource.java:1469)
	at com.alibaba.druid.pool.DruidDataSource.getConnection(DruidDataSource.java:83)
	at org.springframework.jdbc.datasource.DataSourceUtils.fetchConnection(DataSourceUtils.java:159)
	at org.springframework.jdbc.datasource.DataSourceUtils.doGetConnection(DataSourceUtils.java:117)
	at org.springframework.jdbc.datasource.DataSourceUtils.getConnection(DataSourceUtils.java:80)
	... 106 common frames omitted
2026-08-30 20:46:42.213 [Thread-2] WARN  c.alibaba.nacos.common.http.HttpClientBeanHolder - [HttpClientBeanHolder] Start destroying common HttpClient
2026-08-30 20:46:42.213 [Thread-9] WARN  com.alibaba.nacos.common.notify.NotifyCenter - [NotifyCenter] Start destroying Publisher
2026-08-30 20:46:42.214 [Thread-9] WARN  com.alibaba.nacos.common.notify.NotifyCenter - [NotifyCenter] Destruction of the end
2026-08-30 20:46:42.215 [Thread-2] WARN  c.alibaba.nacos.common.http.HttpClientBeanHolder - [HttpClientBeanHolder] Destruction of the end
2026-08-30 20:46:42.402 [SpringApplicationShutdownHook] INFO  com.alibaba.druid.pool.DruidDataSource - {dataSource-1} closing ...
2026-08-30 20:46:49.995 [main] WARN  com.alibaba.nacos.client.logging.NacosLogging - Load Logback Configuration of Nacos fail, message: Could not initialize Logback Nacos logging from classpath:nacos-logback.xml
2026-08-30 20:46:50.046 [main] WARN  com.alibaba.nacos.client.logging.NacosLogging - Load Logback Configuration of Nacos fail, message: Could not initialize Logback Nacos logging from classpath:nacos-logback.xml
2026-08-30 20:46:50.210 [main] INFO  com.alibaba.cloud.nacos.NacosConfigProperties - set nacos config namespace 'public' to ''
2026-08-30 20:46:50.213 [main] WARN  com.alibaba.nacos.client.logging.NacosLogging - Load Logback Configuration of Nacos fail, message: Could not initialize Logback Nacos logging from classpath:nacos-logback.xml
2026-08-30 20:46:50.215 [main] INFO  com.alibaba.nacos.client.utils.ParamUtil - [settings] [req-serv] nacos-server port:8848
2026-08-30 20:46:50.215 [main] INFO  com.alibaba.nacos.client.utils.ParamUtil - [settings] [http-client] connect timeout:1000
2026-08-30 20:46:50.216 [main] INFO  com.alibaba.nacos.client.utils.ParamUtil - PER_TASK_CONFIG_SIZE: 3000.0
2026-08-30 20:46:50.238 [main] INFO  c.a.n.p.auth.spi.client.ClientAuthPluginManager - [ClientAuthPluginManager] Load ClientAuthService com.alibaba.nacos.client.auth.impl.NacosClientAuthServiceImpl success.
2026-08-30 20:46:50.238 [main] INFO  c.a.n.p.auth.spi.client.ClientAuthPluginManager - [ClientAuthPluginManager] Load ClientAuthService com.alibaba.nacos.client.auth.ram.RamClientAuthServiceImpl success.
2026-08-30 20:46:50.240 [main] INFO  c.a.n.client.auth.ram.identify.CredentialWatcher - null No credential found
2026-08-30 20:46:50.771 [main] WARN  com.alibaba.nacos.client.logging.NacosLogging - Load Logback Configuration of Nacos fail, message: Could not initialize Logback Nacos logging from classpath:nacos-logback.xml
2026-08-30 20:46:50.783 [main] INFO  c.a.n.client.config.impl.LocalConfigInfoProcessor - LOCAL_SNAPSHOT_PATH:C:\Users\Administrator\nacos\config
2026-08-30 20:46:50.786 [main] INFO  com.alibaba.nacos.common.remote.client - [RpcClientFactory] create a new rpc client of 7ec6e274-8522-4556-bc79-a0cb485ff840_config-0
2026-08-30 20:46:50.803 [main] INFO  com.alibaba.nacos.common.remote.client - [7ec6e274-8522-4556-bc79-a0cb485ff840_config-0] Register server push request handler:com.alibaba.nacos.client.config.impl.ClientWorker$ConfigRpcTransportClient$$Lambda$584/0x000002b70b38fa00
2026-08-30 20:46:50.804 [main] INFO  com.alibaba.nacos.common.remote.client - [7ec6e274-8522-4556-bc79-a0cb485ff840_config-0] Register server push request handler:com.alibaba.nacos.client.config.impl.ClientWorker$ConfigRpcTransportClient$$Lambda$585/0x000002b70b390000
2026-08-30 20:46:50.804 [main] INFO  com.alibaba.nacos.common.remote.client - [7ec6e274-8522-4556-bc79-a0cb485ff840_config-0] Registry connection listener to current client:com.alibaba.nacos.client.config.impl.ClientWorker$ConfigRpcTransportClient$1
2026-08-30 20:46:50.804 [main] INFO  com.alibaba.nacos.common.remote.client - [7ec6e274-8522-4556-bc79-a0cb485ff840_config-0] RpcClient init, ServerListFactory = com.alibaba.nacos.client.config.impl.ClientWorker$ConfigRpcTransportClient$2
2026-08-30 20:46:50.811 [main] INFO  com.alibaba.nacos.common.remote.client - [7ec6e274-8522-4556-bc79-a0cb485ff840_config-0] Try to connect to server on start up, server: {serverIp = '127.0.0.1', server main port = 8848}
2026-08-30 20:46:50.857 [main] INFO  c.a.nacos.common.remote.client.grpc.GrpcClient - grpc client connection server:127.0.0.1 ip,serverPort:9848,grpcTslConfig:{"sslProvider":"OPENSSL","enableTls":false,"mutualAuthEnable":false,"trustAll":false}
2026-08-30 20:46:52.077 [main] INFO  com.alibaba.nacos.common.remote.client - [7ec6e274-8522-4556-bc79-a0cb485ff840_config-0] Success to connect to server [127.0.0.1:8848] on start up, connectionId = 1788094011880_172.17.0.1_57368
2026-08-30 20:46:52.077 [com.alibaba.nacos.client.remote.worker] INFO  com.alibaba.nacos.common.remote.client - [7ec6e274-8522-4556-bc79-a0cb485ff840_config-0] Notify connected event to listeners.
2026-08-30 20:46:52.077 [com.alibaba.nacos.client.remote.worker] INFO  com.alibaba.nacos.client.config.impl.ClientWorker - [7ec6e274-8522-4556-bc79-a0cb485ff840_config-0] Connected,notify listen context...
2026-08-30 20:46:52.077 [main] INFO  com.alibaba.nacos.common.remote.client - [7ec6e274-8522-4556-bc79-a0cb485ff840_config-0] Register server push request handler:com.alibaba.nacos.common.remote.client.RpcClient$ConnectResetRequestHandler
2026-08-30 20:46:52.077 [main] INFO  com.alibaba.nacos.common.remote.client - [7ec6e274-8522-4556-bc79-a0cb485ff840_config-0] Register server push request handler:com.alibaba.nacos.common.remote.client.RpcClient$$Lambda$605/0x000002b70b4d8228
2026-08-30 20:46:52.115 [main] INFO  com.alibaba.nacos.client.config.impl.Limiter - limitTime:5.0
2026-08-30 20:46:52.138 [main] INFO  com.alibaba.nacos.client.config.utils.JvmUtil - isMultiInstance:false
2026-08-30 20:46:52.153 [main] WARN  c.a.cloud.nacos.client.NacosPropertySourceBuilder - Ignore the empty nacos configuration and get it based on dataId[xiaohongshu-auth.yaml] & group[DEFAULT_GROUP]
2026-08-30 20:46:52.171 [main] INFO  o.s.c.b.c.PropertySourceBootstrapConfiguration - Located property source: [BootstrapPropertySource {name='bootstrapProperties-xiaohongshu-auth-dev.yaml,DEFAULT_GROUP'}, BootstrapPropertySource {name='bootstrapProperties-xiaohongshu-auth.yaml,DEFAULT_GROUP'}, BootstrapPropertySource {name='bootstrapProperties-xiaohongshu-auth,DEFAULT_GROUP'}]
2026-08-30 20:46:52.194 [main] WARN  com.alibaba.nacos.client.logging.NacosLogging - Load Logback Configuration of Nacos fail, message: Could not initialize Logback Nacos logging from classpath:nacos-logback.xml
2026-08-30 20:46:52.195 [main] INFO  c.g.xiaohongshu.auth.XiaohongshuAuthApplication - The following 1 profile is active: "dev"
2026-08-30 20:46:52.846 [main] INFO  o.s.d.r.config.RepositoryConfigurationDelegate - Multiple Spring Data modules found, entering strict repository configuration mode
2026-08-30 20:46:52.849 [main] INFO  o.s.d.r.config.RepositoryConfigurationDelegate - Bootstrapping Spring Data Redis repositories in DEFAULT mode.
2026-08-30 20:46:52.869 [main] INFO  o.s.d.r.config.RepositoryConfigurationDelegate - Finished Spring Data repository scanning in 8 ms. Found 0 Redis repository interfaces.
2026-08-30 20:46:53.001 [main] INFO  o.springframework.cloud.context.scope.GenericScope - BeanFactory id=e70d0da6-a6b9-3e89-8467-9ec23b5828f1
2026-08-30 20:46:53.565 [main] INFO  o.s.boot.web.embedded.tomcat.TomcatWebServer - Tomcat initialized with port(s): 8080 (http)
2026-08-30 20:46:53.573 [main] INFO  org.apache.catalina.core.StandardService - Starting service [Tomcat]
2026-08-30 20:46:53.573 [main] INFO  org.apache.catalina.core.StandardEngine - Starting Servlet engine: [Apache Tomcat/10.1.5]
2026-08-30 20:46:53.637 [main] INFO  o.a.c.core.ContainerBase.[Tomcat].[localhost].[/] - Initializing Spring embedded WebApplicationContext
2026-08-30 20:46:53.637 [main] INFO  o.s.b.w.s.c.ServletWebServerApplicationContext - Root WebApplicationContext: initialization completed in 1429 ms
2026-08-30 20:46:53.735 [main] INFO  c.a.d.s.b.a.DruidDataSourceAutoConfigure - Init DruidDataSource
2026-08-30 20:46:54.056 [main] INFO  com.alibaba.druid.pool.DruidDataSource - {dataSource-1} inited
2026-08-30 20:46:55.483 [main] INFO  o.s.boot.web.embedded.tomcat.TomcatWebServer - Tomcat started on port(s): 8080 (http) with context path ''
2026-08-30 20:46:55.836 [main] INFO  c.g.xiaohongshu.auth.XiaohongshuAuthApplication - Started XiaohongshuAuthApplication in 6.745 seconds (process running for 7.37)
2026-08-30 20:46:55.836 [main] INFO  c.g.x.auth.runner.PushRolePermissions2RedisRunner - ==> 服务启动，开始同步角色权限数据到 Redis 中...
2026-08-30 20:46:56.291 [main] WARN  c.g.x.auth.runner.PushRolePermissions2RedisRunner - ==> 角色权限数据已经同步至 Redis 中，不再同步...
2026-08-30 20:46:56.294 [main] INFO  com.alibaba.nacos.client.config.impl.CacheData - nacos.cache.data.init.snapshot = true 
2026-08-30 20:46:56.294 [main] INFO  com.alibaba.nacos.client.config.impl.ClientWorker - [fixed-127.0.0.1_8848] [subscribe] xiaohongshu-auth.yaml+DEFAULT_GROUP
2026-08-30 20:46:56.301 [main] INFO  com.alibaba.nacos.client.config.impl.CacheData - [fixed-127.0.0.1_8848] [add-listener] ok, tenant=, dataId=xiaohongshu-auth.yaml, group=DEFAULT_GROUP, cnt=1
2026-08-30 20:46:56.301 [main] INFO  c.a.cloud.nacos.refresh.NacosContextRefresher - [Nacos Config] Listening config: dataId=xiaohongshu-auth.yaml, group=DEFAULT_GROUP
2026-08-30 20:46:56.302 [main] INFO  com.alibaba.nacos.client.config.impl.ClientWorker - [fixed-127.0.0.1_8848] [subscribe] xiaohongshu-auth-dev.yaml+DEFAULT_GROUP
2026-08-30 20:46:56.302 [main] INFO  com.alibaba.nacos.client.config.impl.CacheData - [fixed-127.0.0.1_8848] [add-listener] ok, tenant=, dataId=xiaohongshu-auth-dev.yaml, group=DEFAULT_GROUP, cnt=1
2026-08-30 20:46:56.302 [main] INFO  c.a.cloud.nacos.refresh.NacosContextRefresher - [Nacos Config] Listening config: dataId=xiaohongshu-auth-dev.yaml, group=DEFAULT_GROUP
2026-08-30 20:46:56.303 [main] INFO  com.alibaba.nacos.client.config.impl.ClientWorker - [fixed-127.0.0.1_8848] [subscribe] xiaohongshu-auth+DEFAULT_GROUP
2026-08-30 20:46:56.303 [main] INFO  com.alibaba.nacos.client.config.impl.CacheData - [fixed-127.0.0.1_8848] [add-listener] ok, tenant=, dataId=xiaohongshu-auth, group=DEFAULT_GROUP, cnt=1
2026-08-30 20:46:56.303 [main] INFO  c.a.cloud.nacos.refresh.NacosContextRefresher - [Nacos Config] Listening config: dataId=xiaohongshu-auth, group=DEFAULT_GROUP
2026-08-30 20:47:02.606 [http-nio-8080-exec-2] INFO  o.a.c.core.ContainerBase.[Tomcat].[localhost].[/] - Initializing Spring DispatcherServlet 'dispatcherServlet'
2026-08-30 20:47:02.606 [http-nio-8080-exec-2] INFO  org.springframework.web.servlet.DispatcherServlet - Initializing Servlet 'dispatcherServlet'
2026-08-30 20:47:02.607 [http-nio-8080-exec-2] INFO  org.springframework.web.servlet.DispatcherServlet - Completed initialization in 1 ms
2026-08-30 20:47:02.758 [http-nio-8080-exec-2] INFO  c.g.f.b.operationlog.aspect.ApiOperationLogAspect - ====== 请求开始: [用户登录/注册], 入参: {"phone":"19903236282","code":"881482","password":null,"type":1}, 请求类: UserController, 请求方法: loginAndRegister =================================== 
2026-08-30 20:47:02.768 [http-nio-8080-exec-2] WARN  c.g.x.auth.exception.GlobalExceptionHandler - /user/login request fail, errorCode: AUTH-20001, errorMessage: 验证码错误
2026-08-30 20:47:18.424 [http-nio-8080-exec-3] INFO  c.g.f.b.operationlog.aspect.ApiOperationLogAspect - ====== 请求开始: [发送短信验证码], 入参: {"phone":"15033632536"}, 请求类: VerificationCodeController, 请求方法: send =================================== 
2026-08-30 20:47:18.435 [http-nio-8080-exec-3] INFO  c.g.x.a.service.impl.VerificationCodeServiceImpl - ==> 手机号: 15033632536, 已生成验证码：【924305】
2026-08-30 20:47:18.436 [AuthExecutor-1] INFO  c.guoshisan.xiaohongshu.auth.sms.AliyunSmsHelper - ==> 开始短信发送, phone: 15033632536, signName: 速通互联验证码, templateCode: 100001, templateParam: {"code":"924305","min":"3"}
2026-08-30 20:47:18.440 [http-nio-8080-exec-3] INFO  c.g.f.b.operationlog.aspect.ApiOperationLogAspect - ====== 请求结束: [发送短信验证码], 耗时: 17ms, 出参: {"success":true,"message":null,"errorCode":null,"data":null} =================================== 
2026-08-30 20:47:19.326 [AuthExecutor-1] INFO  c.guoshisan.xiaohongshu.auth.sms.AliyunSmsHelper - ==> 短信发送成功, response: {"headers":{"access-control-allow-origin":"*","date":"Sun, 30 Aug 2026 12:48:46 GMT","content-length":"135","keep-alive":"timeout=25","x-acs-request-id":"01A052B7-171B-5F5D-A02B-3D845D233172","connection":"keep-alive","content-type":"application/json;charset=utf-8","etag":"1meGgtKCv1GBSQSoaz8MCUg5","access-control-expose-headers":"*","x-acs-trace-id":"be7a8742dcfe2da911dffe37e6891c7c"},"statusCode":200,"body":{"accessDeniedDetail":null,"code":"OK","message":"OK","model":{"bizId":"648323788094125969^0","outId":null,"requestId":"d0e717c4-fa11-4db5-92e9-acf453afe567","verifyCode":null},"requestId":null,"success":true}}
2026-08-30 20:47:32.325 [http-nio-8080-exec-4] INFO  c.g.f.b.operationlog.aspect.ApiOperationLogAspect - ====== 请求开始: [用户登录/注册], 入参: {"phone":"15033632536","code":"924305","password":null,"type":1}, 请求类: UserController, 请求方法: loginAndRegister =================================== 
2026-08-30 20:47:32.671 [http-nio-8080-exec-4] INFO  c.g.xiaohongshu.auth.service.impl.UserServiceImpl - ==> 用户是否注册, phone: 15033632536, userDO: {"id":1,"xiaohongshuId":null,"password":null,"nickname":null,"avatar":null,"birthday":null,"backgroundImg":null,"phone":null,"sex":null,"status":null,"introduction":null,"createTime":null,"updateTime":null,"isDeleted":null}
2026-08-30 20:47:32.756 [http-nio-8080-exec-4] INFO  c.g.f.b.operationlog.aspect.ApiOperationLogAspect - ====== 请求结束: [用户登录/注册], 耗时: 431ms, 出参: {"success":true,"message":null,"errorCode":null,"data":"81b545e6-ce4f-4303-83b2-a70eb200c50b"} =================================== 
2026-08-30 20:54:05.605 [Thread-9] WARN  com.alibaba.nacos.common.notify.NotifyCenter - [NotifyCenter] Start destroying Publisher
2026-08-30 20:54:05.605 [Thread-2] WARN  c.alibaba.nacos.common.http.HttpClientBeanHolder - [HttpClientBeanHolder] Start destroying common HttpClient
2026-08-30 20:54:05.606 [Thread-9] WARN  com.alibaba.nacos.common.notify.NotifyCenter - [NotifyCenter] Destruction of the end
2026-08-30 20:54:05.607 [Thread-2] WARN  c.alibaba.nacos.common.http.HttpClientBeanHolder - [HttpClientBeanHolder] Destruction of the end
2026-08-30 20:54:05.811 [SpringApplicationShutdownHook] INFO  com.alibaba.druid.pool.DruidDataSource - {dataSource-1} closing ...
2026-08-30 20:54:05.827 [SpringApplicationShutdownHook] INFO  com.alibaba.druid.pool.DruidDataSource - {dataSource-1} closed
2026-08-30 20:54:10.616 [main] WARN  com.alibaba.nacos.client.logging.NacosLogging - Load Logback Configuration of Nacos fail, message: Could not initialize Logback Nacos logging from classpath:nacos-logback.xml
2026-08-30 20:54:10.720 [main] WARN  com.alibaba.nacos.client.logging.NacosLogging - Load Logback Configuration of Nacos fail, message: Could not initialize Logback Nacos logging from classpath:nacos-logback.xml
2026-08-30 20:54:11.064 [main] WARN  com.alibaba.nacos.client.logging.NacosLogging - Load Logback Configuration of Nacos fail, message: Could not initialize Logback Nacos logging from classpath:nacos-logback.xml
2026-08-30 20:54:11.066 [main] INFO  com.alibaba.nacos.client.utils.ParamUtil - [settings] [req-serv] nacos-server port:8848
2026-08-30 20:54:11.067 [main] INFO  com.alibaba.nacos.client.utils.ParamUtil - [settings] [http-client] connect timeout:1000
2026-08-30 20:54:11.067 [main] INFO  com.alibaba.nacos.client.utils.ParamUtil - PER_TASK_CONFIG_SIZE: 3000.0
2026-08-30 20:54:11.111 [main] INFO  c.a.n.p.auth.spi.client.ClientAuthPluginManager - [ClientAuthPluginManager] Load ClientAuthService com.alibaba.nacos.client.auth.impl.NacosClientAuthServiceImpl success.
2026-08-30 20:54:11.112 [main] INFO  c.a.n.p.auth.spi.client.ClientAuthPluginManager - [ClientAuthPluginManager] Load ClientAuthService com.alibaba.nacos.client.auth.ram.RamClientAuthServiceImpl success.
2026-08-30 20:54:11.115 [main] INFO  c.a.n.client.auth.ram.identify.CredentialWatcher - null No credential found
2026-08-30 20:54:12.142 [main] WARN  com.alibaba.nacos.client.logging.NacosLogging - Load Logback Configuration of Nacos fail, message: Could not initialize Logback Nacos logging from classpath:nacos-logback.xml
2026-08-30 20:54:12.167 [main] INFO  c.a.n.client.config.impl.LocalConfigInfoProcessor - LOCAL_SNAPSHOT_PATH:C:\Users\Administrator\nacos\config
2026-08-30 20:54:12.175 [main] INFO  com.alibaba.nacos.common.remote.client - [RpcClientFactory] create a new rpc client of 2ab85adc-f6c5-4be5-93b1-75e0033c185f_config-0
2026-08-30 20:54:12.201 [main] INFO  com.alibaba.nacos.common.remote.client - [2ab85adc-f6c5-4be5-93b1-75e0033c185f_config-0] Register server push request handler:com.alibaba.nacos.client.config.impl.ClientWorker$ConfigRpcTransportClient$$Lambda$584/0x000001bf4c3701f8
2026-08-30 20:54:12.201 [main] INFO  com.alibaba.nacos.common.remote.client - [2ab85adc-f6c5-4be5-93b1-75e0033c185f_config-0] Register server push request handler:com.alibaba.nacos.client.config.impl.ClientWorker$ConfigRpcTransportClient$$Lambda$585/0x000001bf4c370618
2026-08-30 20:54:12.202 [main] INFO  com.alibaba.nacos.common.remote.client - [2ab85adc-f6c5-4be5-93b1-75e0033c185f_config-0] Registry connection listener to current client:com.alibaba.nacos.client.config.impl.ClientWorker$ConfigRpcTransportClient$1
2026-08-30 20:54:12.203 [main] INFO  com.alibaba.nacos.common.remote.client - [2ab85adc-f6c5-4be5-93b1-75e0033c185f_config-0] RpcClient init, ServerListFactory = com.alibaba.nacos.client.config.impl.ClientWorker$ConfigRpcTransportClient$2
2026-08-30 20:54:12.215 [main] INFO  com.alibaba.nacos.common.remote.client - [2ab85adc-f6c5-4be5-93b1-75e0033c185f_config-0] Try to connect to server on start up, server: {serverIp = '127.0.0.1', server main port = 8848}
2026-08-30 20:54:12.299 [main] INFO  c.a.nacos.common.remote.client.grpc.GrpcClient - grpc client connection server:127.0.0.1 ip,serverPort:9848,grpcTslConfig:{"sslProvider":"OPENSSL","enableTls":false,"mutualAuthEnable":false,"trustAll":false}
2026-08-30 20:54:14.252 [main] INFO  com.alibaba.nacos.common.remote.client - [2ab85adc-f6c5-4be5-93b1-75e0033c185f_config-0] Success to connect to server [127.0.0.1:8848] on start up, connectionId = 1788094453966_172.17.0.1_41330
2026-08-30 20:54:14.254 [com.alibaba.nacos.client.remote.worker] INFO  com.alibaba.nacos.common.remote.client - [2ab85adc-f6c5-4be5-93b1-75e0033c185f_config-0] Notify connected event to listeners.
2026-08-30 20:54:14.255 [main] INFO  com.alibaba.nacos.common.remote.client - [2ab85adc-f6c5-4be5-93b1-75e0033c185f_config-0] Register server push request handler:com.alibaba.nacos.common.remote.client.RpcClient$ConnectResetRequestHandler
2026-08-30 20:54:14.255 [com.alibaba.nacos.client.remote.worker] INFO  com.alibaba.nacos.client.config.impl.ClientWorker - [2ab85adc-f6c5-4be5-93b1-75e0033c185f_config-0] Connected,notify listen context...
2026-08-30 20:54:14.256 [main] INFO  com.alibaba.nacos.common.remote.client - [2ab85adc-f6c5-4be5-93b1-75e0033c185f_config-0] Register server push request handler:com.alibaba.nacos.common.remote.client.RpcClient$$Lambda$605/0x000001bf4c4d8228
2026-08-30 20:54:14.341 [main] INFO  com.alibaba.nacos.client.config.impl.Limiter - limitTime:5.0
2026-08-30 20:54:14.395 [main] INFO  com.alibaba.nacos.client.config.utils.JvmUtil - isMultiInstance:false
2026-08-30 20:54:14.436 [main] WARN  c.a.cloud.nacos.client.NacosPropertySourceBuilder - Ignore the empty nacos configuration and get it based on dataId[xiaohongshu-auth.yaml] & group[DEFAULT_GROUP]
2026-08-30 20:54:14.479 [main] INFO  o.s.c.b.c.PropertySourceBootstrapConfiguration - Located property source: [BootstrapPropertySource {name='bootstrapProperties-xiaohongshu-auth-dev.yaml,DEFAULT_GROUP'}, BootstrapPropertySource {name='bootstrapProperties-xiaohongshu-auth.yaml,DEFAULT_GROUP'}, BootstrapPropertySource {name='bootstrapProperties-xiaohongshu-auth,DEFAULT_GROUP'}]
2026-08-30 20:54:14.526 [main] WARN  com.alibaba.nacos.client.logging.NacosLogging - Load Logback Configuration of Nacos fail, message: Could not initialize Logback Nacos logging from classpath:nacos-logback.xml
2026-08-30 20:54:14.528 [main] INFO  c.g.xiaohongshu.auth.XiaohongshuAuthApplication - The following 1 profile is active: "dev"
2026-08-30 20:54:15.729 [main] INFO  o.s.d.r.config.RepositoryConfigurationDelegate - Multiple Spring Data modules found, entering strict repository configuration mode
2026-08-30 20:54:15.737 [main] INFO  o.s.d.r.config.RepositoryConfigurationDelegate - Bootstrapping Spring Data Redis repositories in DEFAULT mode.
2026-08-30 20:54:15.783 [main] INFO  o.s.d.r.config.RepositoryConfigurationDelegate - Finished Spring Data repository scanning in 19 ms. Found 0 Redis repository interfaces.
2026-08-30 20:54:16.071 [main] INFO  o.springframework.cloud.context.scope.GenericScope - BeanFactory id=e70d0da6-a6b9-3e89-8467-9ec23b5828f1
2026-08-30 20:54:17.148 [main] INFO  o.s.boot.web.embedded.tomcat.TomcatWebServer - Tomcat initialized with port(s): 8080 (http)
2026-08-30 20:54:17.170 [main] INFO  org.apache.catalina.core.StandardService - Starting service [Tomcat]
2026-08-30 20:54:17.170 [main] INFO  org.apache.catalina.core.StandardEngine - Starting Servlet engine: [Apache Tomcat/10.1.5]
2026-08-30 20:54:17.333 [main] INFO  o.a.c.core.ContainerBase.[Tomcat].[localhost].[/] - Initializing Spring embedded WebApplicationContext
2026-08-30 20:54:17.335 [main] INFO  o.s.b.w.s.c.ServletWebServerApplicationContext - Root WebApplicationContext: initialization completed in 2777 ms
2026-08-30 20:54:17.592 [main] INFO  c.a.d.s.b.a.DruidDataSourceAutoConfigure - Init DruidDataSource
2026-08-30 20:54:18.542 [main] INFO  com.alibaba.druid.pool.DruidDataSource - {dataSource-1} inited
2026-08-30 20:54:21.836 [main] INFO  o.s.boot.web.embedded.tomcat.TomcatWebServer - Tomcat started on port(s): 8080 (http) with context path ''
2026-08-30 20:54:22.531 [main] INFO  c.g.xiaohongshu.auth.XiaohongshuAuthApplication - Started XiaohongshuAuthApplication in 13.57 seconds (process running for 14.676)
2026-08-30 20:54:22.535 [main] INFO  c.g.x.auth.runner.PushRolePermissions2RedisRunner - ==> 服务启动，开始同步角色权限数据到 Redis 中...
2026-08-30 20:54:23.360 [main] WARN  c.g.x.auth.runner.PushRolePermissions2RedisRunner - ==> 角色权限数据已经同步至 Redis 中，不再同步...
2026-08-30 20:54:23.366 [main] INFO  com.alibaba.nacos.client.config.impl.CacheData - nacos.cache.data.init.snapshot = true 
2026-08-30 20:54:23.367 [main] INFO  com.alibaba.nacos.client.config.impl.ClientWorker - [fixed-xiaohongshu-127.0.0.1_8848] [subscribe] xiaohongshu-auth.yaml+DEFAULT_GROUP+xiaohongshu
2026-08-30 20:54:23.378 [main] INFO  com.alibaba.nacos.client.config.impl.CacheData - [fixed-xiaohongshu-127.0.0.1_8848] [add-listener] ok, tenant=xiaohongshu, dataId=xiaohongshu-auth.yaml, group=DEFAULT_GROUP, cnt=1
2026-08-30 20:54:23.379 [main] INFO  c.a.cloud.nacos.refresh.NacosContextRefresher - [Nacos Config] Listening config: dataId=xiaohongshu-auth.yaml, group=DEFAULT_GROUP
2026-08-30 20:54:23.380 [main] INFO  com.alibaba.nacos.client.config.impl.ClientWorker - [fixed-xiaohongshu-127.0.0.1_8848] [subscribe] xiaohongshu-auth-dev.yaml+DEFAULT_GROUP+xiaohongshu
2026-08-30 20:54:23.380 [main] INFO  com.alibaba.nacos.client.config.impl.CacheData - [fixed-xiaohongshu-127.0.0.1_8848] [add-listener] ok, tenant=xiaohongshu, dataId=xiaohongshu-auth-dev.yaml, group=DEFAULT_GROUP, cnt=1
2026-08-30 20:54:23.380 [main] INFO  c.a.cloud.nacos.refresh.NacosContextRefresher - [Nacos Config] Listening config: dataId=xiaohongshu-auth-dev.yaml, group=DEFAULT_GROUP
2026-08-30 20:54:23.382 [main] INFO  com.alibaba.nacos.client.config.impl.ClientWorker - [fixed-xiaohongshu-127.0.0.1_8848] [subscribe] xiaohongshu-auth+DEFAULT_GROUP+xiaohongshu
2026-08-30 20:54:23.383 [main] INFO  com.alibaba.nacos.client.config.impl.CacheData - [fixed-xiaohongshu-127.0.0.1_8848] [add-listener] ok, tenant=xiaohongshu, dataId=xiaohongshu-auth, group=DEFAULT_GROUP, cnt=1
2026-08-30 20:54:23.383 [main] INFO  c.a.cloud.nacos.refresh.NacosContextRefresher - [Nacos Config] Listening config: dataId=xiaohongshu-auth, group=DEFAULT_GROUP
2026-08-30 20:57:19.914 [Thread-2] WARN  c.alibaba.nacos.common.http.HttpClientBeanHolder - [HttpClientBeanHolder] Start destroying common HttpClient
2026-08-30 20:57:19.914 [Thread-9] WARN  com.alibaba.nacos.common.notify.NotifyCenter - [NotifyCenter] Start destroying Publisher
2026-08-30 20:57:19.914 [Thread-9] WARN  com.alibaba.nacos.common.notify.NotifyCenter - [NotifyCenter] Destruction of the end
2026-08-30 20:57:19.915 [Thread-2] WARN  c.alibaba.nacos.common.http.HttpClientBeanHolder - [HttpClientBeanHolder] Destruction of the end
2026-08-30 20:57:20.084 [SpringApplicationShutdownHook] INFO  com.alibaba.druid.pool.DruidDataSource - {dataSource-1} closing ...
2026-08-30 20:57:20.090 [SpringApplicationShutdownHook] INFO  com.alibaba.druid.pool.DruidDataSource - {dataSource-1} closed
2026-08-30 20:57:27.941 [main] WARN  com.alibaba.nacos.client.logging.NacosLogging - Load Logback Configuration of Nacos fail, message: Could not initialize Logback Nacos logging from classpath:nacos-logback.xml
2026-08-30 20:57:27.996 [main] WARN  com.alibaba.nacos.client.logging.NacosLogging - Load Logback Configuration of Nacos fail, message: Could not initialize Logback Nacos logging from classpath:nacos-logback.xml
2026-08-30 20:57:28.181 [main] WARN  com.alibaba.nacos.client.logging.NacosLogging - Load Logback Configuration of Nacos fail, message: Could not initialize Logback Nacos logging from classpath:nacos-logback.xml
2026-08-30 20:57:28.182 [main] INFO  com.alibaba.nacos.client.utils.ParamUtil - [settings] [req-serv] nacos-server port:8848
2026-08-30 20:57:28.182 [main] INFO  com.alibaba.nacos.client.utils.ParamUtil - [settings] [http-client] connect timeout:1000
2026-08-30 20:57:28.183 [main] INFO  com.alibaba.nacos.client.utils.ParamUtil - PER_TASK_CONFIG_SIZE: 3000.0
2026-08-30 20:57:28.205 [main] INFO  c.a.n.p.auth.spi.client.ClientAuthPluginManager - [ClientAuthPluginManager] Load ClientAuthService com.alibaba.nacos.client.auth.impl.NacosClientAuthServiceImpl success.
2026-08-30 20:57:28.206 [main] INFO  c.a.n.p.auth.spi.client.ClientAuthPluginManager - [ClientAuthPluginManager] Load ClientAuthService com.alibaba.nacos.client.auth.ram.RamClientAuthServiceImpl success.
2026-08-30 20:57:28.208 [main] INFO  c.a.n.client.auth.ram.identify.CredentialWatcher - null No credential found
2026-08-30 20:57:28.737 [main] WARN  com.alibaba.nacos.client.logging.NacosLogging - Load Logback Configuration of Nacos fail, message: Could not initialize Logback Nacos logging from classpath:nacos-logback.xml
2026-08-30 20:57:28.747 [main] INFO  c.a.n.client.config.impl.LocalConfigInfoProcessor - LOCAL_SNAPSHOT_PATH:C:\Users\Administrator\nacos\config
2026-08-30 20:57:28.750 [main] INFO  com.alibaba.nacos.common.remote.client - [RpcClientFactory] create a new rpc client of dd87354b-4b53-4bb3-89d1-e170ec9c7b91_config-0
2026-08-30 20:57:28.763 [main] INFO  com.alibaba.nacos.common.remote.client - [dd87354b-4b53-4bb3-89d1-e170ec9c7b91_config-0] Register server push request handler:com.alibaba.nacos.client.config.impl.ClientWorker$ConfigRpcTransportClient$$Lambda$585/0x000001b981390a90
2026-08-30 20:57:28.764 [main] INFO  com.alibaba.nacos.common.remote.client - [dd87354b-4b53-4bb3-89d1-e170ec9c7b91_config-0] Register server push request handler:com.alibaba.nacos.client.config.impl.ClientWorker$ConfigRpcTransportClient$$Lambda$586/0x000001b981390eb0
2026-08-30 20:57:28.764 [main] INFO  com.alibaba.nacos.common.remote.client - [dd87354b-4b53-4bb3-89d1-e170ec9c7b91_config-0] Registry connection listener to current client:com.alibaba.nacos.client.config.impl.ClientWorker$ConfigRpcTransportClient$1
2026-08-30 20:57:28.765 [main] INFO  com.alibaba.nacos.common.remote.client - [dd87354b-4b53-4bb3-89d1-e170ec9c7b91_config-0] RpcClient init, ServerListFactory = com.alibaba.nacos.client.config.impl.ClientWorker$ConfigRpcTransportClient$2
2026-08-30 20:57:28.770 [main] INFO  com.alibaba.nacos.common.remote.client - [dd87354b-4b53-4bb3-89d1-e170ec9c7b91_config-0] Try to connect to server on start up, server: {serverIp = '127.0.0.1', server main port = 8848}
2026-08-30 20:57:28.812 [main] INFO  c.a.nacos.common.remote.client.grpc.GrpcClient - grpc client connection server:127.0.0.1 ip,serverPort:9848,grpcTslConfig:{"sslProvider":"OPENSSL","enableTls":false,"mutualAuthEnable":false,"trustAll":false}
2026-08-30 20:57:29.887 [main] INFO  com.alibaba.nacos.common.remote.client - [dd87354b-4b53-4bb3-89d1-e170ec9c7b91_config-0] Success to connect to server [127.0.0.1:8848] on start up, connectionId = 1788094649687_172.17.0.1_60272
2026-08-30 20:57:29.887 [com.alibaba.nacos.client.remote.worker] INFO  com.alibaba.nacos.common.remote.client - [dd87354b-4b53-4bb3-89d1-e170ec9c7b91_config-0] Notify connected event to listeners.
2026-08-30 20:57:29.887 [com.alibaba.nacos.client.remote.worker] INFO  com.alibaba.nacos.client.config.impl.ClientWorker - [dd87354b-4b53-4bb3-89d1-e170ec9c7b91_config-0] Connected,notify listen context...
2026-08-30 20:57:29.887 [main] INFO  com.alibaba.nacos.common.remote.client - [dd87354b-4b53-4bb3-89d1-e170ec9c7b91_config-0] Register server push request handler:com.alibaba.nacos.common.remote.client.RpcClient$ConnectResetRequestHandler
2026-08-30 20:57:29.887 [main] INFO  com.alibaba.nacos.common.remote.client - [dd87354b-4b53-4bb3-89d1-e170ec9c7b91_config-0] Register server push request handler:com.alibaba.nacos.common.remote.client.RpcClient$$Lambda$606/0x000001b9814d8d88
2026-08-30 20:57:29.928 [main] INFO  com.alibaba.nacos.client.config.impl.Limiter - limitTime:5.0
2026-08-30 20:57:29.955 [main] INFO  com.alibaba.nacos.client.config.utils.JvmUtil - isMultiInstance:false
2026-08-30 20:57:29.968 [main] WARN  c.a.cloud.nacos.client.NacosPropertySourceBuilder - Ignore the empty nacos configuration and get it based on dataId[xiaohongshu-auth.yaml] & group[DEFAULT_GROUP]
2026-08-30 20:57:29.990 [main] INFO  o.s.c.b.c.PropertySourceBootstrapConfiguration - Located property source: [BootstrapPropertySource {name='bootstrapProperties-xiaohongshu-auth-dev.yaml,DEFAULT_GROUP'}, BootstrapPropertySource {name='bootstrapProperties-xiaohongshu-auth.yaml,DEFAULT_GROUP'}, BootstrapPropertySource {name='bootstrapProperties-xiaohongshu-auth,DEFAULT_GROUP'}]
2026-08-30 20:57:30.013 [main] WARN  com.alibaba.nacos.client.logging.NacosLogging - Load Logback Configuration of Nacos fail, message: Could not initialize Logback Nacos logging from classpath:nacos-logback.xml
2026-08-30 20:57:30.014 [main] INFO  c.g.xiaohongshu.auth.XiaohongshuAuthApplication - The following 1 profile is active: "dev"
2026-08-30 20:57:30.632 [main] INFO  o.s.d.r.config.RepositoryConfigurationDelegate - Multiple Spring Data modules found, entering strict repository configuration mode
2026-08-30 20:57:30.635 [main] INFO  o.s.d.r.config.RepositoryConfigurationDelegate - Bootstrapping Spring Data Redis repositories in DEFAULT mode.
2026-08-30 20:57:30.664 [main] INFO  o.s.d.r.config.RepositoryConfigurationDelegate - Finished Spring Data repository scanning in 11 ms. Found 0 Redis repository interfaces.
2026-08-30 20:57:30.793 [main] INFO  o.springframework.cloud.context.scope.GenericScope - BeanFactory id=e70d0da6-a6b9-3e89-8467-9ec23b5828f1
2026-08-30 20:57:31.261 [main] INFO  o.s.boot.web.embedded.tomcat.TomcatWebServer - Tomcat initialized with port(s): 8080 (http)
2026-08-30 20:57:31.269 [main] INFO  org.apache.catalina.core.StandardService - Starting service [Tomcat]
2026-08-30 20:57:31.270 [main] INFO  org.apache.catalina.core.StandardEngine - Starting Servlet engine: [Apache Tomcat/10.1.5]
2026-08-30 20:57:31.349 [main] INFO  o.a.c.core.ContainerBase.[Tomcat].[localhost].[/] - Initializing Spring embedded WebApplicationContext
2026-08-30 20:57:31.349 [main] INFO  o.s.b.w.s.c.ServletWebServerApplicationContext - Root WebApplicationContext: initialization completed in 1316 ms
2026-08-30 20:57:31.448 [main] INFO  c.a.d.s.b.a.DruidDataSourceAutoConfigure - Init DruidDataSource
2026-08-30 20:57:31.780 [main] INFO  com.alibaba.druid.pool.DruidDataSource - {dataSource-1} inited
2026-08-30 20:57:33.050 [main] INFO  o.s.boot.web.embedded.tomcat.TomcatWebServer - Tomcat started on port(s): 8080 (http) with context path ''
2026-08-30 20:57:33.399 [main] INFO  c.g.xiaohongshu.auth.XiaohongshuAuthApplication - Started XiaohongshuAuthApplication in 7.336 seconds (process running for 7.959)
2026-08-30 20:57:33.400 [main] INFO  c.g.x.auth.runner.PushRolePermissions2RedisRunner - ==> 服务启动，开始同步角色权限数据到 Redis 中...
2026-08-30 20:57:33.820 [main] WARN  c.g.x.auth.runner.PushRolePermissions2RedisRunner - ==> 角色权限数据已经同步至 Redis 中，不再同步...
2026-08-30 20:57:33.822 [main] INFO  com.alibaba.nacos.client.config.impl.CacheData - nacos.cache.data.init.snapshot = true 
2026-08-30 20:57:33.822 [main] INFO  com.alibaba.nacos.client.config.impl.ClientWorker - [fixed-xiaohongshu-127.0.0.1_8848] [subscribe] xiaohongshu-auth.yaml+DEFAULT_GROUP+xiaohongshu
2026-08-30 20:57:33.829 [main] INFO  com.alibaba.nacos.client.config.impl.CacheData - [fixed-xiaohongshu-127.0.0.1_8848] [add-listener] ok, tenant=xiaohongshu, dataId=xiaohongshu-auth.yaml, group=DEFAULT_GROUP, cnt=1
2026-08-30 20:57:33.829 [main] INFO  c.a.cloud.nacos.refresh.NacosContextRefresher - [Nacos Config] Listening config: dataId=xiaohongshu-auth.yaml, group=DEFAULT_GROUP
2026-08-30 20:57:33.830 [main] INFO  com.alibaba.nacos.client.config.impl.ClientWorker - [fixed-xiaohongshu-127.0.0.1_8848] [subscribe] xiaohongshu-auth-dev.yaml+DEFAULT_GROUP+xiaohongshu
2026-08-30 20:57:33.830 [main] INFO  com.alibaba.nacos.client.config.impl.CacheData - [fixed-xiaohongshu-127.0.0.1_8848] [add-listener] ok, tenant=xiaohongshu, dataId=xiaohongshu-auth-dev.yaml, group=DEFAULT_GROUP, cnt=1
2026-08-30 20:57:33.830 [main] INFO  c.a.cloud.nacos.refresh.NacosContextRefresher - [Nacos Config] Listening config: dataId=xiaohongshu-auth-dev.yaml, group=DEFAULT_GROUP
2026-08-30 20:57:33.830 [main] INFO  com.alibaba.nacos.client.config.impl.ClientWorker - [fixed-xiaohongshu-127.0.0.1_8848] [subscribe] xiaohongshu-auth+DEFAULT_GROUP+xiaohongshu
2026-08-30 20:57:33.830 [main] INFO  com.alibaba.nacos.client.config.impl.CacheData - [fixed-xiaohongshu-127.0.0.1_8848] [add-listener] ok, tenant=xiaohongshu, dataId=xiaohongshu-auth, group=DEFAULT_GROUP, cnt=1
2026-08-30 20:57:33.830 [main] INFO  c.a.cloud.nacos.refresh.NacosContextRefresher - [Nacos Config] Listening config: dataId=xiaohongshu-auth, group=DEFAULT_GROUP
2026-08-30 21:28:07.074 [Thread-2] WARN  c.alibaba.nacos.common.http.HttpClientBeanHolder - [HttpClientBeanHolder] Start destroying common HttpClient
2026-08-30 21:28:07.075 [Thread-9] WARN  com.alibaba.nacos.common.notify.NotifyCenter - [NotifyCenter] Start destroying Publisher
2026-08-30 21:28:07.075 [Thread-2] WARN  c.alibaba.nacos.common.http.HttpClientBeanHolder - [HttpClientBeanHolder] Destruction of the end
2026-08-30 21:28:07.076 [Thread-9] WARN  com.alibaba.nacos.common.notify.NotifyCenter - [NotifyCenter] Destruction of the end
2026-08-30 21:28:07.243 [SpringApplicationShutdownHook] INFO  com.alibaba.druid.pool.DruidDataSource - {dataSource-1} closing ...
2026-08-30 21:28:07.243 [SpringApplicationShutdownHook] INFO  com.alibaba.druid.pool.DruidDataSource - {dataSource-1} closed
2026-08-30 21:28:13.263 [main] WARN  com.alibaba.nacos.client.logging.NacosLogging - Load Logback Configuration of Nacos fail, message: Could not initialize Logback Nacos logging from classpath:nacos-logback.xml
2026-08-30 21:28:13.314 [main] WARN  com.alibaba.nacos.client.logging.NacosLogging - Load Logback Configuration of Nacos fail, message: Could not initialize Logback Nacos logging from classpath:nacos-logback.xml
2026-08-30 21:28:13.484 [main] WARN  com.alibaba.nacos.client.logging.NacosLogging - Load Logback Configuration of Nacos fail, message: Could not initialize Logback Nacos logging from classpath:nacos-logback.xml
2026-08-30 21:28:13.486 [main] INFO  com.alibaba.nacos.client.utils.ParamUtil - [settings] [req-serv] nacos-server port:8848
2026-08-30 21:28:13.486 [main] INFO  com.alibaba.nacos.client.utils.ParamUtil - [settings] [http-client] connect timeout:1000
2026-08-30 21:28:13.487 [main] INFO  com.alibaba.nacos.client.utils.ParamUtil - PER_TASK_CONFIG_SIZE: 3000.0
2026-08-30 21:28:13.511 [main] INFO  c.a.n.p.auth.spi.client.ClientAuthPluginManager - [ClientAuthPluginManager] Load ClientAuthService com.alibaba.nacos.client.auth.impl.NacosClientAuthServiceImpl success.
2026-08-30 21:28:13.511 [main] INFO  c.a.n.p.auth.spi.client.ClientAuthPluginManager - [ClientAuthPluginManager] Load ClientAuthService com.alibaba.nacos.client.auth.ram.RamClientAuthServiceImpl success.
2026-08-30 21:28:13.513 [main] INFO  c.a.n.client.auth.ram.identify.CredentialWatcher - null No credential found
2026-08-30 21:28:14.055 [main] WARN  com.alibaba.nacos.client.logging.NacosLogging - Load Logback Configuration of Nacos fail, message: Could not initialize Logback Nacos logging from classpath:nacos-logback.xml
2026-08-30 21:28:14.068 [main] INFO  c.a.n.client.config.impl.LocalConfigInfoProcessor - LOCAL_SNAPSHOT_PATH:C:\Users\Administrator\nacos\config
2026-08-30 21:28:14.071 [main] INFO  com.alibaba.nacos.common.remote.client - [RpcClientFactory] create a new rpc client of 25548064-bf3e-4957-80d9-8ce6ba5eeb2e_config-0
2026-08-30 21:28:14.086 [main] INFO  com.alibaba.nacos.common.remote.client - [25548064-bf3e-4957-80d9-8ce6ba5eeb2e_config-0] Register server push request handler:com.alibaba.nacos.client.config.impl.ClientWorker$ConfigRpcTransportClient$$Lambda$584/0x0000028dcc390460
2026-08-30 21:28:14.087 [main] INFO  com.alibaba.nacos.common.remote.client - [25548064-bf3e-4957-80d9-8ce6ba5eeb2e_config-0] Register server push request handler:com.alibaba.nacos.client.config.impl.ClientWorker$ConfigRpcTransportClient$$Lambda$585/0x0000028dcc390880
2026-08-30 21:28:14.087 [main] INFO  com.alibaba.nacos.common.remote.client - [25548064-bf3e-4957-80d9-8ce6ba5eeb2e_config-0] Registry connection listener to current client:com.alibaba.nacos.client.config.impl.ClientWorker$ConfigRpcTransportClient$1
2026-08-30 21:28:14.087 [main] INFO  com.alibaba.nacos.common.remote.client - [25548064-bf3e-4957-80d9-8ce6ba5eeb2e_config-0] RpcClient init, ServerListFactory = com.alibaba.nacos.client.config.impl.ClientWorker$ConfigRpcTransportClient$2
2026-08-30 21:28:14.093 [main] INFO  com.alibaba.nacos.common.remote.client - [25548064-bf3e-4957-80d9-8ce6ba5eeb2e_config-0] Try to connect to server on start up, server: {serverIp = '127.0.0.1', server main port = 8848}
2026-08-30 21:28:14.130 [main] INFO  c.a.nacos.common.remote.client.grpc.GrpcClient - grpc client connection server:127.0.0.1 ip,serverPort:9848,grpcTslConfig:{"sslProvider":"OPENSSL","enableTls":false,"mutualAuthEnable":false,"trustAll":false}
2026-08-30 21:28:15.475 [main] INFO  com.alibaba.nacos.common.remote.client - [25548064-bf3e-4957-80d9-8ce6ba5eeb2e_config-0] Success to connect to server [127.0.0.1:8848] on start up, connectionId = 1788096495233_172.17.0.1_56418
2026-08-30 21:28:15.475 [com.alibaba.nacos.client.remote.worker] INFO  com.alibaba.nacos.common.remote.client - [25548064-bf3e-4957-80d9-8ce6ba5eeb2e_config-0] Notify connected event to listeners.
2026-08-30 21:28:15.475 [com.alibaba.nacos.client.remote.worker] INFO  com.alibaba.nacos.client.config.impl.ClientWorker - [25548064-bf3e-4957-80d9-8ce6ba5eeb2e_config-0] Connected,notify listen context...
2026-08-30 21:28:15.475 [main] INFO  com.alibaba.nacos.common.remote.client - [25548064-bf3e-4957-80d9-8ce6ba5eeb2e_config-0] Register server push request handler:com.alibaba.nacos.common.remote.client.RpcClient$ConnectResetRequestHandler
2026-08-30 21:28:15.475 [main] INFO  com.alibaba.nacos.common.remote.client - [25548064-bf3e-4957-80d9-8ce6ba5eeb2e_config-0] Register server push request handler:com.alibaba.nacos.common.remote.client.RpcClient$$Lambda$605/0x0000028dcc4d8fe8
2026-08-30 21:28:15.534 [main] INFO  com.alibaba.nacos.client.config.impl.Limiter - limitTime:5.0
2026-08-30 21:28:15.561 [main] INFO  com.alibaba.nacos.client.config.utils.JvmUtil - isMultiInstance:false
2026-08-30 21:28:15.576 [main] WARN  c.a.cloud.nacos.client.NacosPropertySourceBuilder - Ignore the empty nacos configuration and get it based on dataId[xiaohongshu-auth.yaml] & group[DEFAULT_GROUP]
2026-08-30 21:28:15.596 [main] INFO  o.s.c.b.c.PropertySourceBootstrapConfiguration - Located property source: [BootstrapPropertySource {name='bootstrapProperties-xiaohongshu-auth-dev.yaml,DEFAULT_GROUP'}, BootstrapPropertySource {name='bootstrapProperties-xiaohongshu-auth.yaml,DEFAULT_GROUP'}, BootstrapPropertySource {name='bootstrapProperties-xiaohongshu-auth,DEFAULT_GROUP'}]
2026-08-30 21:28:15.623 [main] WARN  com.alibaba.nacos.client.logging.NacosLogging - Load Logback Configuration of Nacos fail, message: Could not initialize Logback Nacos logging from classpath:nacos-logback.xml
2026-08-30 21:28:15.623 [main] INFO  c.g.xiaohongshu.auth.XiaohongshuAuthApplication - The following 1 profile is active: "dev"
2026-08-30 21:28:16.212 [main] INFO  o.s.d.r.config.RepositoryConfigurationDelegate - Multiple Spring Data modules found, entering strict repository configuration mode
2026-08-30 21:28:16.216 [main] INFO  o.s.d.r.config.RepositoryConfigurationDelegate - Bootstrapping Spring Data Redis repositories in DEFAULT mode.
2026-08-30 21:28:16.236 [main] INFO  o.s.d.r.config.RepositoryConfigurationDelegate - Finished Spring Data repository scanning in 8 ms. Found 0 Redis repository interfaces.
2026-08-30 21:28:16.351 [main] INFO  o.springframework.cloud.context.scope.GenericScope - BeanFactory id=e70d0da6-a6b9-3e89-8467-9ec23b5828f1
2026-08-30 21:28:16.953 [main] INFO  o.s.boot.web.embedded.tomcat.TomcatWebServer - Tomcat initialized with port(s): 8080 (http)
2026-08-30 21:28:16.966 [main] INFO  org.apache.catalina.core.StandardService - Starting service [Tomcat]
2026-08-30 21:28:16.966 [main] INFO  org.apache.catalina.core.StandardEngine - Starting Servlet engine: [Apache Tomcat/10.1.5]
2026-08-30 21:28:17.073 [main] INFO  o.a.c.core.ContainerBase.[Tomcat].[localhost].[/] - Initializing Spring embedded WebApplicationContext
2026-08-30 21:28:17.074 [main] INFO  o.s.b.w.s.c.ServletWebServerApplicationContext - Root WebApplicationContext: initialization completed in 1430 ms
2026-08-30 21:28:17.205 [main] INFO  c.a.d.s.b.a.DruidDataSourceAutoConfigure - Init DruidDataSource
2026-08-30 21:28:17.603 [main] INFO  com.alibaba.druid.pool.DruidDataSource - {dataSource-1} inited
2026-08-30 21:28:19.117 [main] INFO  o.s.boot.web.embedded.tomcat.TomcatWebServer - Tomcat started on port(s): 8080 (http) with context path ''
2026-08-30 21:28:19.492 [main] INFO  c.g.xiaohongshu.auth.XiaohongshuAuthApplication - Started XiaohongshuAuthApplication in 7.276 seconds (process running for 7.931)
2026-08-30 21:28:19.494 [main] INFO  c.g.x.auth.runner.PushRolePermissions2RedisRunner - ==> 服务启动，开始同步角色权限数据到 Redis 中...
2026-08-30 21:28:19.927 [main] WARN  c.g.x.auth.runner.PushRolePermissions2RedisRunner - ==> 角色权限数据已经同步至 Redis 中，不再同步...
2026-08-30 21:28:19.929 [main] INFO  com.alibaba.nacos.client.config.impl.CacheData - nacos.cache.data.init.snapshot = true 
2026-08-30 21:28:19.930 [main] INFO  com.alibaba.nacos.client.config.impl.ClientWorker - [fixed-xiaohongshu-127.0.0.1_8848] [subscribe] xiaohongshu-auth.yaml+DEFAULT_GROUP+xiaohongshu
2026-08-30 21:28:19.935 [main] INFO  com.alibaba.nacos.client.config.impl.CacheData - [fixed-xiaohongshu-127.0.0.1_8848] [add-listener] ok, tenant=xiaohongshu, dataId=xiaohongshu-auth.yaml, group=DEFAULT_GROUP, cnt=1
2026-08-30 21:28:19.935 [main] INFO  c.a.cloud.nacos.refresh.NacosContextRefresher - [Nacos Config] Listening config: dataId=xiaohongshu-auth.yaml, group=DEFAULT_GROUP
2026-08-30 21:28:19.936 [main] INFO  com.alibaba.nacos.client.config.impl.ClientWorker - [fixed-xiaohongshu-127.0.0.1_8848] [subscribe] xiaohongshu-auth-dev.yaml+DEFAULT_GROUP+xiaohongshu
2026-08-30 21:28:19.936 [main] INFO  com.alibaba.nacos.client.config.impl.CacheData - [fixed-xiaohongshu-127.0.0.1_8848] [add-listener] ok, tenant=xiaohongshu, dataId=xiaohongshu-auth-dev.yaml, group=DEFAULT_GROUP, cnt=1
2026-08-30 21:28:19.936 [main] INFO  c.a.cloud.nacos.refresh.NacosContextRefresher - [Nacos Config] Listening config: dataId=xiaohongshu-auth-dev.yaml, group=DEFAULT_GROUP
2026-08-30 21:28:19.937 [main] INFO  com.alibaba.nacos.client.config.impl.ClientWorker - [fixed-xiaohongshu-127.0.0.1_8848] [subscribe] xiaohongshu-auth+DEFAULT_GROUP+xiaohongshu
2026-08-30 21:28:19.937 [main] INFO  com.alibaba.nacos.client.config.impl.CacheData - [fixed-xiaohongshu-127.0.0.1_8848] [add-listener] ok, tenant=xiaohongshu, dataId=xiaohongshu-auth, group=DEFAULT_GROUP, cnt=1
2026-08-30 21:28:19.937 [main] INFO  c.a.cloud.nacos.refresh.NacosContextRefresher - [Nacos Config] Listening config: dataId=xiaohongshu-auth, group=DEFAULT_GROUP
2026-08-30 21:31:11.664 [Thread-2] WARN  c.alibaba.nacos.common.http.HttpClientBeanHolder - [HttpClientBeanHolder] Start destroying common HttpClient
2026-08-30 21:31:11.664 [Thread-9] WARN  com.alibaba.nacos.common.notify.NotifyCenter - [NotifyCenter] Start destroying Publisher
2026-08-30 21:31:11.665 [Thread-9] WARN  com.alibaba.nacos.common.notify.NotifyCenter - [NotifyCenter] Destruction of the end
2026-08-30 21:31:11.665 [Thread-2] WARN  c.alibaba.nacos.common.http.HttpClientBeanHolder - [HttpClientBeanHolder] Destruction of the end
2026-08-30 21:31:11.832 [SpringApplicationShutdownHook] INFO  com.alibaba.druid.pool.DruidDataSource - {dataSource-1} closing ...
2026-08-30 21:31:11.840 [SpringApplicationShutdownHook] INFO  com.alibaba.druid.pool.DruidDataSource - {dataSource-1} closed
2026-08-30 21:33:40.688 [main] WARN  com.alibaba.nacos.client.logging.NacosLogging - Load Logback Configuration of Nacos fail, message: Could not initialize Logback Nacos logging from classpath:nacos-logback.xml
2026-08-30 21:33:40.744 [main] WARN  com.alibaba.nacos.client.logging.NacosLogging - Load Logback Configuration of Nacos fail, message: Could not initialize Logback Nacos logging from classpath:nacos-logback.xml
2026-08-30 21:33:40.920 [main] WARN  com.alibaba.nacos.client.logging.NacosLogging - Load Logback Configuration of Nacos fail, message: Could not initialize Logback Nacos logging from classpath:nacos-logback.xml
2026-08-30 21:33:40.921 [main] INFO  com.alibaba.nacos.client.utils.ParamUtil - [settings] [req-serv] nacos-server port:8848
2026-08-30 21:33:40.921 [main] INFO  com.alibaba.nacos.client.utils.ParamUtil - [settings] [http-client] connect timeout:1000
2026-08-30 21:33:40.922 [main] INFO  com.alibaba.nacos.client.utils.ParamUtil - PER_TASK_CONFIG_SIZE: 3000.0
2026-08-30 21:33:40.944 [main] INFO  c.a.n.p.auth.spi.client.ClientAuthPluginManager - [ClientAuthPluginManager] Load ClientAuthService com.alibaba.nacos.client.auth.impl.NacosClientAuthServiceImpl success.
2026-08-30 21:33:40.944 [main] INFO  c.a.n.p.auth.spi.client.ClientAuthPluginManager - [ClientAuthPluginManager] Load ClientAuthService com.alibaba.nacos.client.auth.ram.RamClientAuthServiceImpl success.
2026-08-30 21:33:40.946 [main] INFO  c.a.n.client.auth.ram.identify.CredentialWatcher - null No credential found
2026-08-30 21:33:41.501 [main] WARN  com.alibaba.nacos.client.logging.NacosLogging - Load Logback Configuration of Nacos fail, message: Could not initialize Logback Nacos logging from classpath:nacos-logback.xml
2026-08-30 21:33:41.511 [main] INFO  c.a.n.client.config.impl.LocalConfigInfoProcessor - LOCAL_SNAPSHOT_PATH:C:\Users\Administrator\nacos\config
2026-08-30 21:33:41.514 [main] INFO  com.alibaba.nacos.common.remote.client - [RpcClientFactory] create a new rpc client of 608de4e8-c41e-4633-82d9-5e709b834d3a_config-0
2026-08-30 21:33:41.527 [main] INFO  com.alibaba.nacos.common.remote.client - [608de4e8-c41e-4633-82d9-5e709b834d3a_config-0] Register server push request handler:com.alibaba.nacos.client.config.impl.ClientWorker$ConfigRpcTransportClient$$Lambda$585/0x0000027591390000
2026-08-30 21:33:41.527 [main] INFO  com.alibaba.nacos.common.remote.client - [608de4e8-c41e-4633-82d9-5e709b834d3a_config-0] Register server push request handler:com.alibaba.nacos.client.config.impl.ClientWorker$ConfigRpcTransportClient$$Lambda$586/0x0000027591390420
2026-08-30 21:33:41.528 [main] INFO  com.alibaba.nacos.common.remote.client - [608de4e8-c41e-4633-82d9-5e709b834d3a_config-0] Registry connection listener to current client:com.alibaba.nacos.client.config.impl.ClientWorker$ConfigRpcTransportClient$1
2026-08-30 21:33:41.528 [main] INFO  com.alibaba.nacos.common.remote.client - [608de4e8-c41e-4633-82d9-5e709b834d3a_config-0] RpcClient init, ServerListFactory = com.alibaba.nacos.client.config.impl.ClientWorker$ConfigRpcTransportClient$2
2026-08-30 21:33:41.534 [main] INFO  com.alibaba.nacos.common.remote.client - [608de4e8-c41e-4633-82d9-5e709b834d3a_config-0] Try to connect to server on start up, server: {serverIp = '127.0.0.1', server main port = 8848}
2026-08-30 21:33:41.578 [main] INFO  c.a.nacos.common.remote.client.grpc.GrpcClient - grpc client connection server:127.0.0.1 ip,serverPort:9848,grpcTslConfig:{"sslProvider":"OPENSSL","enableTls":false,"mutualAuthEnable":false,"trustAll":false}
2026-08-30 21:33:42.627 [main] INFO  com.alibaba.nacos.common.remote.client - [608de4e8-c41e-4633-82d9-5e709b834d3a_config-0] Success to connect to server [127.0.0.1:8848] on start up, connectionId = 1788096822447_172.17.0.1_36876
2026-08-30 21:33:42.627 [com.alibaba.nacos.client.remote.worker] INFO  com.alibaba.nacos.common.remote.client - [608de4e8-c41e-4633-82d9-5e709b834d3a_config-0] Notify connected event to listeners.
2026-08-30 21:33:42.627 [com.alibaba.nacos.client.remote.worker] INFO  com.alibaba.nacos.client.config.impl.ClientWorker - [608de4e8-c41e-4633-82d9-5e709b834d3a_config-0] Connected,notify listen context...
2026-08-30 21:33:42.627 [main] INFO  com.alibaba.nacos.common.remote.client - [608de4e8-c41e-4633-82d9-5e709b834d3a_config-0] Register server push request handler:com.alibaba.nacos.common.remote.client.RpcClient$ConnectResetRequestHandler
2026-08-30 21:33:42.627 [main] INFO  com.alibaba.nacos.common.remote.client - [608de4e8-c41e-4633-82d9-5e709b834d3a_config-0] Register server push request handler:com.alibaba.nacos.common.remote.client.RpcClient$$Lambda$606/0x00000275914d8228
2026-08-30 21:33:42.671 [main] INFO  com.alibaba.nacos.client.config.impl.Limiter - limitTime:5.0
2026-08-30 21:33:42.694 [main] INFO  com.alibaba.nacos.client.config.utils.JvmUtil - isMultiInstance:false
2026-08-30 21:33:42.706 [main] WARN  c.a.cloud.nacos.client.NacosPropertySourceBuilder - Ignore the empty nacos configuration and get it based on dataId[xiaohongshu-auth.yaml] & group[DEFAULT_GROUP]
2026-08-30 21:33:42.726 [main] INFO  o.s.c.b.c.PropertySourceBootstrapConfiguration - Located property source: [BootstrapPropertySource {name='bootstrapProperties-xiaohongshu-auth-dev.yaml,DEFAULT_GROUP'}, BootstrapPropertySource {name='bootstrapProperties-xiaohongshu-auth.yaml,DEFAULT_GROUP'}, BootstrapPropertySource {name='bootstrapProperties-xiaohongshu-auth,DEFAULT_GROUP'}]
2026-08-30 21:33:42.750 [main] WARN  com.alibaba.nacos.client.logging.NacosLogging - Load Logback Configuration of Nacos fail, message: Could not initialize Logback Nacos logging from classpath:nacos-logback.xml
2026-08-30 21:33:42.752 [main] INFO  c.g.xiaohongshu.auth.XiaohongshuAuthApplication - The following 1 profile is active: "dev"
2026-08-30 21:33:43.429 [main] INFO  o.s.d.r.config.RepositoryConfigurationDelegate - Multiple Spring Data modules found, entering strict repository configuration mode
2026-08-30 21:33:43.440 [main] INFO  o.s.d.r.config.RepositoryConfigurationDelegate - Bootstrapping Spring Data Redis repositories in DEFAULT mode.
2026-08-30 21:33:43.467 [main] INFO  o.s.d.r.config.RepositoryConfigurationDelegate - Finished Spring Data repository scanning in 12 ms. Found 0 Redis repository interfaces.
2026-08-30 21:33:43.625 [main] INFO  o.springframework.cloud.context.scope.GenericScope - BeanFactory id=e70d0da6-a6b9-3e89-8467-9ec23b5828f1
2026-08-30 21:33:44.217 [main] INFO  o.s.boot.web.embedded.tomcat.TomcatWebServer - Tomcat initialized with port(s): 8080 (http)
2026-08-30 21:33:44.228 [main] INFO  org.apache.catalina.core.StandardService - Starting service [Tomcat]
2026-08-30 21:33:44.228 [main] INFO  org.apache.catalina.core.StandardEngine - Starting Servlet engine: [Apache Tomcat/10.1.5]
2026-08-30 21:33:44.316 [main] INFO  o.a.c.core.ContainerBase.[Tomcat].[localhost].[/] - Initializing Spring embedded WebApplicationContext
2026-08-30 21:33:44.317 [main] INFO  o.s.b.w.s.c.ServletWebServerApplicationContext - Root WebApplicationContext: initialization completed in 1550 ms
2026-08-30 21:33:44.427 [main] INFO  c.a.d.s.b.a.DruidDataSourceAutoConfigure - Init DruidDataSource
2026-08-30 21:33:44.811 [main] INFO  com.alibaba.druid.pool.DruidDataSource - {dataSource-1} inited
2026-08-30 21:33:46.357 [main] INFO  o.s.boot.web.embedded.tomcat.TomcatWebServer - Tomcat started on port(s): 8080 (http) with context path ''
2026-08-30 21:33:46.742 [main] INFO  c.g.xiaohongshu.auth.XiaohongshuAuthApplication - Started XiaohongshuAuthApplication in 7.035 seconds (process running for 7.646)
2026-08-30 21:33:46.743 [main] INFO  c.g.x.auth.runner.PushRolePermissions2RedisRunner - ==> 服务启动，开始同步角色权限数据到 Redis 中...
2026-08-30 21:33:47.158 [main] WARN  c.g.x.auth.runner.PushRolePermissions2RedisRunner - ==> 角色权限数据已经同步至 Redis 中，不再同步...
2026-08-30 21:33:47.160 [main] INFO  com.alibaba.nacos.client.config.impl.CacheData - nacos.cache.data.init.snapshot = true 
2026-08-30 21:33:47.161 [main] INFO  com.alibaba.nacos.client.config.impl.ClientWorker - [fixed-xiaohongshu-127.0.0.1_8848] [subscribe] xiaohongshu-auth.yaml+DEFAULT_GROUP+xiaohongshu
2026-08-30 21:33:47.167 [main] INFO  com.alibaba.nacos.client.config.impl.CacheData - [fixed-xiaohongshu-127.0.0.1_8848] [add-listener] ok, tenant=xiaohongshu, dataId=xiaohongshu-auth.yaml, group=DEFAULT_GROUP, cnt=1
2026-08-30 21:33:47.167 [main] INFO  c.a.cloud.nacos.refresh.NacosContextRefresher - [Nacos Config] Listening config: dataId=xiaohongshu-auth.yaml, group=DEFAULT_GROUP
2026-08-30 21:33:47.168 [main] INFO  com.alibaba.nacos.client.config.impl.ClientWorker - [fixed-xiaohongshu-127.0.0.1_8848] [subscribe] xiaohongshu-auth-dev.yaml+DEFAULT_GROUP+xiaohongshu
2026-08-30 21:33:47.168 [main] INFO  com.alibaba.nacos.client.config.impl.CacheData - [fixed-xiaohongshu-127.0.0.1_8848] [add-listener] ok, tenant=xiaohongshu, dataId=xiaohongshu-auth-dev.yaml, group=DEFAULT_GROUP, cnt=1
2026-08-30 21:33:47.168 [main] INFO  c.a.cloud.nacos.refresh.NacosContextRefresher - [Nacos Config] Listening config: dataId=xiaohongshu-auth-dev.yaml, group=DEFAULT_GROUP
2026-08-30 21:33:47.169 [main] INFO  com.alibaba.nacos.client.config.impl.ClientWorker - [fixed-xiaohongshu-127.0.0.1_8848] [subscribe] xiaohongshu-auth+DEFAULT_GROUP+xiaohongshu
2026-08-30 21:33:47.169 [main] INFO  com.alibaba.nacos.client.config.impl.CacheData - [fixed-xiaohongshu-127.0.0.1_8848] [add-listener] ok, tenant=xiaohongshu, dataId=xiaohongshu-auth, group=DEFAULT_GROUP, cnt=1
2026-08-30 21:33:47.169 [main] INFO  c.a.cloud.nacos.refresh.NacosContextRefresher - [Nacos Config] Listening config: dataId=xiaohongshu-auth, group=DEFAULT_GROUP
2026-08-30 21:38:38.047 [main] WARN  com.alibaba.nacos.client.logging.NacosLogging - Load Logback Configuration of Nacos fail, message: Could not initialize Logback Nacos logging from classpath:nacos-logback.xml
2026-08-30 21:38:38.219 [main] WARN  com.alibaba.nacos.client.logging.NacosLogging - Load Logback Configuration of Nacos fail, message: Could not initialize Logback Nacos logging from classpath:nacos-logback.xml
2026-08-30 21:38:38.783 [main] WARN  com.alibaba.nacos.client.logging.NacosLogging - Load Logback Configuration of Nacos fail, message: Could not initialize Logback Nacos logging from classpath:nacos-logback.xml
2026-08-30 21:38:38.786 [main] INFO  com.alibaba.nacos.client.utils.ParamUtil - [settings] [req-serv] nacos-server port:8848
2026-08-30 21:38:38.787 [main] INFO  com.alibaba.nacos.client.utils.ParamUtil - [settings] [http-client] connect timeout:1000
2026-08-30 21:38:38.793 [main] INFO  com.alibaba.nacos.client.utils.ParamUtil - PER_TASK_CONFIG_SIZE: 3000.0
2026-08-30 21:38:46.905 [main] INFO  c.a.n.p.auth.spi.client.ClientAuthPluginManager - [ClientAuthPluginManager] Load ClientAuthService com.alibaba.nacos.client.auth.impl.NacosClientAuthServiceImpl success.
2026-08-30 21:38:46.906 [main] INFO  c.a.n.p.auth.spi.client.ClientAuthPluginManager - [ClientAuthPluginManager] Load ClientAuthService com.alibaba.nacos.client.auth.ram.RamClientAuthServiceImpl success.
2026-08-30 21:38:46.914 [main] INFO  c.a.n.client.auth.ram.identify.CredentialWatcher - null No credential found
2026-08-30 21:38:47.947 [main] WARN  com.alibaba.nacos.client.logging.NacosLogging - Load Logback Configuration of Nacos fail, message: Could not initialize Logback Nacos logging from classpath:nacos-logback.xml
2026-08-30 21:38:47.989 [main] INFO  c.a.n.client.config.impl.LocalConfigInfoProcessor - LOCAL_SNAPSHOT_PATH:C:\\nacos\config
2026-08-30 21:38:48.001 [main] INFO  com.alibaba.nacos.common.remote.client - [RpcClientFactory] create a new rpc client of 48b67cbb-10a7-4e8b-860e-09a1a51fcd1a_config-0
2026-08-30 21:38:48.040 [main] INFO  com.alibaba.nacos.common.remote.client - [48b67cbb-10a7-4e8b-860e-09a1a51fcd1a_config-0] Register server push request handler:com.alibaba.nacos.client.config.impl.ClientWorker$ConfigRpcTransportClient$$Lambda$520/0x000001f964312150
2026-08-30 21:38:48.043 [main] INFO  com.alibaba.nacos.common.remote.client - [48b67cbb-10a7-4e8b-860e-09a1a51fcd1a_config-0] Register server push request handler:com.alibaba.nacos.client.config.impl.ClientWorker$ConfigRpcTransportClient$$Lambda$521/0x000001f964312570
2026-08-30 21:38:48.046 [main] INFO  com.alibaba.nacos.common.remote.client - [48b67cbb-10a7-4e8b-860e-09a1a51fcd1a_config-0] Registry connection listener to current client:com.alibaba.nacos.client.config.impl.ClientWorker$ConfigRpcTransportClient$1
2026-08-30 21:38:48.048 [main] INFO  com.alibaba.nacos.common.remote.client - [48b67cbb-10a7-4e8b-860e-09a1a51fcd1a_config-0] RpcClient init, ServerListFactory = com.alibaba.nacos.client.config.impl.ClientWorker$ConfigRpcTransportClient$2
2026-08-30 21:38:48.066 [main] INFO  com.alibaba.nacos.common.remote.client - [48b67cbb-10a7-4e8b-860e-09a1a51fcd1a_config-0] Try to connect to server on start up, server: {serverIp = '127.0.0.1', server main port = 8848}
2026-08-30 21:38:48.168 [main] INFO  c.a.nacos.common.remote.client.grpc.GrpcClient - grpc client connection server:127.0.0.1 ip,serverPort:9848,grpcTslConfig:{"sslProvider":"OPENSSL","enableTls":false,"mutualAuthEnable":false,"trustAll":false}
2026-08-30 21:38:50.532 [main] INFO  com.alibaba.nacos.common.remote.client - [48b67cbb-10a7-4e8b-860e-09a1a51fcd1a_config-0] Success to connect to server [127.0.0.1:8848] on start up, connectionId = 1788097130200_172.17.0.1_39710
2026-08-30 21:38:50.536 [com.alibaba.nacos.client.remote.worker] INFO  com.alibaba.nacos.common.remote.client - [48b67cbb-10a7-4e8b-860e-09a1a51fcd1a_config-0] Notify connected event to listeners.
2026-08-30 21:38:50.536 [main] INFO  com.alibaba.nacos.common.remote.client - [48b67cbb-10a7-4e8b-860e-09a1a51fcd1a_config-0] Register server push request handler:com.alibaba.nacos.common.remote.client.RpcClient$ConnectResetRequestHandler
2026-08-30 21:38:50.537 [com.alibaba.nacos.client.remote.worker] INFO  com.alibaba.nacos.client.config.impl.ClientWorker - [48b67cbb-10a7-4e8b-860e-09a1a51fcd1a_config-0] Connected,notify listen context...
2026-08-30 21:38:50.540 [main] INFO  com.alibaba.nacos.common.remote.client - [48b67cbb-10a7-4e8b-860e-09a1a51fcd1a_config-0] Register server push request handler:com.alibaba.nacos.common.remote.client.RpcClient$$Lambda$544/0x000001f964498228
2026-08-30 21:38:50.624 [main] INFO  com.alibaba.nacos.client.config.impl.Limiter - limitTime:5.0
2026-08-30 21:38:50.695 [main] ERROR c.a.n.client.config.impl.LocalConfigInfoProcessor - [fixed-xiaohongshu-127.0.0.1_8848] save snapshot error
2026-08-30 21:38:50.697 [main] INFO  com.alibaba.nacos.client.config.utils.JvmUtil - isMultiInstance:false
2026-08-30 21:38:50.700 [main] ERROR c.a.n.client.config.impl.LocalConfigInfoProcessor - [fixed-xiaohongshu-127.0.0.1_8848] save snapshot error, C:\nacos\config\fixed-xiaohongshu-127.0.0.1_8848_nacos\snapshot-tenant\xiaohongshu\DEFAULT_GROUP\xiaohongshu-auth
java.io.FileNotFoundException: C:\nacos\config\fixed-xiaohongshu-127.0.0.1_8848_nacos\snapshot-tenant\xiaohongshu\DEFAULT_GROUP\xiaohongshu-auth (系统找不到指定的路径。)
	at java.base/java.io.FileOutputStream.open0(Native Method)
	at java.base/java.io.FileOutputStream.open(FileOutputStream.java:293)
	at java.base/java.io.FileOutputStream.<init>(FileOutputStream.java:235)
	at java.base/java.io.FileOutputStream.<init>(FileOutputStream.java:184)
	at com.alibaba.nacos.common.utils.IoUtils.writeStringToFile(IoUtils.java:118)
	at com.alibaba.nacos.client.config.impl.LocalConfigInfoProcessor.saveSnapshot(LocalConfigInfoProcessor.java:147)
	at com.alibaba.nacos.client.config.impl.ClientWorker$ConfigRpcTransportClient.queryConfig(ClientWorker.java:957)
	at com.alibaba.nacos.client.config.impl.ClientWorker.getServerConfig(ClientWorker.java:403)
	at com.alibaba.nacos.client.config.NacosConfigService.getConfigInner(NacosConfigService.java:184)
	at com.alibaba.nacos.client.config.NacosConfigService.getConfig(NacosConfigService.java:96)
	at com.alibaba.cloud.nacos.client.NacosPropertySourceBuilder.loadNacosData(NacosPropertySourceBuilder.java:85)
	at com.alibaba.cloud.nacos.client.NacosPropertySourceBuilder.build(NacosPropertySourceBuilder.java:73)
	at com.alibaba.cloud.nacos.client.NacosPropertySourceLocator.loadNacosPropertySource(NacosPropertySourceLocator.java:199)
	at com.alibaba.cloud.nacos.client.NacosPropertySourceLocator.loadNacosDataIfPresent(NacosPropertySourceLocator.java:186)
	at com.alibaba.cloud.nacos.client.NacosPropertySourceLocator.loadApplicationConfiguration(NacosPropertySourceLocator.java:141)
	at com.alibaba.cloud.nacos.client.NacosPropertySourceLocator.locate(NacosPropertySourceLocator.java:103)
	at org.springframework.cloud.bootstrap.config.PropertySourceLocator.locateCollection(PropertySourceLocator.java:50)
	at org.springframework.cloud.bootstrap.config.PropertySourceLocator.locateCollection(PropertySourceLocator.java:46)
	at org.springframework.cloud.bootstrap.config.PropertySourceBootstrapConfiguration.initialize(PropertySourceBootstrapConfiguration.java:95)
	at org.springframework.boot.SpringApplication.applyInitializers(SpringApplication.java:603)
	at org.springframework.boot.SpringApplication.prepareContext(SpringApplication.java:383)
	at org.springframework.boot.SpringApplication.run(SpringApplication.java:307)
	at org.springframework.boot.SpringApplication.run(SpringApplication.java:1302)
	at org.springframework.boot.SpringApplication.run(SpringApplication.java:1291)
	at com.guoshisan.xiaohongshu.auth.XiaohongshuAuthApplication.main(XiaohongshuAuthApplication.java:14)
2026-08-30 21:38:50.713 [main] ERROR c.a.n.c.config.impl.LocalEncryptedDataKeyProcessor - [fixed-xiaohongshu-127.0.0.1_8848] save snapshot error
2026-08-30 21:38:50.715 [main] ERROR c.a.n.c.config.impl.LocalEncryptedDataKeyProcessor - [fixed-xiaohongshu-127.0.0.1_8848] save snapshot error, C:\nacos\config\fixed-xiaohongshu-127.0.0.1_8848_nacos\encrypted-data-key\snapshot-tenant\xiaohongshu\DEFAULT_GROUP\xiaohongshu-auth
java.io.FileNotFoundException: C:\nacos\config\fixed-xiaohongshu-127.0.0.1_8848_nacos\encrypted-data-key\snapshot-tenant\xiaohongshu\DEFAULT_GROUP\xiaohongshu-auth (系统找不到指定的路径。)
	at java.base/java.io.FileOutputStream.open0(Native Method)
	at java.base/java.io.FileOutputStream.open(FileOutputStream.java:293)
	at java.base/java.io.FileOutputStream.<init>(FileOutputStream.java:235)
	at java.base/java.io.FileOutputStream.<init>(FileOutputStream.java:184)
	at com.alibaba.nacos.common.utils.IoUtils.writeStringToFile(IoUtils.java:118)
	at com.alibaba.nacos.client.config.impl.LocalEncryptedDataKeyProcessor.saveEncryptDataKeySnapshot(LocalEncryptedDataKeyProcessor.java:118)
	at com.alibaba.nacos.client.config.impl.ClientWorker$ConfigRpcTransportClient.queryConfig(ClientWorker.java:967)
	at com.alibaba.nacos.client.config.impl.ClientWorker.getServerConfig(ClientWorker.java:403)
	at com.alibaba.nacos.client.config.NacosConfigService.getConfigInner(NacosConfigService.java:184)
	at com.alibaba.nacos.client.config.NacosConfigService.getConfig(NacosConfigService.java:96)
	at com.alibaba.cloud.nacos.client.NacosPropertySourceBuilder.loadNacosData(NacosPropertySourceBuilder.java:85)
	at com.alibaba.cloud.nacos.client.NacosPropertySourceBuilder.build(NacosPropertySourceBuilder.java:73)
	at com.alibaba.cloud.nacos.client.NacosPropertySourceLocator.loadNacosPropertySource(NacosPropertySourceLocator.java:199)
	at com.alibaba.cloud.nacos.client.NacosPropertySourceLocator.loadNacosDataIfPresent(NacosPropertySourceLocator.java:186)
	at com.alibaba.cloud.nacos.client.NacosPropertySourceLocator.loadApplicationConfiguration(NacosPropertySourceLocator.java:141)
	at com.alibaba.cloud.nacos.client.NacosPropertySourceLocator.locate(NacosPropertySourceLocator.java:103)
	at org.springframework.cloud.bootstrap.config.PropertySourceLocator.locateCollection(PropertySourceLocator.java:50)
	at org.springframework.cloud.bootstrap.config.PropertySourceLocator.locateCollection(PropertySourceLocator.java:46)
	at org.springframework.cloud.bootstrap.config.PropertySourceBootstrapConfiguration.initialize(PropertySourceBootstrapConfiguration.java:95)
	at org.springframework.boot.SpringApplication.applyInitializers(SpringApplication.java:603)
	at org.springframework.boot.SpringApplication.prepareContext(SpringApplication.java:383)
	at org.springframework.boot.SpringApplication.run(SpringApplication.java:307)
	at org.springframework.boot.SpringApplication.run(SpringApplication.java:1302)
	at org.springframework.boot.SpringApplication.run(SpringApplication.java:1291)
	at com.guoshisan.xiaohongshu.auth.XiaohongshuAuthApplication.main(XiaohongshuAuthApplication.java:14)
2026-08-30 21:38:50.754 [main] WARN  c.a.cloud.nacos.client.NacosPropertySourceBuilder - Ignore the empty nacos configuration and get it based on dataId[xiaohongshu-auth.yaml] & group[DEFAULT_GROUP]
2026-08-30 21:38:50.799 [main] ERROR c.a.n.client.config.impl.LocalConfigInfoProcessor - [fixed-xiaohongshu-127.0.0.1_8848] save snapshot error
2026-08-30 21:38:50.800 [main] ERROR c.a.n.client.config.impl.LocalConfigInfoProcessor - [fixed-xiaohongshu-127.0.0.1_8848] save snapshot error, C:\nacos\config\fixed-xiaohongshu-127.0.0.1_8848_nacos\snapshot-tenant\xiaohongshu\DEFAULT_GROUP\xiaohongshu-auth-dev.yaml
java.io.FileNotFoundException: C:\nacos\config\fixed-xiaohongshu-127.0.0.1_8848_nacos\snapshot-tenant\xiaohongshu\DEFAULT_GROUP\xiaohongshu-auth-dev.yaml (系统找不到指定的路径。)
	at java.base/java.io.FileOutputStream.open0(Native Method)
	at java.base/java.io.FileOutputStream.open(FileOutputStream.java:293)
	at java.base/java.io.FileOutputStream.<init>(FileOutputStream.java:235)
	at java.base/java.io.FileOutputStream.<init>(FileOutputStream.java:184)
	at com.alibaba.nacos.common.utils.IoUtils.writeStringToFile(IoUtils.java:118)
	at com.alibaba.nacos.client.config.impl.LocalConfigInfoProcessor.saveSnapshot(LocalConfigInfoProcessor.java:147)
	at com.alibaba.nacos.client.config.impl.ClientWorker$ConfigRpcTransportClient.queryConfig(ClientWorker.java:957)
	at com.alibaba.nacos.client.config.impl.ClientWorker.getServerConfig(ClientWorker.java:403)
	at com.alibaba.nacos.client.config.NacosConfigService.getConfigInner(NacosConfigService.java:184)
	at com.alibaba.nacos.client.config.NacosConfigService.getConfig(NacosConfigService.java:96)
	at com.alibaba.cloud.nacos.client.NacosPropertySourceBuilder.loadNacosData(NacosPropertySourceBuilder.java:85)
	at com.alibaba.cloud.nacos.client.NacosPropertySourceBuilder.build(NacosPropertySourceBuilder.java:73)
	at com.alibaba.cloud.nacos.client.NacosPropertySourceLocator.loadNacosPropertySource(NacosPropertySourceLocator.java:199)
	at com.alibaba.cloud.nacos.client.NacosPropertySourceLocator.loadNacosDataIfPresent(NacosPropertySourceLocator.java:186)
	at com.alibaba.cloud.nacos.client.NacosPropertySourceLocator.loadApplicationConfiguration(NacosPropertySourceLocator.java:149)
	at com.alibaba.cloud.nacos.client.NacosPropertySourceLocator.locate(NacosPropertySourceLocator.java:103)
	at org.springframework.cloud.bootstrap.config.PropertySourceLocator.locateCollection(PropertySourceLocator.java:50)
	at org.springframework.cloud.bootstrap.config.PropertySourceLocator.locateCollection(PropertySourceLocator.java:46)
	at org.springframework.cloud.bootstrap.config.PropertySourceBootstrapConfiguration.initialize(PropertySourceBootstrapConfiguration.java:95)
	at org.springframework.boot.SpringApplication.applyInitializers(SpringApplication.java:603)
	at org.springframework.boot.SpringApplication.prepareContext(SpringApplication.java:383)
	at org.springframework.boot.SpringApplication.run(SpringApplication.java:307)
	at org.springframework.boot.SpringApplication.run(SpringApplication.java:1302)
	at org.springframework.boot.SpringApplication.run(SpringApplication.java:1291)
	at com.guoshisan.xiaohongshu.auth.XiaohongshuAuthApplication.main(XiaohongshuAuthApplication.java:14)
2026-08-30 21:38:50.810 [main] ERROR c.a.n.c.config.impl.LocalEncryptedDataKeyProcessor - [fixed-xiaohongshu-127.0.0.1_8848] save snapshot error
2026-08-30 21:38:50.812 [main] ERROR c.a.n.c.config.impl.LocalEncryptedDataKeyProcessor - [fixed-xiaohongshu-127.0.0.1_8848] save snapshot error, C:\nacos\config\fixed-xiaohongshu-127.0.0.1_8848_nacos\encrypted-data-key\snapshot-tenant\xiaohongshu\DEFAULT_GROUP\xiaohongshu-auth-dev.yaml
java.io.FileNotFoundException: C:\nacos\config\fixed-xiaohongshu-127.0.0.1_8848_nacos\encrypted-data-key\snapshot-tenant\xiaohongshu\DEFAULT_GROUP\xiaohongshu-auth-dev.yaml (系统找不到指定的路径。)
	at java.base/java.io.FileOutputStream.open0(Native Method)
	at java.base/java.io.FileOutputStream.open(FileOutputStream.java:293)
	at java.base/java.io.FileOutputStream.<init>(FileOutputStream.java:235)
	at java.base/java.io.FileOutputStream.<init>(FileOutputStream.java:184)
	at com.alibaba.nacos.common.utils.IoUtils.writeStringToFile(IoUtils.java:118)
	at com.alibaba.nacos.client.config.impl.LocalEncryptedDataKeyProcessor.saveEncryptDataKeySnapshot(LocalEncryptedDataKeyProcessor.java:118)
	at com.alibaba.nacos.client.config.impl.ClientWorker$ConfigRpcTransportClient.queryConfig(ClientWorker.java:967)
	at com.alibaba.nacos.client.config.impl.ClientWorker.getServerConfig(ClientWorker.java:403)
	at com.alibaba.nacos.client.config.NacosConfigService.getConfigInner(NacosConfigService.java:184)
	at com.alibaba.nacos.client.config.NacosConfigService.getConfig(NacosConfigService.java:96)
	at com.alibaba.cloud.nacos.client.NacosPropertySourceBuilder.loadNacosData(NacosPropertySourceBuilder.java:85)
	at com.alibaba.cloud.nacos.client.NacosPropertySourceBuilder.build(NacosPropertySourceBuilder.java:73)
	at com.alibaba.cloud.nacos.client.NacosPropertySourceLocator.loadNacosPropertySource(NacosPropertySourceLocator.java:199)
	at com.alibaba.cloud.nacos.client.NacosPropertySourceLocator.loadNacosDataIfPresent(NacosPropertySourceLocator.java:186)
	at com.alibaba.cloud.nacos.client.NacosPropertySourceLocator.loadApplicationConfiguration(NacosPropertySourceLocator.java:149)
	at com.alibaba.cloud.nacos.client.NacosPropertySourceLocator.locate(NacosPropertySourceLocator.java:103)
	at org.springframework.cloud.bootstrap.config.PropertySourceLocator.locateCollection(PropertySourceLocator.java:50)
	at org.springframework.cloud.bootstrap.config.PropertySourceLocator.locateCollection(PropertySourceLocator.java:46)
	at org.springframework.cloud.bootstrap.config.PropertySourceBootstrapConfiguration.initialize(PropertySourceBootstrapConfiguration.java:95)
	at org.springframework.boot.SpringApplication.applyInitializers(SpringApplication.java:603)
	at org.springframework.boot.SpringApplication.prepareContext(SpringApplication.java:383)
	at org.springframework.boot.SpringApplication.run(SpringApplication.java:307)
	at org.springframework.boot.SpringApplication.run(SpringApplication.java:1302)
	at org.springframework.boot.SpringApplication.run(SpringApplication.java:1291)
	at com.guoshisan.xiaohongshu.auth.XiaohongshuAuthApplication.main(XiaohongshuAuthApplication.java:14)
2026-08-30 21:38:50.821 [main] INFO  o.s.c.b.c.PropertySourceBootstrapConfiguration - Located property source: [BootstrapPropertySource {name='bootstrapProperties-xiaohongshu-auth-dev.yaml,DEFAULT_GROUP'}, BootstrapPropertySource {name='bootstrapProperties-xiaohongshu-auth.yaml,DEFAULT_GROUP'}, BootstrapPropertySource {name='bootstrapProperties-xiaohongshu-auth,DEFAULT_GROUP'}]
2026-08-30 21:38:50.897 [main] WARN  com.alibaba.nacos.client.logging.NacosLogging - Load Logback Configuration of Nacos fail, message: Could not initialize Logback Nacos logging from classpath:nacos-logback.xml
2026-08-30 21:38:50.900 [main] INFO  c.g.xiaohongshu.auth.XiaohongshuAuthApplication - The following 1 profile is active: "dev"
2026-08-30 21:38:53.000 [main] INFO  o.s.d.r.config.RepositoryConfigurationDelegate - Multiple Spring Data modules found, entering strict repository configuration mode
2026-08-30 21:38:53.012 [main] INFO  o.s.d.r.config.RepositoryConfigurationDelegate - Bootstrapping Spring Data Redis repositories in DEFAULT mode.
2026-08-30 21:38:53.105 [main] INFO  o.s.d.r.config.RepositoryConfigurationDelegate - Finished Spring Data repository scanning in 34 ms. Found 0 Redis repository interfaces.
2026-08-30 21:38:53.634 [main] INFO  o.springframework.cloud.context.scope.GenericScope - BeanFactory id=32a2b71a-467a-3569-86e5-f392453a8a01
2026-08-30 21:38:55.198 [main] INFO  o.s.boot.web.embedded.tomcat.TomcatWebServer - Tomcat initialized with port(s): 8081 (http)
2026-08-30 21:38:55.234 [main] INFO  org.apache.catalina.core.StandardService - Starting service [Tomcat]
2026-08-30 21:38:55.235 [main] INFO  org.apache.catalina.core.StandardEngine - Starting Servlet engine: [Apache Tomcat/10.1.5]
2026-08-30 21:38:55.467 [main] INFO  o.a.c.core.ContainerBase.[Tomcat].[localhost].[/] - Initializing Spring embedded WebApplicationContext
2026-08-30 21:38:55.469 [main] INFO  o.s.b.w.s.c.ServletWebServerApplicationContext - Root WebApplicationContext: initialization completed in 4515 ms
2026-08-30 21:38:55.834 [main] INFO  c.a.d.s.b.a.DruidDataSourceAutoConfigure - Init DruidDataSource
2026-08-30 21:38:57.049 [main] INFO  com.alibaba.druid.pool.DruidDataSource - {dataSource-1} inited
2026-08-30 21:39:02.950 [main] INFO  o.s.boot.web.embedded.tomcat.TomcatWebServer - Tomcat started on port(s): 8081 (http) with context path ''
2026-08-30 21:39:02.962 [main] INFO  com.alibaba.nacos.client.naming - initializer namespace from ans.namespace attribute : null
2026-08-30 21:39:02.963 [main] INFO  com.alibaba.nacos.client.naming - initializer namespace from ALIBABA_ALIWARE_NAMESPACE attribute :null
2026-08-30 21:39:02.965 [main] INFO  com.alibaba.nacos.client.naming - initializer namespace from namespace attribute :null
2026-08-30 21:39:02.982 [main] INFO  c.a.n.p.auth.spi.client.ClientAuthPluginManager - [ClientAuthPluginManager] Load ClientAuthService com.alibaba.nacos.client.auth.impl.NacosClientAuthServiceImpl success.
2026-08-30 21:39:02.983 [main] INFO  c.a.n.p.auth.spi.client.ClientAuthPluginManager - [ClientAuthPluginManager] Load ClientAuthService com.alibaba.nacos.client.auth.ram.RamClientAuthServiceImpl success.
2026-08-30 21:39:02.994 [main] INFO  com.alibaba.nacos.common.remote.client - [RpcClientFactory] create a new rpc client of c2ecaaed-1822-4ac7-9139-44da4dc1a63d
2026-08-30 21:39:03.000 [main] INFO  com.alibaba.nacos.common.remote.client - [c2ecaaed-1822-4ac7-9139-44da4dc1a63d] RpcClient init, ServerListFactory = com.alibaba.nacos.client.naming.core.ServerListManager
2026-08-30 21:39:03.001 [main] INFO  com.alibaba.nacos.common.remote.client - [c2ecaaed-1822-4ac7-9139-44da4dc1a63d] Registry connection listener to current client:com.alibaba.nacos.client.naming.remote.gprc.redo.NamingGrpcRedoService
2026-08-30 21:39:03.003 [main] INFO  com.alibaba.nacos.common.remote.client - [c2ecaaed-1822-4ac7-9139-44da4dc1a63d] Register server push request handler:com.alibaba.nacos.client.naming.remote.gprc.NamingPushRequestHandler
2026-08-30 21:39:03.005 [main] INFO  com.alibaba.nacos.common.remote.client - [c2ecaaed-1822-4ac7-9139-44da4dc1a63d] Try to connect to server on start up, server: {serverIp = '127.0.0.1', server main port = 8848}
2026-08-30 21:39:03.007 [main] INFO  c.a.nacos.common.remote.client.grpc.GrpcClient - grpc client connection server:127.0.0.1 ip,serverPort:9848,grpcTslConfig:{"sslProvider":"OPENSSL","enableTls":false,"mutualAuthEnable":false,"trustAll":false}
2026-08-30 21:39:03.146 [main] INFO  com.alibaba.nacos.common.remote.client - [c2ecaaed-1822-4ac7-9139-44da4dc1a63d] Success to connect to server [127.0.0.1:8848] on start up, connectionId = 1788097143029_172.17.0.1_33792
2026-08-30 21:39:03.147 [main] INFO  com.alibaba.nacos.common.remote.client - [c2ecaaed-1822-4ac7-9139-44da4dc1a63d] Register server push request handler:com.alibaba.nacos.common.remote.client.RpcClient$ConnectResetRequestHandler
2026-08-30 21:39:03.147 [com.alibaba.nacos.client.remote.worker] INFO  com.alibaba.nacos.common.remote.client - [c2ecaaed-1822-4ac7-9139-44da4dc1a63d] Notify connected event to listeners.
2026-08-30 21:39:03.148 [main] INFO  com.alibaba.nacos.common.remote.client - [c2ecaaed-1822-4ac7-9139-44da4dc1a63d] Register server push request handler:com.alibaba.nacos.common.remote.client.RpcClient$$Lambda$544/0x000001f964498228
2026-08-30 21:39:03.149 [com.alibaba.nacos.client.remote.worker] INFO  com.alibaba.nacos.client.naming - Grpc connection connect
2026-08-30 21:39:03.151 [main] INFO  com.alibaba.nacos.client.naming - [REGISTER-SERVICE] xiaohongshu registering service xiaohongshu-auth with instance Instance{instanceId='null', ip='192.168.0.103', port=8081, weight=1.0, healthy=true, enabled=true, ephemeral=true, clusterName='DEFAULT', serviceName='null', metadata={IPv6=null, preserved.register.source=SPRING_CLOUD}}
2026-08-30 21:39:03.207 [main] INFO  c.a.cloud.nacos.registry.NacosServiceRegistry - nacos registry, DEFAULT_GROUP xiaohongshu-auth 192.168.0.103:8081 register finished
2026-08-30 21:39:03.975 [main] INFO  c.g.xiaohongshu.auth.XiaohongshuAuthApplication - Started XiaohongshuAuthApplication in 27.955 seconds (process running for 28.771)
2026-08-30 21:39:03.979 [main] INFO  c.g.x.auth.runner.PushRolePermissions2RedisRunner - ==> 服务启动，开始同步角色权限数据到 Redis 中...
2026-08-30 21:39:05.035 [main] WARN  c.g.x.auth.runner.PushRolePermissions2RedisRunner - ==> 角色权限数据已经同步至 Redis 中，不再同步...
2026-08-30 21:39:05.048 [main] INFO  com.alibaba.nacos.client.config.impl.CacheData - nacos.cache.data.init.snapshot = true 
2026-08-30 21:39:05.050 [main] INFO  com.alibaba.nacos.client.config.impl.ClientWorker - [fixed-xiaohongshu-127.0.0.1_8848] [subscribe] xiaohongshu-auth.yaml+DEFAULT_GROUP+xiaohongshu
2026-08-30 21:39:05.073 [main] INFO  com.alibaba.nacos.client.config.impl.CacheData - [fixed-xiaohongshu-127.0.0.1_8848] [add-listener] ok, tenant=xiaohongshu, dataId=xiaohongshu-auth.yaml, group=DEFAULT_GROUP, cnt=1
2026-08-30 21:39:05.074 [main] INFO  c.a.cloud.nacos.refresh.NacosContextRefresher - [Nacos Config] Listening config: dataId=xiaohongshu-auth.yaml, group=DEFAULT_GROUP
2026-08-30 21:39:05.077 [main] INFO  com.alibaba.nacos.client.config.impl.ClientWorker - [fixed-xiaohongshu-127.0.0.1_8848] [subscribe] xiaohongshu-auth-dev.yaml+DEFAULT_GROUP+xiaohongshu
2026-08-30 21:39:05.079 [main] INFO  com.alibaba.nacos.client.config.impl.CacheData - [fixed-xiaohongshu-127.0.0.1_8848] [add-listener] ok, tenant=xiaohongshu, dataId=xiaohongshu-auth-dev.yaml, group=DEFAULT_GROUP, cnt=1
2026-08-30 21:39:05.080 [main] INFO  c.a.cloud.nacos.refresh.NacosContextRefresher - [Nacos Config] Listening config: dataId=xiaohongshu-auth-dev.yaml, group=DEFAULT_GROUP
2026-08-30 21:39:05.083 [main] INFO  com.alibaba.nacos.client.config.impl.ClientWorker - [fixed-xiaohongshu-127.0.0.1_8848] [subscribe] xiaohongshu-auth+DEFAULT_GROUP+xiaohongshu
2026-08-30 21:39:05.084 [main] INFO  com.alibaba.nacos.client.config.impl.CacheData - [fixed-xiaohongshu-127.0.0.1_8848] [add-listener] ok, tenant=xiaohongshu, dataId=xiaohongshu-auth, group=DEFAULT_GROUP, cnt=1
2026-08-30 21:39:05.085 [main] INFO  c.a.cloud.nacos.refresh.NacosContextRefresher - [Nacos Config] Listening config: dataId=xiaohongshu-auth, group=DEFAULT_GROUP
2026-08-30 21:39:05.247 [com.alibaba.nacos.client.Worker] ERROR c.a.n.client.config.impl.LocalConfigInfoProcessor - [fixed-xiaohongshu-127.0.0.1_8848] save snapshot error
2026-08-30 21:39:05.248 [com.alibaba.nacos.client.Worker] ERROR c.a.n.client.config.impl.LocalConfigInfoProcessor - [fixed-xiaohongshu-127.0.0.1_8848] save snapshot error, C:\nacos\config\fixed-xiaohongshu-127.0.0.1_8848_nacos\snapshot-tenant\xiaohongshu\DEFAULT_GROUP\xiaohongshu-auth
java.io.FileNotFoundException: C:\nacos\config\fixed-xiaohongshu-127.0.0.1_8848_nacos\snapshot-tenant\xiaohongshu\DEFAULT_GROUP\xiaohongshu-auth (系统找不到指定的路径。)
	at java.base/java.io.FileOutputStream.open0(Native Method)
	at java.base/java.io.FileOutputStream.open(FileOutputStream.java:293)
	at java.base/java.io.FileOutputStream.<init>(FileOutputStream.java:235)
	at java.base/java.io.FileOutputStream.<init>(FileOutputStream.java:184)
	at com.alibaba.nacos.common.utils.IoUtils.writeStringToFile(IoUtils.java:118)
	at com.alibaba.nacos.client.config.impl.LocalConfigInfoProcessor.saveSnapshot(LocalConfigInfoProcessor.java:147)
	at com.alibaba.nacos.client.config.impl.ClientWorker$ConfigRpcTransportClient.queryConfig(ClientWorker.java:957)
	at com.alibaba.nacos.client.config.impl.ClientWorker.getServerConfig(ClientWorker.java:403)
	at com.alibaba.nacos.client.config.impl.ClientWorker.refreshContentAndCheck(ClientWorker.java:441)
	at com.alibaba.nacos.client.config.impl.ClientWorker.refreshContentAndCheck(ClientWorker.java:435)
	at com.alibaba.nacos.client.config.impl.ClientWorker.access$600(ClientWorker.java:96)
	at com.alibaba.nacos.client.config.impl.ClientWorker$ConfigRpcTransportClient.executeConfigListen(ClientWorker.java:799)
	at com.alibaba.nacos.client.config.impl.ClientWorker$ConfigRpcTransportClient.lambda$startInternal$2(ClientWorker.java:704)
	at java.base/java.util.concurrent.Executors$RunnableAdapter.call(Executors.java:539)
	at java.base/java.util.concurrent.FutureTask.run(FutureTask.java:264)
	at java.base/java.util.concurrent.ScheduledThreadPoolExecutor$ScheduledFutureTask.run(ScheduledThreadPoolExecutor.java:304)
	at java.base/java.util.concurrent.ThreadPoolExecutor.runWorker(ThreadPoolExecutor.java:1136)
	at java.base/java.util.concurrent.ThreadPoolExecutor$Worker.run(ThreadPoolExecutor.java:635)
	at java.base/java.lang.Thread.run(Thread.java:842)
2026-08-30 21:39:05.259 [com.alibaba.nacos.client.Worker] ERROR c.a.n.c.config.impl.LocalEncryptedDataKeyProcessor - [fixed-xiaohongshu-127.0.0.1_8848] save snapshot error
2026-08-30 21:39:05.261 [com.alibaba.nacos.client.Worker] ERROR c.a.n.c.config.impl.LocalEncryptedDataKeyProcessor - [fixed-xiaohongshu-127.0.0.1_8848] save snapshot error, C:\nacos\config\fixed-xiaohongshu-127.0.0.1_8848_nacos\encrypted-data-key\snapshot-tenant\xiaohongshu\DEFAULT_GROUP\xiaohongshu-auth
java.io.FileNotFoundException: C:\nacos\config\fixed-xiaohongshu-127.0.0.1_8848_nacos\encrypted-data-key\snapshot-tenant\xiaohongshu\DEFAULT_GROUP\xiaohongshu-auth (系统找不到指定的路径。)
	at java.base/java.io.FileOutputStream.open0(Native Method)
	at java.base/java.io.FileOutputStream.open(FileOutputStream.java:293)
	at java.base/java.io.FileOutputStream.<init>(FileOutputStream.java:235)
	at java.base/java.io.FileOutputStream.<init>(FileOutputStream.java:184)
	at com.alibaba.nacos.common.utils.IoUtils.writeStringToFile(IoUtils.java:118)
	at com.alibaba.nacos.client.config.impl.LocalEncryptedDataKeyProcessor.saveEncryptDataKeySnapshot(LocalEncryptedDataKeyProcessor.java:118)
	at com.alibaba.nacos.client.config.impl.ClientWorker$ConfigRpcTransportClient.queryConfig(ClientWorker.java:967)
	at com.alibaba.nacos.client.config.impl.ClientWorker.getServerConfig(ClientWorker.java:403)
	at com.alibaba.nacos.client.config.impl.ClientWorker.refreshContentAndCheck(ClientWorker.java:441)
	at com.alibaba.nacos.client.config.impl.ClientWorker.refreshContentAndCheck(ClientWorker.java:435)
	at com.alibaba.nacos.client.config.impl.ClientWorker.access$600(ClientWorker.java:96)
	at com.alibaba.nacos.client.config.impl.ClientWorker$ConfigRpcTransportClient.executeConfigListen(ClientWorker.java:799)
	at com.alibaba.nacos.client.config.impl.ClientWorker$ConfigRpcTransportClient.lambda$startInternal$2(ClientWorker.java:704)
	at java.base/java.util.concurrent.Executors$RunnableAdapter.call(Executors.java:539)
	at java.base/java.util.concurrent.FutureTask.run(FutureTask.java:264)
	at java.base/java.util.concurrent.ScheduledThreadPoolExecutor$ScheduledFutureTask.run(ScheduledThreadPoolExecutor.java:304)
	at java.base/java.util.concurrent.ThreadPoolExecutor.runWorker(ThreadPoolExecutor.java:1136)
	at java.base/java.util.concurrent.ThreadPoolExecutor$Worker.run(ThreadPoolExecutor.java:635)
	at java.base/java.lang.Thread.run(Thread.java:842)
2026-08-30 21:39:05.272 [com.alibaba.nacos.client.Worker] INFO  com.alibaba.nacos.client.config.impl.CacheData - [fixed-xiaohongshu-127.0.0.1_8848] [notify-listener] time cost=0ms in ClientWorker, dataId=xiaohongshu-auth, group=DEFAULT_GROUP, md5=65de1e59d7959a0d907416e08eeb33bd, listener=com.alibaba.cloud.nacos.refresh.NacosContextRefresher$1@f58722d 
2026-08-30 21:39:05.272 [nacos.client.cachedata.internal.notifier] INFO  com.alibaba.nacos.client.config.impl.CacheData - [fixed-xiaohongshu-127.0.0.1_8848] [notify-context] dataId=xiaohongshu-auth, group=DEFAULT_GROUP, md5=65de1e59d7959a0d907416e08eeb33bd
2026-08-30 21:39:05.318 [com.alibaba.nacos.client.Worker] ERROR c.a.n.client.config.impl.LocalConfigInfoProcessor - [fixed-xiaohongshu-127.0.0.1_8848] save snapshot error
2026-08-30 21:39:05.320 [com.alibaba.nacos.client.Worker] ERROR c.a.n.client.config.impl.LocalConfigInfoProcessor - [fixed-xiaohongshu-127.0.0.1_8848] save snapshot error, C:\nacos\config\fixed-xiaohongshu-127.0.0.1_8848_nacos\snapshot-tenant\xiaohongshu\DEFAULT_GROUP\xiaohongshu-auth-dev.yaml
java.io.FileNotFoundException: C:\nacos\config\fixed-xiaohongshu-127.0.0.1_8848_nacos\snapshot-tenant\xiaohongshu\DEFAULT_GROUP\xiaohongshu-auth-dev.yaml (系统找不到指定的路径。)
	at java.base/java.io.FileOutputStream.open0(Native Method)
	at java.base/java.io.FileOutputStream.open(FileOutputStream.java:293)
	at java.base/java.io.FileOutputStream.<init>(FileOutputStream.java:235)
	at java.base/java.io.FileOutputStream.<init>(FileOutputStream.java:184)
	at com.alibaba.nacos.common.utils.IoUtils.writeStringToFile(IoUtils.java:118)
	at com.alibaba.nacos.client.config.impl.LocalConfigInfoProcessor.saveSnapshot(LocalConfigInfoProcessor.java:147)
	at com.alibaba.nacos.client.config.impl.ClientWorker$ConfigRpcTransportClient.queryConfig(ClientWorker.java:957)
	at com.alibaba.nacos.client.config.impl.ClientWorker.getServerConfig(ClientWorker.java:403)
	at com.alibaba.nacos.client.config.impl.ClientWorker.refreshContentAndCheck(ClientWorker.java:441)
	at com.alibaba.nacos.client.config.impl.ClientWorker.refreshContentAndCheck(ClientWorker.java:435)
	at com.alibaba.nacos.client.config.impl.ClientWorker.access$600(ClientWorker.java:96)
	at com.alibaba.nacos.client.config.impl.ClientWorker$ConfigRpcTransportClient.executeConfigListen(ClientWorker.java:799)
	at com.alibaba.nacos.client.config.impl.ClientWorker$ConfigRpcTransportClient.lambda$startInternal$2(ClientWorker.java:704)
	at java.base/java.util.concurrent.Executors$RunnableAdapter.call(Executors.java:539)
	at java.base/java.util.concurrent.FutureTask.run(FutureTask.java:264)
	at java.base/java.util.concurrent.ScheduledThreadPoolExecutor$ScheduledFutureTask.run(ScheduledThreadPoolExecutor.java:304)
	at java.base/java.util.concurrent.ThreadPoolExecutor.runWorker(ThreadPoolExecutor.java:1136)
	at java.base/java.util.concurrent.ThreadPoolExecutor$Worker.run(ThreadPoolExecutor.java:635)
	at java.base/java.lang.Thread.run(Thread.java:842)
2026-08-30 21:39:05.329 [com.alibaba.nacos.client.Worker] ERROR c.a.n.c.config.impl.LocalEncryptedDataKeyProcessor - [fixed-xiaohongshu-127.0.0.1_8848] save snapshot error
2026-08-30 21:39:05.330 [com.alibaba.nacos.client.Worker] ERROR c.a.n.c.config.impl.LocalEncryptedDataKeyProcessor - [fixed-xiaohongshu-127.0.0.1_8848] save snapshot error, C:\nacos\config\fixed-xiaohongshu-127.0.0.1_8848_nacos\encrypted-data-key\snapshot-tenant\xiaohongshu\DEFAULT_GROUP\xiaohongshu-auth-dev.yaml
java.io.FileNotFoundException: C:\nacos\config\fixed-xiaohongshu-127.0.0.1_8848_nacos\encrypted-data-key\snapshot-tenant\xiaohongshu\DEFAULT_GROUP\xiaohongshu-auth-dev.yaml (系统找不到指定的路径。)
	at java.base/java.io.FileOutputStream.open0(Native Method)
	at java.base/java.io.FileOutputStream.open(FileOutputStream.java:293)
	at java.base/java.io.FileOutputStream.<init>(FileOutputStream.java:235)
	at java.base/java.io.FileOutputStream.<init>(FileOutputStream.java:184)
	at com.alibaba.nacos.common.utils.IoUtils.writeStringToFile(IoUtils.java:118)
	at com.alibaba.nacos.client.config.impl.LocalEncryptedDataKeyProcessor.saveEncryptDataKeySnapshot(LocalEncryptedDataKeyProcessor.java:118)
	at com.alibaba.nacos.client.config.impl.ClientWorker$ConfigRpcTransportClient.queryConfig(ClientWorker.java:967)
	at com.alibaba.nacos.client.config.impl.ClientWorker.getServerConfig(ClientWorker.java:403)
	at com.alibaba.nacos.client.config.impl.ClientWorker.refreshContentAndCheck(ClientWorker.java:441)
	at com.alibaba.nacos.client.config.impl.ClientWorker.refreshContentAndCheck(ClientWorker.java:435)
	at com.alibaba.nacos.client.config.impl.ClientWorker.access$600(ClientWorker.java:96)
	at com.alibaba.nacos.client.config.impl.ClientWorker$ConfigRpcTransportClient.executeConfigListen(ClientWorker.java:799)
	at com.alibaba.nacos.client.config.impl.ClientWorker$ConfigRpcTransportClient.lambda$startInternal$2(ClientWorker.java:704)
	at java.base/java.util.concurrent.Executors$RunnableAdapter.call(Executors.java:539)
	at java.base/java.util.concurrent.FutureTask.run(FutureTask.java:264)
	at java.base/java.util.concurrent.ScheduledThreadPoolExecutor$ScheduledFutureTask.run(ScheduledThreadPoolExecutor.java:304)
	at java.base/java.util.concurrent.ThreadPoolExecutor.runWorker(ThreadPoolExecutor.java:1136)
	at java.base/java.util.concurrent.ThreadPoolExecutor$Worker.run(ThreadPoolExecutor.java:635)
	at java.base/java.lang.Thread.run(Thread.java:842)
2026-08-30 21:39:05.336 [com.alibaba.nacos.client.Worker] INFO  com.alibaba.nacos.client.config.impl.CacheData - [fixed-xiaohongshu-127.0.0.1_8848] [notify-listener] time cost=1ms in ClientWorker, dataId=xiaohongshu-auth-dev.yaml, group=DEFAULT_GROUP, md5=548b919bd97b1c45d081678a20fb2350, listener=com.alibaba.cloud.nacos.refresh.NacosContextRefresher$1@263e949b 
2026-08-30 21:39:05.336 [nacos.client.cachedata.internal.notifier] INFO  com.alibaba.nacos.client.config.impl.CacheData - [fixed-xiaohongshu-127.0.0.1_8848] [notify-context] dataId=xiaohongshu-auth-dev.yaml, group=DEFAULT_GROUP, md5=548b919bd97b1c45d081678a20fb2350
2026-08-30 21:39:06.031 [nacos.client.cachedata.internal.notifier] WARN  com.alibaba.nacos.client.logging.NacosLogging - Load Logback Configuration of Nacos fail, message: Could not initialize Logback Nacos logging from classpath:nacos-logback.xml
2026-08-30 21:39:06.042 [nacos.client.cachedata.internal.notifier] WARN  com.alibaba.nacos.client.logging.NacosLogging - Load Logback Configuration of Nacos fail, message: Could not initialize Logback Nacos logging from classpath:nacos-logback.xml
2026-08-30 21:39:06.109 [nacos.client.cachedata.internal.notifier] WARN  com.alibaba.nacos.client.logging.NacosLogging - Load Logback Configuration of Nacos fail, message: Could not initialize Logback Nacos logging from classpath:nacos-logback.xml
2026-08-30 21:39:06.172 [nacos.client.cachedata.internal.notifier] ERROR c.a.n.client.config.impl.LocalConfigInfoProcessor - [fixed-xiaohongshu-127.0.0.1_8848] save snapshot error
2026-08-30 21:39:06.174 [nacos.client.cachedata.internal.notifier] ERROR c.a.n.client.config.impl.LocalConfigInfoProcessor - [fixed-xiaohongshu-127.0.0.1_8848] save snapshot error, C:\nacos\config\fixed-xiaohongshu-127.0.0.1_8848_nacos\snapshot-tenant\xiaohongshu\DEFAULT_GROUP\xiaohongshu-auth
java.io.FileNotFoundException: C:\nacos\config\fixed-xiaohongshu-127.0.0.1_8848_nacos\snapshot-tenant\xiaohongshu\DEFAULT_GROUP\xiaohongshu-auth (系统找不到指定的路径。)
	at java.base/java.io.FileOutputStream.open0(Native Method)
	at java.base/java.io.FileOutputStream.open(FileOutputStream.java:293)
	at java.base/java.io.FileOutputStream.<init>(FileOutputStream.java:235)
	at java.base/java.io.FileOutputStream.<init>(FileOutputStream.java:184)
	at com.alibaba.nacos.common.utils.IoUtils.writeStringToFile(IoUtils.java:118)
	at com.alibaba.nacos.client.config.impl.LocalConfigInfoProcessor.saveSnapshot(LocalConfigInfoProcessor.java:147)
	at com.alibaba.nacos.client.config.impl.ClientWorker$ConfigRpcTransportClient.queryConfig(ClientWorker.java:957)
	at com.alibaba.nacos.client.config.impl.ClientWorker.getServerConfig(ClientWorker.java:403)
	at com.alibaba.nacos.client.config.NacosConfigService.getConfigInner(NacosConfigService.java:184)
	at com.alibaba.nacos.client.config.NacosConfigService.getConfig(NacosConfigService.java:96)
	at com.alibaba.cloud.nacos.client.NacosPropertySourceBuilder.loadNacosData(NacosPropertySourceBuilder.java:85)
	at com.alibaba.cloud.nacos.client.NacosPropertySourceBuilder.build(NacosPropertySourceBuilder.java:73)
	at com.alibaba.cloud.nacos.client.NacosPropertySourceLocator.loadNacosPropertySource(NacosPropertySourceLocator.java:199)
	at com.alibaba.cloud.nacos.client.NacosPropertySourceLocator.loadNacosDataIfPresent(NacosPropertySourceLocator.java:186)
	at com.alibaba.cloud.nacos.client.NacosPropertySourceLocator.loadApplicationConfiguration(NacosPropertySourceLocator.java:141)
	at com.alibaba.cloud.nacos.client.NacosPropertySourceLocator.locate(NacosPropertySourceLocator.java:103)
	at org.springframework.cloud.bootstrap.config.PropertySourceLocator.locateCollection(PropertySourceLocator.java:50)
	at org.springframework.cloud.bootstrap.config.PropertySourceLocator.locateCollection(PropertySourceLocator.java:46)
	at org.springframework.cloud.bootstrap.config.PropertySourceBootstrapConfiguration.initialize(PropertySourceBootstrapConfiguration.java:95)
	at org.springframework.boot.SpringApplication.applyInitializers(SpringApplication.java:603)
	at org.springframework.boot.SpringApplication.prepareContext(SpringApplication.java:383)
	at org.springframework.boot.SpringApplication.run(SpringApplication.java:307)
	at org.springframework.boot.builder.SpringApplicationBuilder.run(SpringApplicationBuilder.java:150)
	at org.springframework.cloud.context.refresh.LegacyContextRefresher.addConfigFilesToEnvironment(LegacyContextRefresher.java:78)
	at org.springframework.cloud.context.refresh.LegacyContextRefresher.updateEnvironment(LegacyContextRefresher.java:56)
	at org.springframework.cloud.context.refresh.ContextRefresher.refreshEnvironment(ContextRefresher.java:101)
	at org.springframework.cloud.context.refresh.ContextRefresher.refresh(ContextRefresher.java:94)
	at org.springframework.cloud.endpoint.event.RefreshEventListener.handle(RefreshEventListener.java:72)
	at org.springframework.cloud.endpoint.event.RefreshEventListener.onApplicationEvent(RefreshEventListener.java:61)
	at org.springframework.context.event.SimpleApplicationEventMulticaster.doInvokeListener(SimpleApplicationEventMulticaster.java:176)
	at org.springframework.context.event.SimpleApplicationEventMulticaster.invokeListener(SimpleApplicationEventMulticaster.java:169)
	at org.springframework.context.event.SimpleApplicationEventMulticaster.multicastEvent(SimpleApplicationEventMulticaster.java:143)
	at org.springframework.context.support.AbstractApplicationContext.publishEvent(AbstractApplicationContext.java:413)
	at org.springframework.context.support.AbstractApplicationContext.publishEvent(AbstractApplicationContext.java:370)
	at com.alibaba.cloud.nacos.refresh.NacosContextRefresher$1.innerReceive(NacosContextRefresher.java:118)
	at com.alibaba.nacos.api.config.listener.AbstractSharedListener.receiveConfigInfo(AbstractSharedListener.java:40)
	at com.alibaba.nacos.client.config.impl.CacheData.lambda$safeNotifyListener$1(CacheData.java:334)
	at java.base/java.util.concurrent.Executors$RunnableAdapter.call(Executors.java:539)
	at java.base/java.util.concurrent.FutureTask.run(FutureTask.java:264)
	at java.base/java.util.concurrent.ThreadPoolExecutor.runWorker(ThreadPoolExecutor.java:1136)
	at java.base/java.util.concurrent.ThreadPoolExecutor$Worker.run(ThreadPoolExecutor.java:635)
	at java.base/java.lang.Thread.run(Thread.java:842)
2026-08-30 21:39:06.187 [nacos.client.cachedata.internal.notifier] ERROR c.a.n.c.config.impl.LocalEncryptedDataKeyProcessor - [fixed-xiaohongshu-127.0.0.1_8848] save snapshot error
2026-08-30 21:39:06.189 [nacos.client.cachedata.internal.notifier] ERROR c.a.n.c.config.impl.LocalEncryptedDataKeyProcessor - [fixed-xiaohongshu-127.0.0.1_8848] save snapshot error, C:\nacos\config\fixed-xiaohongshu-127.0.0.1_8848_nacos\encrypted-data-key\snapshot-tenant\xiaohongshu\DEFAULT_GROUP\xiaohongshu-auth
java.io.FileNotFoundException: C:\nacos\config\fixed-xiaohongshu-127.0.0.1_8848_nacos\encrypted-data-key\snapshot-tenant\xiaohongshu\DEFAULT_GROUP\xiaohongshu-auth (系统找不到指定的路径。)
	at java.base/java.io.FileOutputStream.open0(Native Method)
	at java.base/java.io.FileOutputStream.open(FileOutputStream.java:293)
	at java.base/java.io.FileOutputStream.<init>(FileOutputStream.java:235)
	at java.base/java.io.FileOutputStream.<init>(FileOutputStream.java:184)
	at com.alibaba.nacos.common.utils.IoUtils.writeStringToFile(IoUtils.java:118)
	at com.alibaba.nacos.client.config.impl.LocalEncryptedDataKeyProcessor.saveEncryptDataKeySnapshot(LocalEncryptedDataKeyProcessor.java:118)
	at com.alibaba.nacos.client.config.impl.ClientWorker$ConfigRpcTransportClient.queryConfig(ClientWorker.java:967)
	at com.alibaba.nacos.client.config.impl.ClientWorker.getServerConfig(ClientWorker.java:403)
	at com.alibaba.nacos.client.config.NacosConfigService.getConfigInner(NacosConfigService.java:184)
	at com.alibaba.nacos.client.config.NacosConfigService.getConfig(NacosConfigService.java:96)
	at com.alibaba.cloud.nacos.client.NacosPropertySourceBuilder.loadNacosData(NacosPropertySourceBuilder.java:85)
	at com.alibaba.cloud.nacos.client.NacosPropertySourceBuilder.build(NacosPropertySourceBuilder.java:73)
	at com.alibaba.cloud.nacos.client.NacosPropertySourceLocator.loadNacosPropertySource(NacosPropertySourceLocator.java:199)
	at com.alibaba.cloud.nacos.client.NacosPropertySourceLocator.loadNacosDataIfPresent(NacosPropertySourceLocator.java:186)
	at com.alibaba.cloud.nacos.client.NacosPropertySourceLocator.loadApplicationConfiguration(NacosPropertySourceLocator.java:141)
	at com.alibaba.cloud.nacos.client.NacosPropertySourceLocator.locate(NacosPropertySourceLocator.java:103)
	at org.springframework.cloud.bootstrap.config.PropertySourceLocator.locateCollection(PropertySourceLocator.java:50)
	at org.springframework.cloud.bootstrap.config.PropertySourceLocator.locateCollection(PropertySourceLocator.java:46)
	at org.springframework.cloud.bootstrap.config.PropertySourceBootstrapConfiguration.initialize(PropertySourceBootstrapConfiguration.java:95)
	at org.springframework.boot.SpringApplication.applyInitializers(SpringApplication.java:603)
	at org.springframework.boot.SpringApplication.prepareContext(SpringApplication.java:383)
	at org.springframework.boot.SpringApplication.run(SpringApplication.java:307)
	at org.springframework.boot.builder.SpringApplicationBuilder.run(SpringApplicationBuilder.java:150)
	at org.springframework.cloud.context.refresh.LegacyContextRefresher.addConfigFilesToEnvironment(LegacyContextRefresher.java:78)
	at org.springframework.cloud.context.refresh.LegacyContextRefresher.updateEnvironment(LegacyContextRefresher.java:56)
	at org.springframework.cloud.context.refresh.ContextRefresher.refreshEnvironment(ContextRefresher.java:101)
	at org.springframework.cloud.context.refresh.ContextRefresher.refresh(ContextRefresher.java:94)
	at org.springframework.cloud.endpoint.event.RefreshEventListener.handle(RefreshEventListener.java:72)
	at org.springframework.cloud.endpoint.event.RefreshEventListener.onApplicationEvent(RefreshEventListener.java:61)
	at org.springframework.context.event.SimpleApplicationEventMulticaster.doInvokeListener(SimpleApplicationEventMulticaster.java:176)
	at org.springframework.context.event.SimpleApplicationEventMulticaster.invokeListener(SimpleApplicationEventMulticaster.java:169)
	at org.springframework.context.event.SimpleApplicationEventMulticaster.multicastEvent(SimpleApplicationEventMulticaster.java:143)
	at org.springframework.context.support.AbstractApplicationContext.publishEvent(AbstractApplicationContext.java:413)
	at org.springframework.context.support.AbstractApplicationContext.publishEvent(AbstractApplicationContext.java:370)
	at com.alibaba.cloud.nacos.refresh.NacosContextRefresher$1.innerReceive(NacosContextRefresher.java:118)
	at com.alibaba.nacos.api.config.listener.AbstractSharedListener.receiveConfigInfo(AbstractSharedListener.java:40)
	at com.alibaba.nacos.client.config.impl.CacheData.lambda$safeNotifyListener$1(CacheData.java:334)
	at java.base/java.util.concurrent.Executors$RunnableAdapter.call(Executors.java:539)
	at java.base/java.util.concurrent.FutureTask.run(FutureTask.java:264)
	at java.base/java.util.concurrent.ThreadPoolExecutor.runWorker(ThreadPoolExecutor.java:1136)
	at java.base/java.util.concurrent.ThreadPoolExecutor$Worker.run(ThreadPoolExecutor.java:635)
	at java.base/java.lang.Thread.run(Thread.java:842)
2026-08-30 21:39:06.218 [nacos.client.cachedata.internal.notifier] WARN  c.a.cloud.nacos.client.NacosPropertySourceBuilder - Ignore the empty nacos configuration and get it based on dataId[xiaohongshu-auth.yaml] & group[DEFAULT_GROUP]
2026-08-30 21:39:06.257 [nacos.client.cachedata.internal.notifier] ERROR c.a.n.client.config.impl.LocalConfigInfoProcessor - [fixed-xiaohongshu-127.0.0.1_8848] save snapshot error
2026-08-30 21:39:06.259 [nacos.client.cachedata.internal.notifier] ERROR c.a.n.client.config.impl.LocalConfigInfoProcessor - [fixed-xiaohongshu-127.0.0.1_8848] save snapshot error, C:\nacos\config\fixed-xiaohongshu-127.0.0.1_8848_nacos\snapshot-tenant\xiaohongshu\DEFAULT_GROUP\xiaohongshu-auth-dev.yaml
java.io.FileNotFoundException: C:\nacos\config\fixed-xiaohongshu-127.0.0.1_8848_nacos\snapshot-tenant\xiaohongshu\DEFAULT_GROUP\xiaohongshu-auth-dev.yaml (系统找不到指定的路径。)
	at java.base/java.io.FileOutputStream.open0(Native Method)
	at java.base/java.io.FileOutputStream.open(FileOutputStream.java:293)
	at java.base/java.io.FileOutputStream.<init>(FileOutputStream.java:235)
	at java.base/java.io.FileOutputStream.<init>(FileOutputStream.java:184)
	at com.alibaba.nacos.common.utils.IoUtils.writeStringToFile(IoUtils.java:118)
	at com.alibaba.nacos.client.config.impl.LocalConfigInfoProcessor.saveSnapshot(LocalConfigInfoProcessor.java:147)
	at com.alibaba.nacos.client.config.impl.ClientWorker$ConfigRpcTransportClient.queryConfig(ClientWorker.java:957)
	at com.alibaba.nacos.client.config.impl.ClientWorker.getServerConfig(ClientWorker.java:403)
	at com.alibaba.nacos.client.config.NacosConfigService.getConfigInner(NacosConfigService.java:184)
	at com.alibaba.nacos.client.config.NacosConfigService.getConfig(NacosConfigService.java:96)
	at com.alibaba.cloud.nacos.client.NacosPropertySourceBuilder.loadNacosData(NacosPropertySourceBuilder.java:85)
	at com.alibaba.cloud.nacos.client.NacosPropertySourceBuilder.build(NacosPropertySourceBuilder.java:73)
	at com.alibaba.cloud.nacos.client.NacosPropertySourceLocator.loadNacosPropertySource(NacosPropertySourceLocator.java:199)
	at com.alibaba.cloud.nacos.client.NacosPropertySourceLocator.loadNacosDataIfPresent(NacosPropertySourceLocator.java:186)
	at com.alibaba.cloud.nacos.client.NacosPropertySourceLocator.loadApplicationConfiguration(NacosPropertySourceLocator.java:149)
	at com.alibaba.cloud.nacos.client.NacosPropertySourceLocator.locate(NacosPropertySourceLocator.java:103)
	at org.springframework.cloud.bootstrap.config.PropertySourceLocator.locateCollection(PropertySourceLocator.java:50)
	at org.springframework.cloud.bootstrap.config.PropertySourceLocator.locateCollection(PropertySourceLocator.java:46)
	at org.springframework.cloud.bootstrap.config.PropertySourceBootstrapConfiguration.initialize(PropertySourceBootstrapConfiguration.java:95)
	at org.springframework.boot.SpringApplication.applyInitializers(SpringApplication.java:603)
	at org.springframework.boot.SpringApplication.prepareContext(SpringApplication.java:383)
	at org.springframework.boot.SpringApplication.run(SpringApplication.java:307)
	at org.springframework.boot.builder.SpringApplicationBuilder.run(SpringApplicationBuilder.java:150)
	at org.springframework.cloud.context.refresh.LegacyContextRefresher.addConfigFilesToEnvironment(LegacyContextRefresher.java:78)
	at org.springframework.cloud.context.refresh.LegacyContextRefresher.updateEnvironment(LegacyContextRefresher.java:56)
	at org.springframework.cloud.context.refresh.ContextRefresher.refreshEnvironment(ContextRefresher.java:101)
	at org.springframework.cloud.context.refresh.ContextRefresher.refresh(ContextRefresher.java:94)
	at org.springframework.cloud.endpoint.event.RefreshEventListener.handle(RefreshEventListener.java:72)
	at org.springframework.cloud.endpoint.event.RefreshEventListener.onApplicationEvent(RefreshEventListener.java:61)
	at org.springframework.context.event.SimpleApplicationEventMulticaster.doInvokeListener(SimpleApplicationEventMulticaster.java:176)
	at org.springframework.context.event.SimpleApplicationEventMulticaster.invokeListener(SimpleApplicationEventMulticaster.java:169)
	at org.springframework.context.event.SimpleApplicationEventMulticaster.multicastEvent(SimpleApplicationEventMulticaster.java:143)
	at org.springframework.context.support.AbstractApplicationContext.publishEvent(AbstractApplicationContext.java:413)
	at org.springframework.context.support.AbstractApplicationContext.publishEvent(AbstractApplicationContext.java:370)
	at com.alibaba.cloud.nacos.refresh.NacosContextRefresher$1.innerReceive(NacosContextRefresher.java:118)
	at com.alibaba.nacos.api.config.listener.AbstractSharedListener.receiveConfigInfo(AbstractSharedListener.java:40)
	at com.alibaba.nacos.client.config.impl.CacheData.lambda$safeNotifyListener$1(CacheData.java:334)
	at java.base/java.util.concurrent.Executors$RunnableAdapter.call(Executors.java:539)
	at java.base/java.util.concurrent.FutureTask.run(FutureTask.java:264)
	at java.base/java.util.concurrent.ThreadPoolExecutor.runWorker(ThreadPoolExecutor.java:1136)
	at java.base/java.util.concurrent.ThreadPoolExecutor$Worker.run(ThreadPoolExecutor.java:635)
	at java.base/java.lang.Thread.run(Thread.java:842)
2026-08-30 21:39:06.271 [nacos.client.cachedata.internal.notifier] ERROR c.a.n.c.config.impl.LocalEncryptedDataKeyProcessor - [fixed-xiaohongshu-127.0.0.1_8848] save snapshot error
2026-08-30 21:39:06.273 [nacos.client.cachedata.internal.notifier] ERROR c.a.n.c.config.impl.LocalEncryptedDataKeyProcessor - [fixed-xiaohongshu-127.0.0.1_8848] save snapshot error, C:\nacos\config\fixed-xiaohongshu-127.0.0.1_8848_nacos\encrypted-data-key\snapshot-tenant\xiaohongshu\DEFAULT_GROUP\xiaohongshu-auth-dev.yaml
java.io.FileNotFoundException: C:\nacos\config\fixed-xiaohongshu-127.0.0.1_8848_nacos\encrypted-data-key\snapshot-tenant\xiaohongshu\DEFAULT_GROUP\xiaohongshu-auth-dev.yaml (系统找不到指定的路径。)
	at java.base/java.io.FileOutputStream.open0(Native Method)
	at java.base/java.io.FileOutputStream.open(FileOutputStream.java:293)
	at java.base/java.io.FileOutputStream.<init>(FileOutputStream.java:235)
	at java.base/java.io.FileOutputStream.<init>(FileOutputStream.java:184)
	at com.alibaba.nacos.common.utils.IoUtils.writeStringToFile(IoUtils.java:118)
	at com.alibaba.nacos.client.config.impl.LocalEncryptedDataKeyProcessor.saveEncryptDataKeySnapshot(LocalEncryptedDataKeyProcessor.java:118)
	at com.alibaba.nacos.client.config.impl.ClientWorker$ConfigRpcTransportClient.queryConfig(ClientWorker.java:967)
	at com.alibaba.nacos.client.config.impl.ClientWorker.getServerConfig(ClientWorker.java:403)
	at com.alibaba.nacos.client.config.NacosConfigService.getConfigInner(NacosConfigService.java:184)
	at com.alibaba.nacos.client.config.NacosConfigService.getConfig(NacosConfigService.java:96)
	at com.alibaba.cloud.nacos.client.NacosPropertySourceBuilder.loadNacosData(NacosPropertySourceBuilder.java:85)
	at com.alibaba.cloud.nacos.client.NacosPropertySourceBuilder.build(NacosPropertySourceBuilder.java:73)
	at com.alibaba.cloud.nacos.client.NacosPropertySourceLocator.loadNacosPropertySource(NacosPropertySourceLocator.java:199)
	at com.alibaba.cloud.nacos.client.NacosPropertySourceLocator.loadNacosDataIfPresent(NacosPropertySourceLocator.java:186)
	at com.alibaba.cloud.nacos.client.NacosPropertySourceLocator.loadApplicationConfiguration(NacosPropertySourceLocator.java:149)
	at com.alibaba.cloud.nacos.client.NacosPropertySourceLocator.locate(NacosPropertySourceLocator.java:103)
	at org.springframework.cloud.bootstrap.config.PropertySourceLocator.locateCollection(PropertySourceLocator.java:50)
	at org.springframework.cloud.bootstrap.config.PropertySourceLocator.locateCollection(PropertySourceLocator.java:46)
	at org.springframework.cloud.bootstrap.config.PropertySourceBootstrapConfiguration.initialize(PropertySourceBootstrapConfiguration.java:95)
	at org.springframework.boot.SpringApplication.applyInitializers(SpringApplication.java:603)
	at org.springframework.boot.SpringApplication.prepareContext(SpringApplication.java:383)
	at org.springframework.boot.SpringApplication.run(SpringApplication.java:307)
	at org.springframework.boot.builder.SpringApplicationBuilder.run(SpringApplicationBuilder.java:150)
	at org.springframework.cloud.context.refresh.LegacyContextRefresher.addConfigFilesToEnvironment(LegacyContextRefresher.java:78)
	at org.springframework.cloud.context.refresh.LegacyContextRefresher.updateEnvironment(LegacyContextRefresher.java:56)
	at org.springframework.cloud.context.refresh.ContextRefresher.refreshEnvironment(ContextRefresher.java:101)
	at org.springframework.cloud.context.refresh.ContextRefresher.refresh(ContextRefresher.java:94)
	at org.springframework.cloud.endpoint.event.RefreshEventListener.handle(RefreshEventListener.java:72)
	at org.springframework.cloud.endpoint.event.RefreshEventListener.onApplicationEvent(RefreshEventListener.java:61)
	at org.springframework.context.event.SimpleApplicationEventMulticaster.doInvokeListener(SimpleApplicationEventMulticaster.java:176)
	at org.springframework.context.event.SimpleApplicationEventMulticaster.invokeListener(SimpleApplicationEventMulticaster.java:169)
	at org.springframework.context.event.SimpleApplicationEventMulticaster.multicastEvent(SimpleApplicationEventMulticaster.java:143)
	at org.springframework.context.support.AbstractApplicationContext.publishEvent(AbstractApplicationContext.java:413)
	at org.springframework.context.support.AbstractApplicationContext.publishEvent(AbstractApplicationContext.java:370)
	at com.alibaba.cloud.nacos.refresh.NacosContextRefresher$1.innerReceive(NacosContextRefresher.java:118)
	at com.alibaba.nacos.api.config.listener.AbstractSharedListener.receiveConfigInfo(AbstractSharedListener.java:40)
	at com.alibaba.nacos.client.config.impl.CacheData.lambda$safeNotifyListener$1(CacheData.java:334)
	at java.base/java.util.concurrent.Executors$RunnableAdapter.call(Executors.java:539)
	at java.base/java.util.concurrent.FutureTask.run(FutureTask.java:264)
	at java.base/java.util.concurrent.ThreadPoolExecutor.runWorker(ThreadPoolExecutor.java:1136)
	at java.base/java.util.concurrent.ThreadPoolExecutor$Worker.run(ThreadPoolExecutor.java:635)
	at java.base/java.lang.Thread.run(Thread.java:842)
2026-08-30 21:39:06.285 [nacos.client.cachedata.internal.notifier] INFO  o.s.c.b.c.PropertySourceBootstrapConfiguration - Located property source: [BootstrapPropertySource {name='bootstrapProperties-xiaohongshu-auth-dev.yaml,DEFAULT_GROUP'}, BootstrapPropertySource {name='bootstrapProperties-xiaohongshu-auth.yaml,DEFAULT_GROUP'}, BootstrapPropertySource {name='bootstrapProperties-xiaohongshu-auth,DEFAULT_GROUP'}]
2026-08-30 21:39:06.291 [nacos.client.cachedata.internal.notifier] WARN  com.alibaba.nacos.client.logging.NacosLogging - Load Logback Configuration of Nacos fail, message: Could not initialize Logback Nacos logging from classpath:nacos-logback.xml
2026-08-30 21:39:06.293 [nacos.client.cachedata.internal.notifier] INFO  org.springframework.boot.SpringApplication - The following 1 profile is active: "dev"
2026-08-30 21:39:06.304 [nacos.client.cachedata.internal.notifier] INFO  org.springframework.boot.SpringApplication - Started application in 1.025 seconds (process running for 31.101)
2026-08-30 21:39:06.441 [nacos.client.cachedata.internal.notifier] INFO  o.s.cloud.endpoint.event.RefreshEventListener - Refresh keys changed: []
2026-08-30 21:39:06.444 [nacos.client.cachedata.internal.notifier] INFO  com.alibaba.nacos.client.config.impl.CacheData - [fixed-xiaohongshu-127.0.0.1_8848] [notify-ok] dataId=xiaohongshu-auth, group=DEFAULT_GROUP, md5=65de1e59d7959a0d907416e08eeb33bd, listener=com.alibaba.cloud.nacos.refresh.NacosContextRefresher$1@f58722d ,cost=1172 millis.
2026-08-30 21:39:07.195 [nacos.client.cachedata.internal.notifier] WARN  com.alibaba.nacos.client.logging.NacosLogging - Load Logback Configuration of Nacos fail, message: Could not initialize Logback Nacos logging from classpath:nacos-logback.xml
2026-08-30 21:39:07.207 [nacos.client.cachedata.internal.notifier] WARN  com.alibaba.nacos.client.logging.NacosLogging - Load Logback Configuration of Nacos fail, message: Could not initialize Logback Nacos logging from classpath:nacos-logback.xml
2026-08-30 21:39:07.264 [nacos.client.cachedata.internal.notifier] WARN  com.alibaba.nacos.client.logging.NacosLogging - Load Logback Configuration of Nacos fail, message: Could not initialize Logback Nacos logging from classpath:nacos-logback.xml
2026-08-30 21:39:07.699 [nacos.client.cachedata.internal.notifier] ERROR c.a.n.client.config.impl.LocalConfigInfoProcessor - [fixed-xiaohongshu-127.0.0.1_8848] save snapshot error
2026-08-30 21:39:07.701 [nacos.client.cachedata.internal.notifier] ERROR c.a.n.client.config.impl.LocalConfigInfoProcessor - [fixed-xiaohongshu-127.0.0.1_8848] save snapshot error, C:\nacos\config\fixed-xiaohongshu-127.0.0.1_8848_nacos\snapshot-tenant\xiaohongshu\DEFAULT_GROUP\xiaohongshu-auth
java.io.FileNotFoundException: C:\nacos\config\fixed-xiaohongshu-127.0.0.1_8848_nacos\snapshot-tenant\xiaohongshu\DEFAULT_GROUP\xiaohongshu-auth (系统找不到指定的路径。)
	at java.base/java.io.FileOutputStream.open0(Native Method)
	at java.base/java.io.FileOutputStream.open(FileOutputStream.java:293)
	at java.base/java.io.FileOutputStream.<init>(FileOutputStream.java:235)
	at java.base/java.io.FileOutputStream.<init>(FileOutputStream.java:184)
	at com.alibaba.nacos.common.utils.IoUtils.writeStringToFile(IoUtils.java:118)
	at com.alibaba.nacos.client.config.impl.LocalConfigInfoProcessor.saveSnapshot(LocalConfigInfoProcessor.java:147)
	at com.alibaba.nacos.client.config.impl.ClientWorker$ConfigRpcTransportClient.queryConfig(ClientWorker.java:957)
	at com.alibaba.nacos.client.config.impl.ClientWorker.getServerConfig(ClientWorker.java:403)
	at com.alibaba.nacos.client.config.NacosConfigService.getConfigInner(NacosConfigService.java:184)
	at com.alibaba.nacos.client.config.NacosConfigService.getConfig(NacosConfigService.java:96)
	at com.alibaba.cloud.nacos.client.NacosPropertySourceBuilder.loadNacosData(NacosPropertySourceBuilder.java:85)
	at com.alibaba.cloud.nacos.client.NacosPropertySourceBuilder.build(NacosPropertySourceBuilder.java:73)
	at com.alibaba.cloud.nacos.client.NacosPropertySourceLocator.loadNacosPropertySource(NacosPropertySourceLocator.java:199)
	at com.alibaba.cloud.nacos.client.NacosPropertySourceLocator.loadNacosDataIfPresent(NacosPropertySourceLocator.java:186)
	at com.alibaba.cloud.nacos.client.NacosPropertySourceLocator.loadApplicationConfiguration(NacosPropertySourceLocator.java:141)
	at com.alibaba.cloud.nacos.client.NacosPropertySourceLocator.locate(NacosPropertySourceLocator.java:103)
	at org.springframework.cloud.bootstrap.config.PropertySourceLocator.locateCollection(PropertySourceLocator.java:50)
	at org.springframework.cloud.bootstrap.config.PropertySourceLocator.locateCollection(PropertySourceLocator.java:46)
	at org.springframework.cloud.bootstrap.config.PropertySourceBootstrapConfiguration.initialize(PropertySourceBootstrapConfiguration.java:95)
	at org.springframework.boot.SpringApplication.applyInitializers(SpringApplication.java:603)
	at org.springframework.boot.SpringApplication.prepareContext(SpringApplication.java:383)
	at org.springframework.boot.SpringApplication.run(SpringApplication.java:307)
	at org.springframework.boot.builder.SpringApplicationBuilder.run(SpringApplicationBuilder.java:150)
	at org.springframework.cloud.context.refresh.LegacyContextRefresher.addConfigFilesToEnvironment(LegacyContextRefresher.java:78)
	at org.springframework.cloud.context.refresh.LegacyContextRefresher.updateEnvironment(LegacyContextRefresher.java:56)
	at org.springframework.cloud.context.refresh.ContextRefresher.refreshEnvironment(ContextRefresher.java:101)
	at org.springframework.cloud.context.refresh.ContextRefresher.refresh(ContextRefresher.java:94)
	at org.springframework.cloud.endpoint.event.RefreshEventListener.handle(RefreshEventListener.java:72)
	at org.springframework.cloud.endpoint.event.RefreshEventListener.onApplicationEvent(RefreshEventListener.java:61)
	at org.springframework.context.event.SimpleApplicationEventMulticaster.doInvokeListener(SimpleApplicationEventMulticaster.java:176)
	at org.springframework.context.event.SimpleApplicationEventMulticaster.invokeListener(SimpleApplicationEventMulticaster.java:169)
	at org.springframework.context.event.SimpleApplicationEventMulticaster.multicastEvent(SimpleApplicationEventMulticaster.java:143)
	at org.springframework.context.support.AbstractApplicationContext.publishEvent(AbstractApplicationContext.java:413)
	at org.springframework.context.support.AbstractApplicationContext.publishEvent(AbstractApplicationContext.java:370)
	at com.alibaba.cloud.nacos.refresh.NacosContextRefresher$1.innerReceive(NacosContextRefresher.java:118)
	at com.alibaba.nacos.api.config.listener.AbstractSharedListener.receiveConfigInfo(AbstractSharedListener.java:40)
	at com.alibaba.nacos.client.config.impl.CacheData.lambda$safeNotifyListener$1(CacheData.java:334)
	at java.base/java.util.concurrent.Executors$RunnableAdapter.call(Executors.java:539)
	at java.base/java.util.concurrent.FutureTask.run(FutureTask.java:264)
	at java.base/java.util.concurrent.ThreadPoolExecutor.runWorker(ThreadPoolExecutor.java:1136)
	at java.base/java.util.concurrent.ThreadPoolExecutor$Worker.run(ThreadPoolExecutor.java:635)
	at java.base/java.lang.Thread.run(Thread.java:842)
2026-08-30 21:39:07.713 [nacos.client.cachedata.internal.notifier] ERROR c.a.n.c.config.impl.LocalEncryptedDataKeyProcessor - [fixed-xiaohongshu-127.0.0.1_8848] save snapshot error
2026-08-30 21:39:07.715 [nacos.client.cachedata.internal.notifier] ERROR c.a.n.c.config.impl.LocalEncryptedDataKeyProcessor - [fixed-xiaohongshu-127.0.0.1_8848] save snapshot error, C:\nacos\config\fixed-xiaohongshu-127.0.0.1_8848_nacos\encrypted-data-key\snapshot-tenant\xiaohongshu\DEFAULT_GROUP\xiaohongshu-auth
java.io.FileNotFoundException: C:\nacos\config\fixed-xiaohongshu-127.0.0.1_8848_nacos\encrypted-data-key\snapshot-tenant\xiaohongshu\DEFAULT_GROUP\xiaohongshu-auth (系统找不到指定的路径。)
	at java.base/java.io.FileOutputStream.open0(Native Method)
	at java.base/java.io.FileOutputStream.open(FileOutputStream.java:293)
	at java.base/java.io.FileOutputStream.<init>(FileOutputStream.java:235)
	at java.base/java.io.FileOutputStream.<init>(FileOutputStream.java:184)
	at com.alibaba.nacos.common.utils.IoUtils.writeStringToFile(IoUtils.java:118)
	at com.alibaba.nacos.client.config.impl.LocalEncryptedDataKeyProcessor.saveEncryptDataKeySnapshot(LocalEncryptedDataKeyProcessor.java:118)
	at com.alibaba.nacos.client.config.impl.ClientWorker$ConfigRpcTransportClient.queryConfig(ClientWorker.java:967)
	at com.alibaba.nacos.client.config.impl.ClientWorker.getServerConfig(ClientWorker.java:403)
	at com.alibaba.nacos.client.config.NacosConfigService.getConfigInner(NacosConfigService.java:184)
	at com.alibaba.nacos.client.config.NacosConfigService.getConfig(NacosConfigService.java:96)
	at com.alibaba.cloud.nacos.client.NacosPropertySourceBuilder.loadNacosData(NacosPropertySourceBuilder.java:85)
	at com.alibaba.cloud.nacos.client.NacosPropertySourceBuilder.build(NacosPropertySourceBuilder.java:73)
	at com.alibaba.cloud.nacos.client.NacosPropertySourceLocator.loadNacosPropertySource(NacosPropertySourceLocator.java:199)
	at com.alibaba.cloud.nacos.client.NacosPropertySourceLocator.loadNacosDataIfPresent(NacosPropertySourceLocator.java:186)
	at com.alibaba.cloud.nacos.client.NacosPropertySourceLocator.loadApplicationConfiguration(NacosPropertySourceLocator.java:141)
	at com.alibaba.cloud.nacos.client.NacosPropertySourceLocator.locate(NacosPropertySourceLocator.java:103)
	at org.springframework.cloud.bootstrap.config.PropertySourceLocator.locateCollection(PropertySourceLocator.java:50)
	at org.springframework.cloud.bootstrap.config.PropertySourceLocator.locateCollection(PropertySourceLocator.java:46)
	at org.springframework.cloud.bootstrap.config.PropertySourceBootstrapConfiguration.initialize(PropertySourceBootstrapConfiguration.java:95)
	at org.springframework.boot.SpringApplication.applyInitializers(SpringApplication.java:603)
	at org.springframework.boot.SpringApplication.prepareContext(SpringApplication.java:383)
	at org.springframework.boot.SpringApplication.run(SpringApplication.java:307)
	at org.springframework.boot.builder.SpringApplicationBuilder.run(SpringApplicationBuilder.java:150)
	at org.springframework.cloud.context.refresh.LegacyContextRefresher.addConfigFilesToEnvironment(LegacyContextRefresher.java:78)
	at org.springframework.cloud.context.refresh.LegacyContextRefresher.updateEnvironment(LegacyContextRefresher.java:56)
	at org.springframework.cloud.context.refresh.ContextRefresher.refreshEnvironment(ContextRefresher.java:101)
	at org.springframework.cloud.context.refresh.ContextRefresher.refresh(ContextRefresher.java:94)
	at org.springframework.cloud.endpoint.event.RefreshEventListener.handle(RefreshEventListener.java:72)
	at org.springframework.cloud.endpoint.event.RefreshEventListener.onApplicationEvent(RefreshEventListener.java:61)
	at org.springframework.context.event.SimpleApplicationEventMulticaster.doInvokeListener(SimpleApplicationEventMulticaster.java:176)
	at org.springframework.context.event.SimpleApplicationEventMulticaster.invokeListener(SimpleApplicationEventMulticaster.java:169)
	at org.springframework.context.event.SimpleApplicationEventMulticaster.multicastEvent(SimpleApplicationEventMulticaster.java:143)
	at org.springframework.context.support.AbstractApplicationContext.publishEvent(AbstractApplicationContext.java:413)
	at org.springframework.context.support.AbstractApplicationContext.publishEvent(AbstractApplicationContext.java:370)
	at com.alibaba.cloud.nacos.refresh.NacosContextRefresher$1.innerReceive(NacosContextRefresher.java:118)
	at com.alibaba.nacos.api.config.listener.AbstractSharedListener.receiveConfigInfo(AbstractSharedListener.java:40)
	at com.alibaba.nacos.client.config.impl.CacheData.lambda$safeNotifyListener$1(CacheData.java:334)
	at java.base/java.util.concurrent.Executors$RunnableAdapter.call(Executors.java:539)
	at java.base/java.util.concurrent.FutureTask.run(FutureTask.java:264)
	at java.base/java.util.concurrent.ThreadPoolExecutor.runWorker(ThreadPoolExecutor.java:1136)
	at java.base/java.util.concurrent.ThreadPoolExecutor$Worker.run(ThreadPoolExecutor.java:635)
	at java.base/java.lang.Thread.run(Thread.java:842)
2026-08-30 21:39:07.742 [nacos.client.cachedata.internal.notifier] WARN  c.a.cloud.nacos.client.NacosPropertySourceBuilder - Ignore the empty nacos configuration and get it based on dataId[xiaohongshu-auth.yaml] & group[DEFAULT_GROUP]
2026-08-30 21:39:07.782 [nacos.client.cachedata.internal.notifier] ERROR c.a.n.client.config.impl.LocalConfigInfoProcessor - [fixed-xiaohongshu-127.0.0.1_8848] save snapshot error
2026-08-30 21:39:07.783 [nacos.client.cachedata.internal.notifier] ERROR c.a.n.client.config.impl.LocalConfigInfoProcessor - [fixed-xiaohongshu-127.0.0.1_8848] save snapshot error, C:\nacos\config\fixed-xiaohongshu-127.0.0.1_8848_nacos\snapshot-tenant\xiaohongshu\DEFAULT_GROUP\xiaohongshu-auth-dev.yaml
java.io.FileNotFoundException: C:\nacos\config\fixed-xiaohongshu-127.0.0.1_8848_nacos\snapshot-tenant\xiaohongshu\DEFAULT_GROUP\xiaohongshu-auth-dev.yaml (系统找不到指定的路径。)
	at java.base/java.io.FileOutputStream.open0(Native Method)
	at java.base/java.io.FileOutputStream.open(FileOutputStream.java:293)
	at java.base/java.io.FileOutputStream.<init>(FileOutputStream.java:235)
	at java.base/java.io.FileOutputStream.<init>(FileOutputStream.java:184)
	at com.alibaba.nacos.common.utils.IoUtils.writeStringToFile(IoUtils.java:118)
	at com.alibaba.nacos.client.config.impl.LocalConfigInfoProcessor.saveSnapshot(LocalConfigInfoProcessor.java:147)
	at com.alibaba.nacos.client.config.impl.ClientWorker$ConfigRpcTransportClient.queryConfig(ClientWorker.java:957)
	at com.alibaba.nacos.client.config.impl.ClientWorker.getServerConfig(ClientWorker.java:403)
	at com.alibaba.nacos.client.config.NacosConfigService.getConfigInner(NacosConfigService.java:184)
	at com.alibaba.nacos.client.config.NacosConfigService.getConfig(NacosConfigService.java:96)
	at com.alibaba.cloud.nacos.client.NacosPropertySourceBuilder.loadNacosData(NacosPropertySourceBuilder.java:85)
	at com.alibaba.cloud.nacos.client.NacosPropertySourceBuilder.build(NacosPropertySourceBuilder.java:73)
	at com.alibaba.cloud.nacos.client.NacosPropertySourceLocator.loadNacosPropertySource(NacosPropertySourceLocator.java:199)
	at com.alibaba.cloud.nacos.client.NacosPropertySourceLocator.loadNacosDataIfPresent(NacosPropertySourceLocator.java:186)
	at com.alibaba.cloud.nacos.client.NacosPropertySourceLocator.loadApplicationConfiguration(NacosPropertySourceLocator.java:149)
	at com.alibaba.cloud.nacos.client.NacosPropertySourceLocator.locate(NacosPropertySourceLocator.java:103)
	at org.springframework.cloud.bootstrap.config.PropertySourceLocator.locateCollection(PropertySourceLocator.java:50)
	at org.springframework.cloud.bootstrap.config.PropertySourceLocator.locateCollection(PropertySourceLocator.java:46)
	at org.springframework.cloud.bootstrap.config.PropertySourceBootstrapConfiguration.initialize(PropertySourceBootstrapConfiguration.java:95)
	at org.springframework.boot.SpringApplication.applyInitializers(SpringApplication.java:603)
	at org.springframework.boot.SpringApplication.prepareContext(SpringApplication.java:383)
	at org.springframework.boot.SpringApplication.run(SpringApplication.java:307)
	at org.springframework.boot.builder.SpringApplicationBuilder.run(SpringApplicationBuilder.java:150)
	at org.springframework.cloud.context.refresh.LegacyContextRefresher.addConfigFilesToEnvironment(LegacyContextRefresher.java:78)
	at org.springframework.cloud.context.refresh.LegacyContextRefresher.updateEnvironment(LegacyContextRefresher.java:56)
	at org.springframework.cloud.context.refresh.ContextRefresher.refreshEnvironment(ContextRefresher.java:101)
	at org.springframework.cloud.context.refresh.ContextRefresher.refresh(ContextRefresher.java:94)
	at org.springframework.cloud.endpoint.event.RefreshEventListener.handle(RefreshEventListener.java:72)
	at org.springframework.cloud.endpoint.event.RefreshEventListener.onApplicationEvent(RefreshEventListener.java:61)
	at org.springframework.context.event.SimpleApplicationEventMulticaster.doInvokeListener(SimpleApplicationEventMulticaster.java:176)
	at org.springframework.context.event.SimpleApplicationEventMulticaster.invokeListener(SimpleApplicationEventMulticaster.java:169)
	at org.springframework.context.event.SimpleApplicationEventMulticaster.multicastEvent(SimpleApplicationEventMulticaster.java:143)
	at org.springframework.context.support.AbstractApplicationContext.publishEvent(AbstractApplicationContext.java:413)
	at org.springframework.context.support.AbstractApplicationContext.publishEvent(AbstractApplicationContext.java:370)
	at com.alibaba.cloud.nacos.refresh.NacosContextRefresher$1.innerReceive(NacosContextRefresher.java:118)
	at com.alibaba.nacos.api.config.listener.AbstractSharedListener.receiveConfigInfo(AbstractSharedListener.java:40)
	at com.alibaba.nacos.client.config.impl.CacheData.lambda$safeNotifyListener$1(CacheData.java:334)
	at java.base/java.util.concurrent.Executors$RunnableAdapter.call(Executors.java:539)
	at java.base/java.util.concurrent.FutureTask.run(FutureTask.java:264)
	at java.base/java.util.concurrent.ThreadPoolExecutor.runWorker(ThreadPoolExecutor.java:1136)
	at java.base/java.util.concurrent.ThreadPoolExecutor$Worker.run(ThreadPoolExecutor.java:635)
	at java.base/java.lang.Thread.run(Thread.java:842)
2026-08-30 21:39:07.795 [nacos.client.cachedata.internal.notifier] ERROR c.a.n.c.config.impl.LocalEncryptedDataKeyProcessor - [fixed-xiaohongshu-127.0.0.1_8848] save snapshot error
2026-08-30 21:39:07.796 [nacos.client.cachedata.internal.notifier] ERROR c.a.n.c.config.impl.LocalEncryptedDataKeyProcessor - [fixed-xiaohongshu-127.0.0.1_8848] save snapshot error, C:\nacos\config\fixed-xiaohongshu-127.0.0.1_8848_nacos\encrypted-data-key\snapshot-tenant\xiaohongshu\DEFAULT_GROUP\xiaohongshu-auth-dev.yaml
java.io.FileNotFoundException: C:\nacos\config\fixed-xiaohongshu-127.0.0.1_8848_nacos\encrypted-data-key\snapshot-tenant\xiaohongshu\DEFAULT_GROUP\xiaohongshu-auth-dev.yaml (系统找不到指定的路径。)
	at java.base/java.io.FileOutputStream.open0(Native Method)
	at java.base/java.io.FileOutputStream.open(FileOutputStream.java:293)
	at java.base/java.io.FileOutputStream.<init>(FileOutputStream.java:235)
	at java.base/java.io.FileOutputStream.<init>(FileOutputStream.java:184)
	at com.alibaba.nacos.common.utils.IoUtils.writeStringToFile(IoUtils.java:118)
	at com.alibaba.nacos.client.config.impl.LocalEncryptedDataKeyProcessor.saveEncryptDataKeySnapshot(LocalEncryptedDataKeyProcessor.java:118)
	at com.alibaba.nacos.client.config.impl.ClientWorker$ConfigRpcTransportClient.queryConfig(ClientWorker.java:967)
	at com.alibaba.nacos.client.config.impl.ClientWorker.getServerConfig(ClientWorker.java:403)
	at com.alibaba.nacos.client.config.NacosConfigService.getConfigInner(NacosConfigService.java:184)
	at com.alibaba.nacos.client.config.NacosConfigService.getConfig(NacosConfigService.java:96)
	at com.alibaba.cloud.nacos.client.NacosPropertySourceBuilder.loadNacosData(NacosPropertySourceBuilder.java:85)
	at com.alibaba.cloud.nacos.client.NacosPropertySourceBuilder.build(NacosPropertySourceBuilder.java:73)
	at com.alibaba.cloud.nacos.client.NacosPropertySourceLocator.loadNacosPropertySource(NacosPropertySourceLocator.java:199)
	at com.alibaba.cloud.nacos.client.NacosPropertySourceLocator.loadNacosDataIfPresent(NacosPropertySourceLocator.java:186)
	at com.alibaba.cloud.nacos.client.NacosPropertySourceLocator.loadApplicationConfiguration(NacosPropertySourceLocator.java:149)
	at com.alibaba.cloud.nacos.client.NacosPropertySourceLocator.locate(NacosPropertySourceLocator.java:103)
	at org.springframework.cloud.bootstrap.config.PropertySourceLocator.locateCollection(PropertySourceLocator.java:50)
	at org.springframework.cloud.bootstrap.config.PropertySourceLocator.locateCollection(PropertySourceLocator.java:46)
	at org.springframework.cloud.bootstrap.config.PropertySourceBootstrapConfiguration.initialize(PropertySourceBootstrapConfiguration.java:95)
	at org.springframework.boot.SpringApplication.applyInitializers(SpringApplication.java:603)
	at org.springframework.boot.SpringApplication.prepareContext(SpringApplication.java:383)
	at org.springframework.boot.SpringApplication.run(SpringApplication.java:307)
	at org.springframework.boot.builder.SpringApplicationBuilder.run(SpringApplicationBuilder.java:150)
	at org.springframework.cloud.context.refresh.LegacyContextRefresher.addConfigFilesToEnvironment(LegacyContextRefresher.java:78)
	at org.springframework.cloud.context.refresh.LegacyContextRefresher.updateEnvironment(LegacyContextRefresher.java:56)
	at org.springframework.cloud.context.refresh.ContextRefresher.refreshEnvironment(ContextRefresher.java:101)
	at org.springframework.cloud.context.refresh.ContextRefresher.refresh(ContextRefresher.java:94)
	at org.springframework.cloud.endpoint.event.RefreshEventListener.handle(RefreshEventListener.java:72)
	at org.springframework.cloud.endpoint.event.RefreshEventListener.onApplicationEvent(RefreshEventListener.java:61)
	at org.springframework.context.event.SimpleApplicationEventMulticaster.doInvokeListener(SimpleApplicationEventMulticaster.java:176)
	at org.springframework.context.event.SimpleApplicationEventMulticaster.invokeListener(SimpleApplicationEventMulticaster.java:169)
	at org.springframework.context.event.SimpleApplicationEventMulticaster.multicastEvent(SimpleApplicationEventMulticaster.java:143)
	at org.springframework.context.support.AbstractApplicationContext.publishEvent(AbstractApplicationContext.java:413)
	at org.springframework.context.support.AbstractApplicationContext.publishEvent(AbstractApplicationContext.java:370)
	at com.alibaba.cloud.nacos.refresh.NacosContextRefresher$1.innerReceive(NacosContextRefresher.java:118)
	at com.alibaba.nacos.api.config.listener.AbstractSharedListener.receiveConfigInfo(AbstractSharedListener.java:40)
	at com.alibaba.nacos.client.config.impl.CacheData.lambda$safeNotifyListener$1(CacheData.java:334)
	at java.base/java.util.concurrent.Executors$RunnableAdapter.call(Executors.java:539)
	at java.base/java.util.concurrent.FutureTask.run(FutureTask.java:264)
	at java.base/java.util.concurrent.ThreadPoolExecutor.runWorker(ThreadPoolExecutor.java:1136)
	at java.base/java.util.concurrent.ThreadPoolExecutor$Worker.run(ThreadPoolExecutor.java:635)
	at java.base/java.lang.Thread.run(Thread.java:842)
2026-08-30 21:39:07.806 [nacos.client.cachedata.internal.notifier] INFO  o.s.c.b.c.PropertySourceBootstrapConfiguration - Located property source: [BootstrapPropertySource {name='bootstrapProperties-xiaohongshu-auth-dev.yaml,DEFAULT_GROUP'}, BootstrapPropertySource {name='bootstrapProperties-xiaohongshu-auth.yaml,DEFAULT_GROUP'}, BootstrapPropertySource {name='bootstrapProperties-xiaohongshu-auth,DEFAULT_GROUP'}]
2026-08-30 21:39:07.814 [nacos.client.cachedata.internal.notifier] WARN  com.alibaba.nacos.client.logging.NacosLogging - Load Logback Configuration of Nacos fail, message: Could not initialize Logback Nacos logging from classpath:nacos-logback.xml
2026-08-30 21:39:07.816 [nacos.client.cachedata.internal.notifier] INFO  org.springframework.boot.SpringApplication - The following 1 profile is active: "dev"
2026-08-30 21:39:07.825 [nacos.client.cachedata.internal.notifier] INFO  org.springframework.boot.SpringApplication - Started application in 1.377 seconds (process running for 32.621)
2026-08-30 21:39:07.973 [nacos.client.cachedata.internal.notifier] INFO  o.s.cloud.endpoint.event.RefreshEventListener - Refresh keys changed: []
2026-08-30 21:39:07.973 [nacos.client.cachedata.internal.notifier] INFO  com.alibaba.nacos.client.config.impl.CacheData - [fixed-xiaohongshu-127.0.0.1_8848] [notify-ok] dataId=xiaohongshu-auth-dev.yaml, group=DEFAULT_GROUP, md5=548b919bd97b1c45d081678a20fb2350, listener=com.alibaba.cloud.nacos.refresh.NacosContextRefresher$1@263e949b ,cost=2637 millis.
2026-08-30 21:39:12.986 [com.alibaba.nacos.naming.failover] ERROR com.alibaba.nacos.client.naming - [NA] failed to backup file on startup.
java.lang.IllegalStateException: failed to create cache dir: C:\\nacos\naming\xiaohongshu/failover
	at com.alibaba.nacos.client.naming.backups.FailoverReactor.lambda$init$1(FailoverReactor.java:105)
	at java.base/java.util.concurrent.Executors$RunnableAdapter.call(Executors.java:539)
	at java.base/java.util.concurrent.FutureTask.run(FutureTask.java:264)
	at java.base/java.util.concurrent.ScheduledThreadPoolExecutor$ScheduledFutureTask.run(ScheduledThreadPoolExecutor.java:304)
	at java.base/java.util.concurrent.ThreadPoolExecutor.runWorker(ThreadPoolExecutor.java:1136)
	at java.base/java.util.concurrent.ThreadPoolExecutor$Worker.run(ThreadPoolExecutor.java:635)
	at java.base/java.lang.Thread.run(Thread.java:842)
2026-08-30 21:51:36.610 [Thread-9] WARN  com.alibaba.nacos.common.notify.NotifyCenter - [NotifyCenter] Start destroying Publisher
2026-08-30 21:51:36.610 [Thread-9] WARN  com.alibaba.nacos.common.notify.NotifyCenter - [NotifyCenter] Destruction of the end
2026-08-30 21:51:36.609 [Thread-2] WARN  c.alibaba.nacos.common.http.HttpClientBeanHolder - [HttpClientBeanHolder] Start destroying common HttpClient
2026-08-30 21:51:36.611 [Thread-2] WARN  c.alibaba.nacos.common.http.HttpClientBeanHolder - [HttpClientBeanHolder] Destruction of the end
2026-08-30 21:51:36.778 [SpringApplicationShutdownHook] INFO  com.alibaba.druid.pool.DruidDataSource - {dataSource-1} closing ...
2026-08-30 21:51:36.779 [SpringApplicationShutdownHook] INFO  com.alibaba.druid.pool.DruidDataSource - {dataSource-1} closed
2026-08-30 21:51:46.984 [main] WARN  com.alibaba.nacos.client.logging.NacosLogging - Load Logback Configuration of Nacos fail, message: Could not initialize Logback Nacos logging from classpath:nacos-logback.xml
2026-08-30 21:51:47.032 [main] WARN  com.alibaba.nacos.client.logging.NacosLogging - Load Logback Configuration of Nacos fail, message: Could not initialize Logback Nacos logging from classpath:nacos-logback.xml
2026-08-30 21:51:47.198 [main] WARN  com.alibaba.nacos.client.logging.NacosLogging - Load Logback Configuration of Nacos fail, message: Could not initialize Logback Nacos logging from classpath:nacos-logback.xml
2026-08-30 21:51:47.199 [main] INFO  com.alibaba.nacos.client.utils.ParamUtil - [settings] [req-serv] nacos-server port:8848
2026-08-30 21:51:47.199 [main] INFO  com.alibaba.nacos.client.utils.ParamUtil - [settings] [http-client] connect timeout:1000
2026-08-30 21:51:47.200 [main] INFO  com.alibaba.nacos.client.utils.ParamUtil - PER_TASK_CONFIG_SIZE: 3000.0
2026-08-30 21:51:47.221 [main] INFO  c.a.n.p.auth.spi.client.ClientAuthPluginManager - [ClientAuthPluginManager] Load ClientAuthService com.alibaba.nacos.client.auth.impl.NacosClientAuthServiceImpl success.
2026-08-30 21:51:47.221 [main] INFO  c.a.n.p.auth.spi.client.ClientAuthPluginManager - [ClientAuthPluginManager] Load ClientAuthService com.alibaba.nacos.client.auth.ram.RamClientAuthServiceImpl success.
2026-08-30 21:51:47.223 [main] INFO  c.a.n.client.auth.ram.identify.CredentialWatcher - null No credential found
2026-08-30 21:51:47.741 [main] WARN  com.alibaba.nacos.client.logging.NacosLogging - Load Logback Configuration of Nacos fail, message: Could not initialize Logback Nacos logging from classpath:nacos-logback.xml
2026-08-30 21:51:47.756 [main] INFO  c.a.n.client.config.impl.LocalConfigInfoProcessor - LOCAL_SNAPSHOT_PATH:C:\Users\Administrator\nacos\config
2026-08-30 21:51:47.759 [main] INFO  com.alibaba.nacos.common.remote.client - [RpcClientFactory] create a new rpc client of ec8581c2-3595-4486-9d2d-ea6a1f77413c_config-0
2026-08-30 21:51:47.774 [main] INFO  com.alibaba.nacos.common.remote.client - [ec8581c2-3595-4486-9d2d-ea6a1f77413c_config-0] Register server push request handler:com.alibaba.nacos.client.config.impl.ClientWorker$ConfigRpcTransportClient$$Lambda$585/0x0000019dc838f7b0
2026-08-30 21:51:47.774 [main] INFO  com.alibaba.nacos.common.remote.client - [ec8581c2-3595-4486-9d2d-ea6a1f77413c_config-0] Register server push request handler:com.alibaba.nacos.client.config.impl.ClientWorker$ConfigRpcTransportClient$$Lambda$586/0x0000019dc838fbd0
2026-08-30 21:51:47.775 [main] INFO  com.alibaba.nacos.common.remote.client - [ec8581c2-3595-4486-9d2d-ea6a1f77413c_config-0] Registry connection listener to current client:com.alibaba.nacos.client.config.impl.ClientWorker$ConfigRpcTransportClient$1
2026-08-30 21:51:47.775 [main] INFO  com.alibaba.nacos.common.remote.client - [ec8581c2-3595-4486-9d2d-ea6a1f77413c_config-0] RpcClient init, ServerListFactory = com.alibaba.nacos.client.config.impl.ClientWorker$ConfigRpcTransportClient$2
2026-08-30 21:51:47.782 [main] INFO  com.alibaba.nacos.common.remote.client - [ec8581c2-3595-4486-9d2d-ea6a1f77413c_config-0] Try to connect to server on start up, server: {serverIp = '127.0.0.1', server main port = 8848}
2026-08-30 21:51:47.831 [main] INFO  c.a.nacos.common.remote.client.grpc.GrpcClient - grpc client connection server:127.0.0.1 ip,serverPort:9848,grpcTslConfig:{"sslProvider":"OPENSSL","enableTls":false,"mutualAuthEnable":false,"trustAll":false}
2026-08-30 21:51:48.850 [main] INFO  com.alibaba.nacos.common.remote.client - [ec8581c2-3595-4486-9d2d-ea6a1f77413c_config-0] Success to connect to server [127.0.0.1:8848] on start up, connectionId = 1788097908638_172.17.0.1_58770
2026-08-30 21:51:48.851 [com.alibaba.nacos.client.remote.worker] INFO  com.alibaba.nacos.common.remote.client - [ec8581c2-3595-4486-9d2d-ea6a1f77413c_config-0] Notify connected event to listeners.
2026-08-30 21:51:48.851 [com.alibaba.nacos.client.remote.worker] INFO  com.alibaba.nacos.client.config.impl.ClientWorker - [ec8581c2-3595-4486-9d2d-ea6a1f77413c_config-0] Connected,notify listen context...
2026-08-30 21:51:48.851 [main] INFO  com.alibaba.nacos.common.remote.client - [ec8581c2-3595-4486-9d2d-ea6a1f77413c_config-0] Register server push request handler:com.alibaba.nacos.common.remote.client.RpcClient$ConnectResetRequestHandler
2026-08-30 21:51:48.851 [main] INFO  com.alibaba.nacos.common.remote.client - [ec8581c2-3595-4486-9d2d-ea6a1f77413c_config-0] Register server push request handler:com.alibaba.nacos.common.remote.client.RpcClient$$Lambda$606/0x0000019dc84d7b18
2026-08-30 21:51:48.905 [main] INFO  com.alibaba.nacos.client.config.impl.Limiter - limitTime:5.0
2026-08-30 21:51:48.944 [main] INFO  com.alibaba.nacos.client.config.utils.JvmUtil - isMultiInstance:false
2026-08-30 21:51:48.959 [main] WARN  c.a.cloud.nacos.client.NacosPropertySourceBuilder - Ignore the empty nacos configuration and get it based on dataId[xiaohongshu-auth.yaml] & group[DEFAULT_GROUP]
2026-08-30 21:51:48.984 [main] INFO  o.s.c.b.c.PropertySourceBootstrapConfiguration - Located property source: [BootstrapPropertySource {name='bootstrapProperties-xiaohongshu-auth-dev.yaml,DEFAULT_GROUP'}, BootstrapPropertySource {name='bootstrapProperties-xiaohongshu-auth.yaml,DEFAULT_GROUP'}, BootstrapPropertySource {name='bootstrapProperties-xiaohongshu-auth,DEFAULT_GROUP'}]
2026-08-30 21:51:49.015 [main] WARN  com.alibaba.nacos.client.logging.NacosLogging - Load Logback Configuration of Nacos fail, message: Could not initialize Logback Nacos logging from classpath:nacos-logback.xml
2026-08-30 21:51:49.016 [main] INFO  c.g.xiaohongshu.auth.XiaohongshuAuthApplication - The following 1 profile is active: "dev"
2026-08-30 21:51:49.708 [main] INFO  o.s.d.r.config.RepositoryConfigurationDelegate - Multiple Spring Data modules found, entering strict repository configuration mode
2026-08-30 21:51:49.711 [main] INFO  o.s.d.r.config.RepositoryConfigurationDelegate - Bootstrapping Spring Data Redis repositories in DEFAULT mode.
2026-08-30 21:51:49.736 [main] INFO  o.s.d.r.config.RepositoryConfigurationDelegate - Finished Spring Data repository scanning in 9 ms. Found 0 Redis repository interfaces.
2026-08-30 21:51:49.861 [main] INFO  o.springframework.cloud.context.scope.GenericScope - BeanFactory id=e70d0da6-a6b9-3e89-8467-9ec23b5828f1
2026-08-30 21:51:50.396 [main] INFO  o.s.boot.web.embedded.tomcat.TomcatWebServer - Tomcat initialized with port(s): 8080 (http)
2026-08-30 21:51:50.408 [main] INFO  org.apache.catalina.core.StandardService - Starting service [Tomcat]
2026-08-30 21:51:50.408 [main] INFO  org.apache.catalina.core.StandardEngine - Starting Servlet engine: [Apache Tomcat/10.1.5]
2026-08-30 21:51:50.488 [main] INFO  o.a.c.core.ContainerBase.[Tomcat].[localhost].[/] - Initializing Spring embedded WebApplicationContext
2026-08-30 21:51:50.488 [main] INFO  o.s.b.w.s.c.ServletWebServerApplicationContext - Root WebApplicationContext: initialization completed in 1447 ms
2026-08-30 21:51:50.604 [main] INFO  c.a.d.s.b.a.DruidDataSourceAutoConfigure - Init DruidDataSource
2026-08-30 21:51:50.994 [main] INFO  com.alibaba.druid.pool.DruidDataSource - {dataSource-1} inited
2026-08-30 21:51:52.601 [main] INFO  o.s.boot.web.embedded.tomcat.TomcatWebServer - Tomcat started on port(s): 8080 (http) with context path ''
2026-08-30 21:51:52.980 [main] INFO  c.g.xiaohongshu.auth.XiaohongshuAuthApplication - Started XiaohongshuAuthApplication in 6.833 seconds (process running for 7.402)
2026-08-30 21:51:52.981 [main] INFO  c.g.x.auth.runner.PushRolePermissions2RedisRunner - ==> 服务启动，开始同步角色权限数据到 Redis 中...
2026-08-30 21:51:53.396 [main] WARN  c.g.x.auth.runner.PushRolePermissions2RedisRunner - ==> 角色权限数据已经同步至 Redis 中，不再同步...
2026-08-30 21:51:53.398 [main] INFO  com.alibaba.nacos.client.config.impl.CacheData - nacos.cache.data.init.snapshot = true 
2026-08-30 21:51:53.399 [main] INFO  com.alibaba.nacos.client.config.impl.ClientWorker - [fixed-xiaohongshu-127.0.0.1_8848] [subscribe] xiaohongshu-auth.yaml+DEFAULT_GROUP+xiaohongshu
2026-08-30 21:51:53.405 [main] INFO  com.alibaba.nacos.client.config.impl.CacheData - [fixed-xiaohongshu-127.0.0.1_8848] [add-listener] ok, tenant=xiaohongshu, dataId=xiaohongshu-auth.yaml, group=DEFAULT_GROUP, cnt=1
2026-08-30 21:51:53.405 [main] INFO  c.a.cloud.nacos.refresh.NacosContextRefresher - [Nacos Config] Listening config: dataId=xiaohongshu-auth.yaml, group=DEFAULT_GROUP
2026-08-30 21:51:53.406 [main] INFO  com.alibaba.nacos.client.config.impl.ClientWorker - [fixed-xiaohongshu-127.0.0.1_8848] [subscribe] xiaohongshu-auth-dev.yaml+DEFAULT_GROUP+xiaohongshu
2026-08-30 21:51:53.406 [main] INFO  com.alibaba.nacos.client.config.impl.CacheData - [fixed-xiaohongshu-127.0.0.1_8848] [add-listener] ok, tenant=xiaohongshu, dataId=xiaohongshu-auth-dev.yaml, group=DEFAULT_GROUP, cnt=1
2026-08-30 21:51:53.406 [main] INFO  c.a.cloud.nacos.refresh.NacosContextRefresher - [Nacos Config] Listening config: dataId=xiaohongshu-auth-dev.yaml, group=DEFAULT_GROUP
2026-08-30 21:51:53.407 [main] INFO  com.alibaba.nacos.client.config.impl.ClientWorker - [fixed-xiaohongshu-127.0.0.1_8848] [subscribe] xiaohongshu-auth+DEFAULT_GROUP+xiaohongshu
2026-08-30 21:51:53.407 [main] INFO  com.alibaba.nacos.client.config.impl.CacheData - [fixed-xiaohongshu-127.0.0.1_8848] [add-listener] ok, tenant=xiaohongshu, dataId=xiaohongshu-auth, group=DEFAULT_GROUP, cnt=1
2026-08-30 21:51:53.407 [main] INFO  c.a.cloud.nacos.refresh.NacosContextRefresher - [Nacos Config] Listening config: dataId=xiaohongshu-auth, group=DEFAULT_GROUP
2026-08-30 21:53:00.593 [Thread-9] WARN  com.alibaba.nacos.common.notify.NotifyCenter - [NotifyCenter] Start destroying Publisher
2026-08-30 21:53:00.593 [Thread-9] WARN  com.alibaba.nacos.common.notify.NotifyCenter - [NotifyCenter] Destruction of the end
2026-08-30 21:53:00.593 [Thread-2] WARN  c.alibaba.nacos.common.http.HttpClientBeanHolder - [HttpClientBeanHolder] Start destroying common HttpClient
2026-08-30 21:53:00.594 [Thread-2] WARN  c.alibaba.nacos.common.http.HttpClientBeanHolder - [HttpClientBeanHolder] Destruction of the end
2026-08-30 21:53:00.755 [SpringApplicationShutdownHook] INFO  com.alibaba.druid.pool.DruidDataSource - {dataSource-1} closing ...
2026-08-30 21:53:00.761 [SpringApplicationShutdownHook] INFO  com.alibaba.druid.pool.DruidDataSource - {dataSource-1} closed
2026-08-30 21:53:05.034 [main] WARN  com.alibaba.nacos.client.logging.NacosLogging - Load Logback Configuration of Nacos fail, message: Could not initialize Logback Nacos logging from classpath:nacos-logback.xml
2026-08-30 21:53:05.083 [main] WARN  com.alibaba.nacos.client.logging.NacosLogging - Load Logback Configuration of Nacos fail, message: Could not initialize Logback Nacos logging from classpath:nacos-logback.xml
2026-08-30 21:53:05.265 [main] WARN  com.alibaba.nacos.client.logging.NacosLogging - Load Logback Configuration of Nacos fail, message: Could not initialize Logback Nacos logging from classpath:nacos-logback.xml
2026-08-30 21:53:05.267 [main] INFO  com.alibaba.nacos.client.utils.ParamUtil - [settings] [req-serv] nacos-server port:8848
2026-08-30 21:53:05.267 [main] INFO  com.alibaba.nacos.client.utils.ParamUtil - [settings] [http-client] connect timeout:1000
2026-08-30 21:53:05.268 [main] INFO  com.alibaba.nacos.client.utils.ParamUtil - PER_TASK_CONFIG_SIZE: 3000.0
2026-08-30 21:53:05.291 [main] INFO  c.a.n.p.auth.spi.client.ClientAuthPluginManager - [ClientAuthPluginManager] Load ClientAuthService com.alibaba.nacos.client.auth.impl.NacosClientAuthServiceImpl success.
2026-08-30 21:53:05.291 [main] INFO  c.a.n.p.auth.spi.client.ClientAuthPluginManager - [ClientAuthPluginManager] Load ClientAuthService com.alibaba.nacos.client.auth.ram.RamClientAuthServiceImpl success.
2026-08-30 21:53:05.293 [main] INFO  c.a.n.client.auth.ram.identify.CredentialWatcher - null No credential found
2026-08-30 21:53:05.791 [main] WARN  com.alibaba.nacos.client.logging.NacosLogging - Load Logback Configuration of Nacos fail, message: Could not initialize Logback Nacos logging from classpath:nacos-logback.xml
2026-08-30 21:53:05.801 [main] INFO  c.a.n.client.config.impl.LocalConfigInfoProcessor - LOCAL_SNAPSHOT_PATH:C:\Users\Administrator\nacos\config
2026-08-30 21:53:05.805 [main] INFO  com.alibaba.nacos.common.remote.client - [RpcClientFactory] create a new rpc client of 61dc220e-4d92-4b7b-91ff-aa789b41a376_config-0
2026-08-30 21:53:05.818 [main] INFO  com.alibaba.nacos.common.remote.client - [61dc220e-4d92-4b7b-91ff-aa789b41a376_config-0] Register server push request handler:com.alibaba.nacos.client.config.impl.ClientWorker$ConfigRpcTransportClient$$Lambda$585/0x0000020e4a390000
2026-08-30 21:53:05.818 [main] INFO  com.alibaba.nacos.common.remote.client - [61dc220e-4d92-4b7b-91ff-aa789b41a376_config-0] Register server push request handler:com.alibaba.nacos.client.config.impl.ClientWorker$ConfigRpcTransportClient$$Lambda$586/0x0000020e4a390420
2026-08-30 21:53:05.819 [main] INFO  com.alibaba.nacos.common.remote.client - [61dc220e-4d92-4b7b-91ff-aa789b41a376_config-0] Registry connection listener to current client:com.alibaba.nacos.client.config.impl.ClientWorker$ConfigRpcTransportClient$1
2026-08-30 21:53:05.819 [main] INFO  com.alibaba.nacos.common.remote.client - [61dc220e-4d92-4b7b-91ff-aa789b41a376_config-0] RpcClient init, ServerListFactory = com.alibaba.nacos.client.config.impl.ClientWorker$ConfigRpcTransportClient$2
2026-08-30 21:53:05.825 [main] INFO  com.alibaba.nacos.common.remote.client - [61dc220e-4d92-4b7b-91ff-aa789b41a376_config-0] Try to connect to server on start up, server: {serverIp = '127.0.0.1', server main port = 8848}
2026-08-30 21:53:05.868 [main] INFO  c.a.nacos.common.remote.client.grpc.GrpcClient - grpc client connection server:127.0.0.1 ip,serverPort:9848,grpcTslConfig:{"sslProvider":"OPENSSL","enableTls":false,"mutualAuthEnable":false,"trustAll":false}
2026-08-30 21:53:06.897 [main] INFO  com.alibaba.nacos.common.remote.client - [61dc220e-4d92-4b7b-91ff-aa789b41a376_config-0] Success to connect to server [127.0.0.1:8848] on start up, connectionId = 1788097986695_172.17.0.1_55838
2026-08-30 21:53:06.897 [com.alibaba.nacos.client.remote.worker] INFO  com.alibaba.nacos.common.remote.client - [61dc220e-4d92-4b7b-91ff-aa789b41a376_config-0] Notify connected event to listeners.
2026-08-30 21:53:06.897 [com.alibaba.nacos.client.remote.worker] INFO  com.alibaba.nacos.client.config.impl.ClientWorker - [61dc220e-4d92-4b7b-91ff-aa789b41a376_config-0] Connected,notify listen context...
2026-08-30 21:53:06.898 [main] INFO  com.alibaba.nacos.common.remote.client - [61dc220e-4d92-4b7b-91ff-aa789b41a376_config-0] Register server push request handler:com.alibaba.nacos.common.remote.client.RpcClient$ConnectResetRequestHandler
2026-08-30 21:53:06.898 [main] INFO  com.alibaba.nacos.common.remote.client - [61dc220e-4d92-4b7b-91ff-aa789b41a376_config-0] Register server push request handler:com.alibaba.nacos.common.remote.client.RpcClient$$Lambda$606/0x0000020e4a4d8440
2026-08-30 21:53:06.941 [main] INFO  com.alibaba.nacos.client.config.impl.Limiter - limitTime:5.0
2026-08-30 21:53:06.970 [main] INFO  com.alibaba.nacos.client.config.utils.JvmUtil - isMultiInstance:false
2026-08-30 21:53:06.983 [main] WARN  c.a.cloud.nacos.client.NacosPropertySourceBuilder - Ignore the empty nacos configuration and get it based on dataId[xiaohongshu-auth.yaml] & group[DEFAULT_GROUP]
2026-08-30 21:53:07.004 [main] INFO  o.s.c.b.c.PropertySourceBootstrapConfiguration - Located property source: [BootstrapPropertySource {name='bootstrapProperties-xiaohongshu-auth-dev.yaml,DEFAULT_GROUP'}, BootstrapPropertySource {name='bootstrapProperties-xiaohongshu-auth.yaml,DEFAULT_GROUP'}, BootstrapPropertySource {name='bootstrapProperties-xiaohongshu-auth,DEFAULT_GROUP'}]
2026-08-30 21:53:07.031 [main] WARN  com.alibaba.nacos.client.logging.NacosLogging - Load Logback Configuration of Nacos fail, message: Could not initialize Logback Nacos logging from classpath:nacos-logback.xml
2026-08-30 21:53:07.032 [main] INFO  c.g.xiaohongshu.auth.XiaohongshuAuthApplication - The following 1 profile is active: "dev"
2026-08-30 21:53:07.662 [main] INFO  o.s.d.r.config.RepositoryConfigurationDelegate - Multiple Spring Data modules found, entering strict repository configuration mode
2026-08-30 21:53:07.665 [main] INFO  o.s.d.r.config.RepositoryConfigurationDelegate - Bootstrapping Spring Data Redis repositories in DEFAULT mode.
2026-08-30 21:53:07.686 [main] INFO  o.s.d.r.config.RepositoryConfigurationDelegate - Finished Spring Data repository scanning in 9 ms. Found 0 Redis repository interfaces.
2026-08-30 21:53:07.800 [main] INFO  o.springframework.cloud.context.scope.GenericScope - BeanFactory id=e70d0da6-a6b9-3e89-8467-9ec23b5828f1
2026-08-30 21:53:08.318 [main] INFO  o.s.boot.web.embedded.tomcat.TomcatWebServer - Tomcat initialized with port(s): 8080 (http)
2026-08-30 21:53:08.328 [main] INFO  org.apache.catalina.core.StandardService - Starting service [Tomcat]
2026-08-30 21:53:08.328 [main] INFO  org.apache.catalina.core.StandardEngine - Starting Servlet engine: [Apache Tomcat/10.1.5]
2026-08-30 21:53:08.405 [main] INFO  o.a.c.core.ContainerBase.[Tomcat].[localhost].[/] - Initializing Spring embedded WebApplicationContext
2026-08-30 21:53:08.405 [main] INFO  o.s.b.w.s.c.ServletWebServerApplicationContext - Root WebApplicationContext: initialization completed in 1356 ms
2026-08-30 21:53:08.526 [main] INFO  c.a.d.s.b.a.DruidDataSourceAutoConfigure - Init DruidDataSource
2026-08-30 21:53:08.938 [main] INFO  com.alibaba.druid.pool.DruidDataSource - {dataSource-1} inited
2026-08-30 21:53:10.482 [main] INFO  o.s.boot.web.embedded.tomcat.TomcatWebServer - Tomcat started on port(s): 8080 (http) with context path ''
2026-08-30 21:53:10.862 [main] INFO  c.g.xiaohongshu.auth.XiaohongshuAuthApplication - Started XiaohongshuAuthApplication in 6.691 seconds (process running for 7.24)
2026-08-30 21:53:10.863 [main] INFO  c.g.x.auth.runner.PushRolePermissions2RedisRunner - ==> 服务启动，开始同步角色权限数据到 Redis 中...
2026-08-30 21:53:11.251 [main] WARN  c.g.x.auth.runner.PushRolePermissions2RedisRunner - ==> 角色权限数据已经同步至 Redis 中，不再同步...
2026-08-30 21:53:11.254 [main] INFO  com.alibaba.nacos.client.config.impl.CacheData - nacos.cache.data.init.snapshot = true 
2026-08-30 21:53:11.254 [main] INFO  com.alibaba.nacos.client.config.impl.ClientWorker - [fixed-xiaohongshu-127.0.0.1_8848] [subscribe] xiaohongshu-auth.yaml+DEFAULT_GROUP+xiaohongshu
2026-08-30 21:53:11.259 [main] INFO  com.alibaba.nacos.client.config.impl.CacheData - [fixed-xiaohongshu-127.0.0.1_8848] [add-listener] ok, tenant=xiaohongshu, dataId=xiaohongshu-auth.yaml, group=DEFAULT_GROUP, cnt=1
2026-08-30 21:53:11.259 [main] INFO  c.a.cloud.nacos.refresh.NacosContextRefresher - [Nacos Config] Listening config: dataId=xiaohongshu-auth.yaml, group=DEFAULT_GROUP
2026-08-30 21:53:11.261 [main] INFO  com.alibaba.nacos.client.config.impl.ClientWorker - [fixed-xiaohongshu-127.0.0.1_8848] [subscribe] xiaohongshu-auth-dev.yaml+DEFAULT_GROUP+xiaohongshu
2026-08-30 21:53:11.261 [main] INFO  com.alibaba.nacos.client.config.impl.CacheData - [fixed-xiaohongshu-127.0.0.1_8848] [add-listener] ok, tenant=xiaohongshu, dataId=xiaohongshu-auth-dev.yaml, group=DEFAULT_GROUP, cnt=1
2026-08-30 21:53:11.261 [main] INFO  c.a.cloud.nacos.refresh.NacosContextRefresher - [Nacos Config] Listening config: dataId=xiaohongshu-auth-dev.yaml, group=DEFAULT_GROUP
2026-08-30 21:53:11.262 [main] INFO  com.alibaba.nacos.client.config.impl.ClientWorker - [fixed-xiaohongshu-127.0.0.1_8848] [subscribe] xiaohongshu-auth+DEFAULT_GROUP+xiaohongshu
2026-08-30 21:53:11.262 [main] INFO  com.alibaba.nacos.client.config.impl.CacheData - [fixed-xiaohongshu-127.0.0.1_8848] [add-listener] ok, tenant=xiaohongshu, dataId=xiaohongshu-auth, group=DEFAULT_GROUP, cnt=1
2026-08-30 21:53:11.262 [main] INFO  c.a.cloud.nacos.refresh.NacosContextRefresher - [Nacos Config] Listening config: dataId=xiaohongshu-auth, group=DEFAULT_GROUP
2026-08-30 21:55:50.721 [main] WARN  com.alibaba.nacos.client.logging.NacosLogging - Load Logback Configuration of Nacos fail, message: Could not initialize Logback Nacos logging from classpath:nacos-logback.xml
2026-08-30 21:55:50.779 [main] WARN  com.alibaba.nacos.client.logging.NacosLogging - Load Logback Configuration of Nacos fail, message: Could not initialize Logback Nacos logging from classpath:nacos-logback.xml
2026-08-30 21:55:50.942 [main] WARN  com.alibaba.nacos.client.logging.NacosLogging - Load Logback Configuration of Nacos fail, message: Could not initialize Logback Nacos logging from classpath:nacos-logback.xml
2026-08-30 21:55:50.943 [main] INFO  com.alibaba.nacos.client.utils.ParamUtil - [settings] [req-serv] nacos-server port:8848
2026-08-30 21:55:50.943 [main] INFO  com.alibaba.nacos.client.utils.ParamUtil - [settings] [http-client] connect timeout:1000
2026-08-30 21:55:50.944 [main] INFO  com.alibaba.nacos.client.utils.ParamUtil - PER_TASK_CONFIG_SIZE: 3000.0
2026-08-30 21:55:50.964 [main] INFO  c.a.n.p.auth.spi.client.ClientAuthPluginManager - [ClientAuthPluginManager] Load ClientAuthService com.alibaba.nacos.client.auth.impl.NacosClientAuthServiceImpl success.
2026-08-30 21:55:50.964 [main] INFO  c.a.n.p.auth.spi.client.ClientAuthPluginManager - [ClientAuthPluginManager] Load ClientAuthService com.alibaba.nacos.client.auth.ram.RamClientAuthServiceImpl success.
2026-08-30 21:55:50.967 [main] INFO  c.a.n.client.auth.ram.identify.CredentialWatcher - null No credential found
2026-08-30 21:55:51.590 [main] WARN  com.alibaba.nacos.client.logging.NacosLogging - Load Logback Configuration of Nacos fail, message: Could not initialize Logback Nacos logging from classpath:nacos-logback.xml
2026-08-30 21:55:51.600 [main] INFO  c.a.n.client.config.impl.LocalConfigInfoProcessor - LOCAL_SNAPSHOT_PATH:C:\Users\Administrator\nacos\config
2026-08-30 21:55:51.603 [main] INFO  com.alibaba.nacos.common.remote.client - [RpcClientFactory] create a new rpc client of 99fc0ecb-0802-4bad-a1de-34bb60d0e9c3_config-0
2026-08-30 21:55:51.616 [main] INFO  com.alibaba.nacos.common.remote.client - [99fc0ecb-0802-4bad-a1de-34bb60d0e9c3_config-0] Register server push request handler:com.alibaba.nacos.client.config.impl.ClientWorker$ConfigRpcTransportClient$$Lambda$585/0x000002a910390000
2026-08-30 21:55:51.616 [main] INFO  com.alibaba.nacos.common.remote.client - [99fc0ecb-0802-4bad-a1de-34bb60d0e9c3_config-0] Register server push request handler:com.alibaba.nacos.client.config.impl.ClientWorker$ConfigRpcTransportClient$$Lambda$586/0x000002a910390420
2026-08-30 21:55:51.617 [main] INFO  com.alibaba.nacos.common.remote.client - [99fc0ecb-0802-4bad-a1de-34bb60d0e9c3_config-0] Registry connection listener to current client:com.alibaba.nacos.client.config.impl.ClientWorker$ConfigRpcTransportClient$1
2026-08-30 21:55:51.617 [main] INFO  com.alibaba.nacos.common.remote.client - [99fc0ecb-0802-4bad-a1de-34bb60d0e9c3_config-0] RpcClient init, ServerListFactory = com.alibaba.nacos.client.config.impl.ClientWorker$ConfigRpcTransportClient$2
2026-08-30 21:55:51.622 [main] INFO  com.alibaba.nacos.common.remote.client - [99fc0ecb-0802-4bad-a1de-34bb60d0e9c3_config-0] Try to connect to server on start up, server: {serverIp = '127.0.0.1', server main port = 8848}
2026-08-30 21:55:51.659 [main] INFO  c.a.nacos.common.remote.client.grpc.GrpcClient - grpc client connection server:127.0.0.1 ip,serverPort:9848,grpcTslConfig:{"sslProvider":"OPENSSL","enableTls":false,"mutualAuthEnable":false,"trustAll":false}
2026-08-30 21:55:52.818 [main] INFO  com.alibaba.nacos.common.remote.client - [99fc0ecb-0802-4bad-a1de-34bb60d0e9c3_config-0] Success to connect to server [127.0.0.1:8848] on start up, connectionId = 1788098152624_172.17.0.1_50680
2026-08-30 21:55:52.819 [com.alibaba.nacos.client.remote.worker] INFO  com.alibaba.nacos.common.remote.client - [99fc0ecb-0802-4bad-a1de-34bb60d0e9c3_config-0] Notify connected event to listeners.
2026-08-30 21:55:52.819 [com.alibaba.nacos.client.remote.worker] INFO  com.alibaba.nacos.client.config.impl.ClientWorker - [99fc0ecb-0802-4bad-a1de-34bb60d0e9c3_config-0] Connected,notify listen context...
2026-08-30 21:55:52.819 [main] INFO  com.alibaba.nacos.common.remote.client - [99fc0ecb-0802-4bad-a1de-34bb60d0e9c3_config-0] Register server push request handler:com.alibaba.nacos.common.remote.client.RpcClient$ConnectResetRequestHandler
2026-08-30 21:55:52.819 [main] INFO  com.alibaba.nacos.common.remote.client - [99fc0ecb-0802-4bad-a1de-34bb60d0e9c3_config-0] Register server push request handler:com.alibaba.nacos.common.remote.client.RpcClient$$Lambda$606/0x000002a9104d8440
2026-08-30 21:55:52.862 [main] INFO  com.alibaba.nacos.client.config.impl.Limiter - limitTime:5.0
2026-08-30 21:55:52.887 [main] INFO  com.alibaba.nacos.client.config.utils.JvmUtil - isMultiInstance:false
2026-08-30 21:55:52.901 [main] WARN  c.a.cloud.nacos.client.NacosPropertySourceBuilder - Ignore the empty nacos configuration and get it based on dataId[xiaohongshu-auth.yaml] & group[DEFAULT_GROUP]
2026-08-30 21:55:52.923 [main] INFO  o.s.c.b.c.PropertySourceBootstrapConfiguration - Located property source: [BootstrapPropertySource {name='bootstrapProperties-xiaohongshu-auth-dev.yaml,DEFAULT_GROUP'}, BootstrapPropertySource {name='bootstrapProperties-xiaohongshu-auth.yaml,DEFAULT_GROUP'}, BootstrapPropertySource {name='bootstrapProperties-xiaohongshu-auth,DEFAULT_GROUP'}]
2026-08-30 21:55:52.946 [main] WARN  com.alibaba.nacos.client.logging.NacosLogging - Load Logback Configuration of Nacos fail, message: Could not initialize Logback Nacos logging from classpath:nacos-logback.xml
2026-08-30 21:55:52.947 [main] INFO  c.g.xiaohongshu.auth.XiaohongshuAuthApplication - The following 1 profile is active: "dev"
2026-08-30 21:55:53.578 [main] INFO  o.s.d.r.config.RepositoryConfigurationDelegate - Multiple Spring Data modules found, entering strict repository configuration mode
2026-08-30 21:55:53.580 [main] INFO  o.s.d.r.config.RepositoryConfigurationDelegate - Bootstrapping Spring Data Redis repositories in DEFAULT mode.
2026-08-30 21:55:53.602 [main] INFO  o.s.d.r.config.RepositoryConfigurationDelegate - Finished Spring Data repository scanning in 8 ms. Found 0 Redis repository interfaces.
2026-08-30 21:55:53.723 [main] INFO  o.springframework.cloud.context.scope.GenericScope - BeanFactory id=e70d0da6-a6b9-3e89-8467-9ec23b5828f1
2026-08-30 21:55:54.237 [main] INFO  o.s.boot.web.embedded.tomcat.TomcatWebServer - Tomcat initialized with port(s): 8080 (http)
2026-08-30 21:55:54.246 [main] INFO  org.apache.catalina.core.StandardService - Starting service [Tomcat]
2026-08-30 21:55:54.247 [main] INFO  org.apache.catalina.core.StandardEngine - Starting Servlet engine: [Apache Tomcat/10.1.5]
2026-08-30 21:55:54.329 [main] INFO  o.a.c.core.ContainerBase.[Tomcat].[localhost].[/] - Initializing Spring embedded WebApplicationContext
2026-08-30 21:55:54.329 [main] INFO  o.s.b.w.s.c.ServletWebServerApplicationContext - Root WebApplicationContext: initialization completed in 1367 ms
2026-08-30 21:55:54.440 [main] INFO  c.a.d.s.b.a.DruidDataSourceAutoConfigure - Init DruidDataSource
2026-08-30 21:55:54.823 [main] INFO  com.alibaba.druid.pool.DruidDataSource - {dataSource-1} inited
2026-08-30 21:55:56.248 [main] WARN  o.s.b.w.s.c.AnnotationConfigServletWebServerApplicationContext - Exception encountered during context initialization - cancelling refresh attempt: org.springframework.context.ApplicationContextException: Failed to start bean 'webServerStartStop'
2026-08-30 21:55:56.262 [main] INFO  com.alibaba.druid.pool.DruidDataSource - {dataSource-1} closing ...
2026-08-30 21:55:56.269 [main] INFO  com.alibaba.druid.pool.DruidDataSource - {dataSource-1} closed
2026-08-30 21:55:56.270 [main] INFO  org.apache.catalina.core.StandardService - Stopping service [Tomcat]
2026-08-30 21:55:56.292 [main] INFO  o.s.b.a.logging.ConditionEvaluationReportLogger - 

Error starting ApplicationContext. To display the condition evaluation report re-run your application with 'debug' enabled.
2026-08-30 21:55:56.313 [main] ERROR o.s.b.diagnostics.LoggingFailureAnalysisReporter - 

***************************
APPLICATION FAILED TO START
***************************

Description:

Web server failed to start. Port 8080 was already in use.

Action:

Identify and stop the process that's listening on port 8080 or configure this application to listen on another port.

2026-08-30 21:55:57.269 [Thread-2] WARN  c.alibaba.nacos.common.http.HttpClientBeanHolder - [HttpClientBeanHolder] Start destroying common HttpClient
2026-08-30 21:57:10.970 [Thread-2] WARN  c.alibaba.nacos.common.http.HttpClientBeanHolder - [HttpClientBeanHolder] Start destroying common HttpClient
2026-08-30 21:57:10.970 [Thread-9] WARN  com.alibaba.nacos.common.notify.NotifyCenter - [NotifyCenter] Start destroying Publisher
2026-08-30 21:57:10.971 [Thread-9] WARN  com.alibaba.nacos.common.notify.NotifyCenter - [NotifyCenter] Destruction of the end
2026-08-30 21:57:10.971 [Thread-2] WARN  c.alibaba.nacos.common.http.HttpClientBeanHolder - [HttpClientBeanHolder] Destruction of the end
2026-08-30 21:57:11.175 [SpringApplicationShutdownHook] INFO  com.alibaba.druid.pool.DruidDataSource - {dataSource-1} closing ...
2026-08-30 21:57:11.188 [SpringApplicationShutdownHook] INFO  com.alibaba.druid.pool.DruidDataSource - {dataSource-1} closed
2026-08-30 21:57:18.708 [main] WARN  com.alibaba.nacos.client.logging.NacosLogging - Load Logback Configuration of Nacos fail, message: Could not initialize Logback Nacos logging from classpath:nacos-logback.xml
2026-08-30 21:57:18.811 [main] WARN  com.alibaba.nacos.client.logging.NacosLogging - Load Logback Configuration of Nacos fail, message: Could not initialize Logback Nacos logging from classpath:nacos-logback.xml
2026-08-30 21:57:19.179 [main] WARN  com.alibaba.nacos.client.logging.NacosLogging - Load Logback Configuration of Nacos fail, message: Could not initialize Logback Nacos logging from classpath:nacos-logback.xml
2026-08-30 21:57:19.181 [main] INFO  com.alibaba.nacos.client.utils.ParamUtil - [settings] [req-serv] nacos-server port:8848
2026-08-30 21:57:19.181 [main] INFO  com.alibaba.nacos.client.utils.ParamUtil - [settings] [http-client] connect timeout:1000
2026-08-30 21:57:19.184 [main] INFO  com.alibaba.nacos.client.utils.ParamUtil - PER_TASK_CONFIG_SIZE: 3000.0
2026-08-30 21:57:19.225 [main] INFO  c.a.n.p.auth.spi.client.ClientAuthPluginManager - [ClientAuthPluginManager] Load ClientAuthService com.alibaba.nacos.client.auth.impl.NacosClientAuthServiceImpl success.
2026-08-30 21:57:19.225 [main] INFO  c.a.n.p.auth.spi.client.ClientAuthPluginManager - [ClientAuthPluginManager] Load ClientAuthService com.alibaba.nacos.client.auth.ram.RamClientAuthServiceImpl success.
2026-08-30 21:57:19.230 [main] INFO  c.a.n.client.auth.ram.identify.CredentialWatcher - null No credential found
2026-08-30 21:57:20.198 [main] WARN  com.alibaba.nacos.client.logging.NacosLogging - Load Logback Configuration of Nacos fail, message: Could not initialize Logback Nacos logging from classpath:nacos-logback.xml
2026-08-30 21:57:20.223 [main] INFO  c.a.n.client.config.impl.LocalConfigInfoProcessor - LOCAL_SNAPSHOT_PATH:C:\Users\Administrator\nacos\config
2026-08-30 21:57:20.232 [main] INFO  com.alibaba.nacos.common.remote.client - [RpcClientFactory] create a new rpc client of 66182bad-55f1-411d-914c-d752ecc9154c_config-0
2026-08-30 21:57:20.264 [main] INFO  com.alibaba.nacos.common.remote.client - [66182bad-55f1-411d-914c-d752ecc9154c_config-0] Register server push request handler:com.alibaba.nacos.client.config.impl.ClientWorker$ConfigRpcTransportClient$$Lambda$585/0x000001c411371060
2026-08-30 21:57:20.265 [main] INFO  com.alibaba.nacos.common.remote.client - [66182bad-55f1-411d-914c-d752ecc9154c_config-0] Register server push request handler:com.alibaba.nacos.client.config.impl.ClientWorker$ConfigRpcTransportClient$$Lambda$586/0x000001c411371480
2026-08-30 21:57:20.267 [main] INFO  com.alibaba.nacos.common.remote.client - [66182bad-55f1-411d-914c-d752ecc9154c_config-0] Registry connection listener to current client:com.alibaba.nacos.client.config.impl.ClientWorker$ConfigRpcTransportClient$1
2026-08-30 21:57:20.269 [main] INFO  com.alibaba.nacos.common.remote.client - [66182bad-55f1-411d-914c-d752ecc9154c_config-0] RpcClient init, ServerListFactory = com.alibaba.nacos.client.config.impl.ClientWorker$ConfigRpcTransportClient$2
2026-08-30 21:57:20.287 [main] INFO  com.alibaba.nacos.common.remote.client - [66182bad-55f1-411d-914c-d752ecc9154c_config-0] Try to connect to server on start up, server: {serverIp = '127.0.0.1', server main port = 8848}
2026-08-30 21:57:20.382 [main] INFO  c.a.nacos.common.remote.client.grpc.GrpcClient - grpc client connection server:127.0.0.1 ip,serverPort:9848,grpcTslConfig:{"sslProvider":"OPENSSL","enableTls":false,"mutualAuthEnable":false,"trustAll":false}
2026-08-30 21:57:22.324 [main] INFO  com.alibaba.nacos.common.remote.client - [66182bad-55f1-411d-914c-d752ecc9154c_config-0] Success to connect to server [127.0.0.1:8848] on start up, connectionId = 1788098242032_172.17.0.1_36598
2026-08-30 21:57:22.326 [com.alibaba.nacos.client.remote.worker] INFO  com.alibaba.nacos.common.remote.client - [66182bad-55f1-411d-914c-d752ecc9154c_config-0] Notify connected event to listeners.
2026-08-30 21:57:22.327 [com.alibaba.nacos.client.remote.worker] INFO  com.alibaba.nacos.client.config.impl.ClientWorker - [66182bad-55f1-411d-914c-d752ecc9154c_config-0] Connected,notify listen context...
2026-08-30 21:57:22.327 [main] INFO  com.alibaba.nacos.common.remote.client - [66182bad-55f1-411d-914c-d752ecc9154c_config-0] Register server push request handler:com.alibaba.nacos.common.remote.client.RpcClient$ConnectResetRequestHandler
2026-08-30 21:57:22.328 [main] INFO  com.alibaba.nacos.common.remote.client - [66182bad-55f1-411d-914c-d752ecc9154c_config-0] Register server push request handler:com.alibaba.nacos.common.remote.client.RpcClient$$Lambda$606/0x000001c4114d91e8
2026-08-30 21:57:22.406 [main] INFO  com.alibaba.nacos.client.config.impl.Limiter - limitTime:5.0
2026-08-30 21:57:22.454 [main] INFO  com.alibaba.nacos.client.config.utils.JvmUtil - isMultiInstance:false
2026-08-30 21:57:22.482 [main] WARN  c.a.cloud.nacos.client.NacosPropertySourceBuilder - Ignore the empty nacos configuration and get it based on dataId[xiaohongshu-auth.yaml] & group[DEFAULT_GROUP]
2026-08-30 21:57:22.517 [main] INFO  o.s.c.b.c.PropertySourceBootstrapConfiguration - Located property source: [BootstrapPropertySource {name='bootstrapProperties-xiaohongshu-auth-dev.yaml,DEFAULT_GROUP'}, BootstrapPropertySource {name='bootstrapProperties-xiaohongshu-auth.yaml,DEFAULT_GROUP'}, BootstrapPropertySource {name='bootstrapProperties-xiaohongshu-auth,DEFAULT_GROUP'}]
2026-08-30 21:57:22.562 [main] WARN  com.alibaba.nacos.client.logging.NacosLogging - Load Logback Configuration of Nacos fail, message: Could not initialize Logback Nacos logging from classpath:nacos-logback.xml
2026-08-30 21:57:22.563 [main] INFO  c.g.xiaohongshu.auth.XiaohongshuAuthApplication - The following 1 profile is active: "dev"
2026-08-30 21:57:23.735 [main] INFO  o.s.d.r.config.RepositoryConfigurationDelegate - Multiple Spring Data modules found, entering strict repository configuration mode
2026-08-30 21:57:23.740 [main] INFO  o.s.d.r.config.RepositoryConfigurationDelegate - Bootstrapping Spring Data Redis repositories in DEFAULT mode.
2026-08-30 21:57:23.790 [main] INFO  o.s.d.r.config.RepositoryConfigurationDelegate - Finished Spring Data repository scanning in 21 ms. Found 0 Redis repository interfaces.
2026-08-30 21:57:24.142 [main] INFO  o.springframework.cloud.context.scope.GenericScope - BeanFactory id=e70d0da6-a6b9-3e89-8467-9ec23b5828f1
2026-08-30 21:57:25.239 [main] INFO  o.s.boot.web.embedded.tomcat.TomcatWebServer - Tomcat initialized with port(s): 8080 (http)
2026-08-30 21:57:25.258 [main] INFO  org.apache.catalina.core.StandardService - Starting service [Tomcat]
2026-08-30 21:57:25.259 [main] INFO  org.apache.catalina.core.StandardEngine - Starting Servlet engine: [Apache Tomcat/10.1.5]
2026-08-30 21:57:25.414 [main] INFO  o.a.c.core.ContainerBase.[Tomcat].[localhost].[/] - Initializing Spring embedded WebApplicationContext
2026-08-30 21:57:25.415 [main] INFO  o.s.b.w.s.c.ServletWebServerApplicationContext - Root WebApplicationContext: initialization completed in 2813 ms
2026-08-30 21:57:25.629 [main] INFO  c.a.d.s.b.a.DruidDataSourceAutoConfigure - Init DruidDataSource
2026-08-30 21:57:26.361 [main] INFO  com.alibaba.druid.pool.DruidDataSource - {dataSource-1} inited
2026-08-30 21:57:29.325 [main] INFO  o.s.boot.web.embedded.tomcat.TomcatWebServer - Tomcat started on port(s): 8080 (http) with context path ''
2026-08-30 21:57:29.953 [main] INFO  c.g.xiaohongshu.auth.XiaohongshuAuthApplication - Started XiaohongshuAuthApplication in 12.824 seconds (process running for 13.875)
2026-08-30 21:57:29.955 [main] INFO  c.g.x.auth.runner.PushRolePermissions2RedisRunner - ==> 服务启动，开始同步角色权限数据到 Redis 中...
2026-08-30 21:57:30.731 [main] WARN  c.g.x.auth.runner.PushRolePermissions2RedisRunner - ==> 角色权限数据已经同步至 Redis 中，不再同步...
2026-08-30 21:57:30.737 [main] INFO  com.alibaba.nacos.client.config.impl.CacheData - nacos.cache.data.init.snapshot = true 
2026-08-30 21:57:30.738 [main] INFO  com.alibaba.nacos.client.config.impl.ClientWorker - [fixed-xiaohongshu-127.0.0.1_8848] [subscribe] xiaohongshu-auth.yaml+DEFAULT_GROUP+xiaohongshu
2026-08-30 21:57:30.754 [main] INFO  com.alibaba.nacos.client.config.impl.CacheData - [fixed-xiaohongshu-127.0.0.1_8848] [add-listener] ok, tenant=xiaohongshu, dataId=xiaohongshu-auth.yaml, group=DEFAULT_GROUP, cnt=1
2026-08-30 21:57:30.754 [main] INFO  c.a.cloud.nacos.refresh.NacosContextRefresher - [Nacos Config] Listening config: dataId=xiaohongshu-auth.yaml, group=DEFAULT_GROUP
2026-08-30 21:57:30.756 [main] INFO  com.alibaba.nacos.client.config.impl.ClientWorker - [fixed-xiaohongshu-127.0.0.1_8848] [subscribe] xiaohongshu-auth-dev.yaml+DEFAULT_GROUP+xiaohongshu
2026-08-30 21:57:30.756 [main] INFO  com.alibaba.nacos.client.config.impl.CacheData - [fixed-xiaohongshu-127.0.0.1_8848] [add-listener] ok, tenant=xiaohongshu, dataId=xiaohongshu-auth-dev.yaml, group=DEFAULT_GROUP, cnt=1
2026-08-30 21:57:30.756 [main] INFO  c.a.cloud.nacos.refresh.NacosContextRefresher - [Nacos Config] Listening config: dataId=xiaohongshu-auth-dev.yaml, group=DEFAULT_GROUP
2026-08-30 21:57:30.758 [main] INFO  com.alibaba.nacos.client.config.impl.ClientWorker - [fixed-xiaohongshu-127.0.0.1_8848] [subscribe] xiaohongshu-auth+DEFAULT_GROUP+xiaohongshu
2026-08-30 21:57:30.759 [main] INFO  com.alibaba.nacos.client.config.impl.CacheData - [fixed-xiaohongshu-127.0.0.1_8848] [add-listener] ok, tenant=xiaohongshu, dataId=xiaohongshu-auth, group=DEFAULT_GROUP, cnt=1
2026-08-30 21:57:30.759 [main] INFO  c.a.cloud.nacos.refresh.NacosContextRefresher - [Nacos Config] Listening config: dataId=xiaohongshu-auth, group=DEFAULT_GROUP
2026-08-30 22:04:09.224 [Thread-2] WARN  c.alibaba.nacos.common.http.HttpClientBeanHolder - [HttpClientBeanHolder] Start destroying common HttpClient
2026-08-30 22:04:09.224 [Thread-9] WARN  com.alibaba.nacos.common.notify.NotifyCenter - [NotifyCenter] Start destroying Publisher
2026-08-30 22:04:09.224 [Thread-9] WARN  com.alibaba.nacos.common.notify.NotifyCenter - [NotifyCenter] Destruction of the end
2026-08-30 22:04:09.225 [Thread-2] WARN  c.alibaba.nacos.common.http.HttpClientBeanHolder - [HttpClientBeanHolder] Destruction of the end
2026-08-30 22:04:09.416 [SpringApplicationShutdownHook] INFO  com.alibaba.druid.pool.DruidDataSource - {dataSource-1} closing ...
2026-08-30 22:04:09.431 [SpringApplicationShutdownHook] INFO  com.alibaba.druid.pool.DruidDataSource - {dataSource-1} closed
2026-08-30 22:05:26.512 [main] WARN  com.alibaba.nacos.client.logging.NacosLogging - Load Logback Configuration of Nacos fail, message: Could not initialize Logback Nacos logging from classpath:nacos-logback.xml
2026-08-30 22:05:26.561 [main] WARN  com.alibaba.nacos.client.logging.NacosLogging - Load Logback Configuration of Nacos fail, message: Could not initialize Logback Nacos logging from classpath:nacos-logback.xml
2026-08-30 22:05:26.739 [main] WARN  com.alibaba.nacos.client.logging.NacosLogging - Load Logback Configuration of Nacos fail, message: Could not initialize Logback Nacos logging from classpath:nacos-logback.xml
2026-08-30 22:05:26.740 [main] INFO  com.alibaba.nacos.client.utils.ParamUtil - [settings] [req-serv] nacos-server port:8848
2026-08-30 22:05:26.740 [main] INFO  com.alibaba.nacos.client.utils.ParamUtil - [settings] [http-client] connect timeout:1000
2026-08-30 22:05:26.741 [main] INFO  com.alibaba.nacos.client.utils.ParamUtil - PER_TASK_CONFIG_SIZE: 3000.0
2026-08-30 22:05:26.764 [main] INFO  c.a.n.p.auth.spi.client.ClientAuthPluginManager - [ClientAuthPluginManager] Load ClientAuthService com.alibaba.nacos.client.auth.impl.NacosClientAuthServiceImpl success.
2026-08-30 22:05:26.764 [main] INFO  c.a.n.p.auth.spi.client.ClientAuthPluginManager - [ClientAuthPluginManager] Load ClientAuthService com.alibaba.nacos.client.auth.ram.RamClientAuthServiceImpl success.
2026-08-30 22:05:26.767 [main] INFO  c.a.n.client.auth.ram.identify.CredentialWatcher - null No credential found
2026-08-30 22:05:27.291 [main] WARN  com.alibaba.nacos.client.logging.NacosLogging - Load Logback Configuration of Nacos fail, message: Could not initialize Logback Nacos logging from classpath:nacos-logback.xml
2026-08-30 22:05:27.301 [main] INFO  c.a.n.client.config.impl.LocalConfigInfoProcessor - LOCAL_SNAPSHOT_PATH:C:\Users\Administrator\nacos\config
2026-08-30 22:05:27.304 [main] INFO  com.alibaba.nacos.common.remote.client - [RpcClientFactory] create a new rpc client of 4143e5fc-8c11-4fe5-bb0d-e5faa47465a5_config-0
2026-08-30 22:05:27.317 [main] INFO  com.alibaba.nacos.common.remote.client - [4143e5fc-8c11-4fe5-bb0d-e5faa47465a5_config-0] Register server push request handler:com.alibaba.nacos.client.config.impl.ClientWorker$ConfigRpcTransportClient$$Lambda$585/0x00000140813901f8
2026-08-30 22:05:27.317 [main] INFO  com.alibaba.nacos.common.remote.client - [4143e5fc-8c11-4fe5-bb0d-e5faa47465a5_config-0] Register server push request handler:com.alibaba.nacos.client.config.impl.ClientWorker$ConfigRpcTransportClient$$Lambda$586/0x0000014081390618
2026-08-30 22:05:27.317 [main] INFO  com.alibaba.nacos.common.remote.client - [4143e5fc-8c11-4fe5-bb0d-e5faa47465a5_config-0] Registry connection listener to current client:com.alibaba.nacos.client.config.impl.ClientWorker$ConfigRpcTransportClient$1
2026-08-30 22:05:27.318 [main] INFO  com.alibaba.nacos.common.remote.client - [4143e5fc-8c11-4fe5-bb0d-e5faa47465a5_config-0] RpcClient init, ServerListFactory = com.alibaba.nacos.client.config.impl.ClientWorker$ConfigRpcTransportClient$2
2026-08-30 22:05:27.324 [main] INFO  com.alibaba.nacos.common.remote.client - [4143e5fc-8c11-4fe5-bb0d-e5faa47465a5_config-0] Try to connect to server on start up, server: {serverIp = '127.0.0.1', server main port = 8848}
2026-08-30 22:05:27.378 [main] INFO  c.a.nacos.common.remote.client.grpc.GrpcClient - grpc client connection server:127.0.0.1 ip,serverPort:9848,grpcTslConfig:{"sslProvider":"OPENSSL","enableTls":false,"mutualAuthEnable":false,"trustAll":false}
2026-08-30 22:05:28.602 [main] INFO  com.alibaba.nacos.common.remote.client - [4143e5fc-8c11-4fe5-bb0d-e5faa47465a5_config-0] Success to connect to server [127.0.0.1:8848] on start up, connectionId = 1788098728418_172.17.0.1_53346
2026-08-30 22:05:28.604 [com.alibaba.nacos.client.remote.worker] INFO  com.alibaba.nacos.common.remote.client - [4143e5fc-8c11-4fe5-bb0d-e5faa47465a5_config-0] Notify connected event to listeners.
2026-08-30 22:05:28.604 [com.alibaba.nacos.client.remote.worker] INFO  com.alibaba.nacos.client.config.impl.ClientWorker - [4143e5fc-8c11-4fe5-bb0d-e5faa47465a5_config-0] Connected,notify listen context...
2026-08-30 22:05:28.605 [main] INFO  com.alibaba.nacos.common.remote.client - [4143e5fc-8c11-4fe5-bb0d-e5faa47465a5_config-0] Register server push request handler:com.alibaba.nacos.common.remote.client.RpcClient$ConnectResetRequestHandler
2026-08-30 22:05:28.606 [main] INFO  com.alibaba.nacos.common.remote.client - [4143e5fc-8c11-4fe5-bb0d-e5faa47465a5_config-0] Register server push request handler:com.alibaba.nacos.common.remote.client.RpcClient$$Lambda$606/0x00000140814d8668
2026-08-30 22:05:28.669 [main] INFO  com.alibaba.nacos.client.config.impl.Limiter - limitTime:5.0
2026-08-30 22:05:28.692 [main] INFO  com.alibaba.nacos.client.config.utils.JvmUtil - isMultiInstance:false
2026-08-30 22:05:28.703 [main] WARN  c.a.cloud.nacos.client.NacosPropertySourceBuilder - Ignore the empty nacos configuration and get it based on dataId[xiaohongshu-auth.yaml] & group[DEFAULT_GROUP]
2026-08-30 22:05:28.722 [main] INFO  o.s.c.b.c.PropertySourceBootstrapConfiguration - Located property source: [BootstrapPropertySource {name='bootstrapProperties-xiaohongshu-auth-dev.yaml,DEFAULT_GROUP'}, BootstrapPropertySource {name='bootstrapProperties-xiaohongshu-auth.yaml,DEFAULT_GROUP'}, BootstrapPropertySource {name='bootstrapProperties-xiaohongshu-auth,DEFAULT_GROUP'}]
2026-08-30 22:05:28.743 [main] WARN  com.alibaba.nacos.client.logging.NacosLogging - Load Logback Configuration of Nacos fail, message: Could not initialize Logback Nacos logging from classpath:nacos-logback.xml
2026-08-30 22:05:28.744 [main] INFO  c.g.xiaohongshu.auth.XiaohongshuAuthApplication - The following 1 profile is active: "dev"
2026-08-30 22:05:29.333 [main] INFO  o.s.d.r.config.RepositoryConfigurationDelegate - Multiple Spring Data modules found, entering strict repository configuration mode
2026-08-30 22:05:29.337 [main] INFO  o.s.d.r.config.RepositoryConfigurationDelegate - Bootstrapping Spring Data Redis repositories in DEFAULT mode.
2026-08-30 22:05:29.366 [main] INFO  o.s.d.r.config.RepositoryConfigurationDelegate - Finished Spring Data repository scanning in 12 ms. Found 0 Redis repository interfaces.
2026-08-30 22:05:29.499 [main] INFO  o.springframework.cloud.context.scope.GenericScope - BeanFactory id=e975a4a9-1ce7-3108-84ca-3ebf7bd491e7
2026-08-30 22:05:30.074 [main] INFO  o.s.boot.web.embedded.tomcat.TomcatWebServer - Tomcat initialized with port(s): 8080 (http)
2026-08-30 22:05:30.083 [main] INFO  org.apache.catalina.core.StandardService - Starting service [Tomcat]
2026-08-30 22:05:30.083 [main] INFO  org.apache.catalina.core.StandardEngine - Starting Servlet engine: [Apache Tomcat/10.1.5]
2026-08-30 22:05:30.150 [main] INFO  o.a.c.core.ContainerBase.[Tomcat].[localhost].[/] - Initializing Spring embedded WebApplicationContext
2026-08-30 22:05:30.150 [main] INFO  o.s.b.w.s.c.ServletWebServerApplicationContext - Root WebApplicationContext: initialization completed in 1392 ms
2026-08-30 22:05:30.228 [main] INFO  c.a.d.s.b.a.DruidDataSourceAutoConfigure - Init DruidDataSource
2026-08-30 22:05:30.622 [main] INFO  com.alibaba.druid.pool.DruidDataSource - {dataSource-1} inited
2026-08-30 22:05:32.934 [main] INFO  o.s.boot.web.embedded.tomcat.TomcatWebServer - Tomcat started on port(s): 8080 (http) with context path ''
2026-08-30 22:05:32.938 [main] INFO  com.alibaba.nacos.client.naming - initializer namespace from ans.namespace attribute : null
2026-08-30 22:05:32.938 [main] INFO  com.alibaba.nacos.client.naming - initializer namespace from ALIBABA_ALIWARE_NAMESPACE attribute :null
2026-08-30 22:05:32.939 [main] INFO  com.alibaba.nacos.client.naming - initializer namespace from namespace attribute :null
2026-08-30 22:05:32.946 [main] INFO  c.a.n.p.auth.spi.client.ClientAuthPluginManager - [ClientAuthPluginManager] Load ClientAuthService com.alibaba.nacos.client.auth.impl.NacosClientAuthServiceImpl success.
2026-08-30 22:05:32.947 [main] INFO  c.a.n.p.auth.spi.client.ClientAuthPluginManager - [ClientAuthPluginManager] Load ClientAuthService com.alibaba.nacos.client.auth.ram.RamClientAuthServiceImpl success.
2026-08-30 22:05:32.950 [main] INFO  com.alibaba.nacos.common.remote.client - [RpcClientFactory] create a new rpc client of e64909d3-88ba-427b-bda3-ec9a52d55e69
2026-08-30 22:05:32.952 [main] INFO  com.alibaba.nacos.common.remote.client - [e64909d3-88ba-427b-bda3-ec9a52d55e69] RpcClient init, ServerListFactory = com.alibaba.nacos.client.naming.core.ServerListManager
2026-08-30 22:05:32.952 [main] INFO  com.alibaba.nacos.common.remote.client - [e64909d3-88ba-427b-bda3-ec9a52d55e69] Registry connection listener to current client:com.alibaba.nacos.client.naming.remote.gprc.redo.NamingGrpcRedoService
2026-08-30 22:05:32.952 [main] INFO  com.alibaba.nacos.common.remote.client - [e64909d3-88ba-427b-bda3-ec9a52d55e69] Register server push request handler:com.alibaba.nacos.client.naming.remote.gprc.NamingPushRequestHandler
2026-08-30 22:05:32.952 [main] INFO  com.alibaba.nacos.common.remote.client - [e64909d3-88ba-427b-bda3-ec9a52d55e69] Try to connect to server on start up, server: {serverIp = '127.0.0.1', server main port = 8848}
2026-08-30 22:05:32.953 [main] INFO  c.a.nacos.common.remote.client.grpc.GrpcClient - grpc client connection server:127.0.0.1 ip,serverPort:9848,grpcTslConfig:{"sslProvider":"OPENSSL","enableTls":false,"mutualAuthEnable":false,"trustAll":false}
2026-08-30 22:05:33.067 [main] INFO  com.alibaba.nacos.common.remote.client - [e64909d3-88ba-427b-bda3-ec9a52d55e69] Success to connect to server [127.0.0.1:8848] on start up, connectionId = 1788098732959_172.17.0.1_53362
2026-08-30 22:05:33.067 [com.alibaba.nacos.client.remote.worker] INFO  com.alibaba.nacos.common.remote.client - [e64909d3-88ba-427b-bda3-ec9a52d55e69] Notify connected event to listeners.
2026-08-30 22:05:33.067 [main] INFO  com.alibaba.nacos.common.remote.client - [e64909d3-88ba-427b-bda3-ec9a52d55e69] Register server push request handler:com.alibaba.nacos.common.remote.client.RpcClient$ConnectResetRequestHandler
2026-08-30 22:05:33.067 [com.alibaba.nacos.client.remote.worker] INFO  com.alibaba.nacos.client.naming - Grpc connection connect
2026-08-30 22:05:33.067 [main] INFO  com.alibaba.nacos.common.remote.client - [e64909d3-88ba-427b-bda3-ec9a52d55e69] Register server push request handler:com.alibaba.nacos.common.remote.client.RpcClient$$Lambda$606/0x00000140814d8668
2026-08-30 22:05:33.068 [main] INFO  com.alibaba.nacos.client.naming - [REGISTER-SERVICE] xiaohongshu registering service xiaohongshu-auth with instance Instance{instanceId='null', ip='192.168.0.103', port=8080, weight=1.0, healthy=true, enabled=true, ephemeral=true, clusterName='DEFAULT', serviceName='null', metadata={IPv6=null, preserved.register.source=SPRING_CLOUD}}
2026-08-30 22:05:33.081 [main] INFO  c.a.cloud.nacos.registry.NacosServiceRegistry - nacos registry, DEFAULT_GROUP xiaohongshu-auth 192.168.0.103:8080 register finished
2026-08-30 22:05:33.502 [main] INFO  c.g.xiaohongshu.auth.XiaohongshuAuthApplication - Started XiaohongshuAuthApplication in 7.86 seconds (process running for 8.53)
2026-08-30 22:05:33.504 [main] INFO  c.g.x.auth.runner.PushRolePermissions2RedisRunner - ==> 服务启动，开始同步角色权限数据到 Redis 中...
2026-08-30 22:05:33.921 [main] WARN  c.g.x.auth.runner.PushRolePermissions2RedisRunner - ==> 角色权限数据已经同步至 Redis 中，不再同步...
2026-08-30 22:05:33.923 [main] INFO  com.alibaba.nacos.client.config.impl.CacheData - nacos.cache.data.init.snapshot = true 
2026-08-30 22:05:33.924 [main] INFO  com.alibaba.nacos.client.config.impl.ClientWorker - [fixed-xiaohongshu-127.0.0.1_8848] [subscribe] xiaohongshu-auth.yaml+DEFAULT_GROUP+xiaohongshu
2026-08-30 22:05:33.930 [main] INFO  com.alibaba.nacos.client.config.impl.CacheData - [fixed-xiaohongshu-127.0.0.1_8848] [add-listener] ok, tenant=xiaohongshu, dataId=xiaohongshu-auth.yaml, group=DEFAULT_GROUP, cnt=1
2026-08-30 22:05:33.930 [main] INFO  c.a.cloud.nacos.refresh.NacosContextRefresher - [Nacos Config] Listening config: dataId=xiaohongshu-auth.yaml, group=DEFAULT_GROUP
2026-08-30 22:05:33.932 [main] INFO  com.alibaba.nacos.client.config.impl.ClientWorker - [fixed-xiaohongshu-127.0.0.1_8848] [subscribe] xiaohongshu-auth-dev.yaml+DEFAULT_GROUP+xiaohongshu
2026-08-30 22:05:33.932 [main] INFO  com.alibaba.nacos.client.config.impl.CacheData - [fixed-xiaohongshu-127.0.0.1_8848] [add-listener] ok, tenant=xiaohongshu, dataId=xiaohongshu-auth-dev.yaml, group=DEFAULT_GROUP, cnt=1
2026-08-30 22:05:33.933 [main] INFO  c.a.cloud.nacos.refresh.NacosContextRefresher - [Nacos Config] Listening config: dataId=xiaohongshu-auth-dev.yaml, group=DEFAULT_GROUP
2026-08-30 22:05:33.934 [main] INFO  com.alibaba.nacos.client.config.impl.ClientWorker - [fixed-xiaohongshu-127.0.0.1_8848] [subscribe] xiaohongshu-auth+DEFAULT_GROUP+xiaohongshu
2026-08-30 22:05:33.934 [main] INFO  com.alibaba.nacos.client.config.impl.CacheData - [fixed-xiaohongshu-127.0.0.1_8848] [add-listener] ok, tenant=xiaohongshu, dataId=xiaohongshu-auth, group=DEFAULT_GROUP, cnt=1
2026-08-30 22:05:33.934 [main] INFO  c.a.cloud.nacos.refresh.NacosContextRefresher - [Nacos Config] Listening config: dataId=xiaohongshu-auth, group=DEFAULT_GROUP
