2026-09-05 20:06:18.590 [main] WARN  com.alibaba.nacos.client.logging.NacosLogging - Load Logback Configuration of Nacos fail, message: Could not initialize Logback Nacos logging from classpath:nacos-logback.xml
2026-09-05 20:06:18.677 [main] WARN  com.alibaba.nacos.client.logging.NacosLogging - Load Logback Configuration of Nacos fail, message: Could not initialize Logback Nacos logging from classpath:nacos-logback.xml
2026-09-05 20:06:18.939 [main] WARN  com.alibaba.nacos.client.logging.NacosLogging - Load Logback Configuration of Nacos fail, message: Could not initialize Logback Nacos logging from classpath:nacos-logback.xml
2026-09-05 20:06:18.943 [main] INFO  com.alibaba.nacos.client.utils.ParamUtil - [settings] [req-serv] nacos-server port:8848
2026-09-05 20:06:18.943 [main] INFO  com.alibaba.nacos.client.utils.ParamUtil - [settings] [http-client] connect timeout:1000
2026-09-05 20:06:18.945 [main] INFO  com.alibaba.nacos.client.utils.ParamUtil - PER_TASK_CONFIG_SIZE: 3000.0
2026-09-05 20:06:18.978 [main] INFO  c.a.n.p.auth.spi.client.ClientAuthPluginManager - [ClientAuthPluginManager] Load ClientAuthService com.alibaba.nacos.client.auth.impl.NacosClientAuthServiceImpl success.
2026-09-05 20:06:18.978 [main] INFO  c.a.n.p.auth.spi.client.ClientAuthPluginManager - [ClientAuthPluginManager] Load ClientAuthService com.alibaba.nacos.client.auth.ram.RamClientAuthServiceImpl success.
2026-09-05 20:06:18.982 [main] INFO  c.a.n.client.auth.ram.identify.CredentialWatcher - null No credential found
2026-09-05 20:06:19.653 [main] WARN  com.alibaba.nacos.client.logging.NacosLogging - Load Logback Configuration of Nacos fail, message: Could not initialize Logback Nacos logging from classpath:nacos-logback.xml
2026-09-05 20:06:19.668 [main] INFO  c.a.n.client.config.impl.LocalConfigInfoProcessor - LOCAL_SNAPSHOT_PATH:C:\Users\Administrator\nacos\config
2026-09-05 20:06:19.672 [main] INFO  com.alibaba.nacos.common.remote.client - [RpcClientFactory] create a new rpc client of 2aef031d-b0b4-4abd-9964-55f69e73d932_config-0
2026-09-05 20:06:19.694 [main] INFO  com.alibaba.nacos.common.remote.client - [2aef031d-b0b4-4abd-9964-55f69e73d932_config-0] Register server push request handler:com.alibaba.nacos.client.config.impl.ClientWorker$ConfigRpcTransportClient$$Lambda$584/0x0000024781392150
2026-09-05 20:06:19.694 [main] INFO  com.alibaba.nacos.common.remote.client - [2aef031d-b0b4-4abd-9964-55f69e73d932_config-0] Register server push request handler:com.alibaba.nacos.client.config.impl.ClientWorker$ConfigRpcTransportClient$$Lambda$585/0x0000024781392570
2026-09-05 20:06:19.695 [main] INFO  com.alibaba.nacos.common.remote.client - [2aef031d-b0b4-4abd-9964-55f69e73d932_config-0] Registry connection listener to current client:com.alibaba.nacos.client.config.impl.ClientWorker$ConfigRpcTransportClient$1
2026-09-05 20:06:19.696 [main] INFO  com.alibaba.nacos.common.remote.client - [2aef031d-b0b4-4abd-9964-55f69e73d932_config-0] RpcClient init, ServerListFactory = com.alibaba.nacos.client.config.impl.ClientWorker$ConfigRpcTransportClient$2
2026-09-05 20:06:19.706 [main] INFO  com.alibaba.nacos.common.remote.client - [2aef031d-b0b4-4abd-9964-55f69e73d932_config-0] Try to connect to server on start up, server: {serverIp = '127.0.0.1', server main port = 8848}
2026-09-05 20:06:19.775 [main] INFO  c.a.nacos.common.remote.client.grpc.GrpcClient - grpc client connection server:127.0.0.1 ip,serverPort:9848,grpcTslConfig:{"sslProvider":"OPENSSL","enableTls":false,"mutualAuthEnable":false,"trustAll":false}
2026-09-05 20:06:21.159 [main] INFO  com.alibaba.nacos.common.remote.client - [2aef031d-b0b4-4abd-9964-55f69e73d932_config-0] Success to connect to server [127.0.0.1:8848] on start up, connectionId = 1788609980896_172.17.0.1_59728
2026-09-05 20:06:21.159 [com.alibaba.nacos.client.remote.worker] INFO  com.alibaba.nacos.common.remote.client - [2aef031d-b0b4-4abd-9964-55f69e73d932_config-0] Notify connected event to listeners.
2026-09-05 20:06:21.160 [com.alibaba.nacos.client.remote.worker] INFO  com.alibaba.nacos.client.config.impl.ClientWorker - [2aef031d-b0b4-4abd-9964-55f69e73d932_config-0] Connected,notify listen context...
2026-09-05 20:06:21.160 [main] INFO  com.alibaba.nacos.common.remote.client - [2aef031d-b0b4-4abd-9964-55f69e73d932_config-0] Register server push request handler:com.alibaba.nacos.common.remote.client.RpcClient$ConnectResetRequestHandler
2026-09-05 20:06:21.160 [main] INFO  com.alibaba.nacos.common.remote.client - [2aef031d-b0b4-4abd-9964-55f69e73d932_config-0] Register server push request handler:com.alibaba.nacos.common.remote.client.RpcClient$$Lambda$605/0x00000247814dac38
2026-09-05 20:06:21.206 [main] INFO  com.alibaba.nacos.client.config.impl.Limiter - limitTime:5.0
2026-09-05 20:06:21.282 [main] INFO  com.alibaba.nacos.client.config.utils.JvmUtil - isMultiInstance:false
2026-09-05 20:06:21.306 [main] WARN  c.a.cloud.nacos.client.NacosPropertySourceBuilder - Ignore the empty nacos configuration and get it based on dataId[xiaohongshu-auth.yaml] & group[DEFAULT_GROUP]
2026-09-05 20:06:21.333 [main] INFO  o.s.c.b.c.PropertySourceBootstrapConfiguration - Located property source: [BootstrapPropertySource {name='bootstrapProperties-xiaohongshu-auth-dev.yaml,DEFAULT_GROUP'}, BootstrapPropertySource {name='bootstrapProperties-xiaohongshu-auth.yaml,DEFAULT_GROUP'}, BootstrapPropertySource {name='bootstrapProperties-xiaohongshu-auth,DEFAULT_GROUP'}]
2026-09-05 20:06:21.365 [main] WARN  com.alibaba.nacos.client.logging.NacosLogging - Load Logback Configuration of Nacos fail, message: Could not initialize Logback Nacos logging from classpath:nacos-logback.xml
2026-09-05 20:06:21.367 [main] INFO  c.g.xiaohongshu.auth.XiaohongshuAuthApplication - The following 1 profile is active: "dev"
2026-09-05 20:06:22.134 [main] INFO  o.s.d.r.config.RepositoryConfigurationDelegate - Multiple Spring Data modules found, entering strict repository configuration mode
2026-09-05 20:06:22.137 [main] INFO  o.s.d.r.config.RepositoryConfigurationDelegate - Bootstrapping Spring Data Redis repositories in DEFAULT mode.
2026-09-05 20:06:22.168 [main] INFO  o.s.d.r.config.RepositoryConfigurationDelegate - Finished Spring Data repository scanning in 10 ms. Found 0 Redis repository interfaces.
2026-09-05 20:06:22.301 [main] INFO  o.springframework.cloud.context.scope.GenericScope - BeanFactory id=e975a4a9-1ce7-3108-84ca-3ebf7bd491e7
2026-09-05 20:06:22.975 [main] INFO  o.s.boot.web.embedded.tomcat.TomcatWebServer - Tomcat initialized with port(s): 8080 (http)
2026-09-05 20:06:22.992 [main] INFO  org.apache.catalina.core.StandardService - Starting service [Tomcat]
2026-09-05 20:06:22.992 [main] INFO  org.apache.catalina.core.StandardEngine - Starting Servlet engine: [Apache Tomcat/10.1.5]
2026-09-05 20:06:23.086 [main] INFO  o.a.c.core.ContainerBase.[Tomcat].[localhost].[/] - Initializing Spring embedded WebApplicationContext
2026-09-05 20:06:23.087 [main] INFO  o.s.b.w.s.c.ServletWebServerApplicationContext - Root WebApplicationContext: initialization completed in 1693 ms
2026-09-05 20:06:23.217 [main] INFO  c.a.d.s.b.a.DruidDataSourceAutoConfigure - Init DruidDataSource
2026-09-05 20:06:23.627 [main] INFO  com.alibaba.druid.pool.DruidDataSource - {dataSource-1} inited
2026-09-05 20:06:26.222 [main] INFO  o.s.boot.web.embedded.tomcat.TomcatWebServer - Tomcat started on port(s): 8080 (http) with context path ''
2026-09-05 20:06:26.225 [main] INFO  com.alibaba.nacos.client.naming - initializer namespace from ans.namespace attribute : null
2026-09-05 20:06:26.225 [main] INFO  com.alibaba.nacos.client.naming - initializer namespace from ALIBABA_ALIWARE_NAMESPACE attribute :null
2026-09-05 20:06:26.226 [main] INFO  com.alibaba.nacos.client.naming - initializer namespace from namespace attribute :null
2026-09-05 20:06:26.232 [main] INFO  c.a.n.p.auth.spi.client.ClientAuthPluginManager - [ClientAuthPluginManager] Load ClientAuthService com.alibaba.nacos.client.auth.impl.NacosClientAuthServiceImpl success.
2026-09-05 20:06:26.232 [main] INFO  c.a.n.p.auth.spi.client.ClientAuthPluginManager - [ClientAuthPluginManager] Load ClientAuthService com.alibaba.nacos.client.auth.ram.RamClientAuthServiceImpl success.
2026-09-05 20:06:26.235 [main] INFO  com.alibaba.nacos.common.remote.client - [RpcClientFactory] create a new rpc client of c8bd8792-7191-41fa-a276-49f55d3e93d9
2026-09-05 20:06:26.236 [main] INFO  com.alibaba.nacos.common.remote.client - [c8bd8792-7191-41fa-a276-49f55d3e93d9] RpcClient init, ServerListFactory = com.alibaba.nacos.client.naming.core.ServerListManager
2026-09-05 20:06:26.236 [main] INFO  com.alibaba.nacos.common.remote.client - [c8bd8792-7191-41fa-a276-49f55d3e93d9] Registry connection listener to current client:com.alibaba.nacos.client.naming.remote.gprc.redo.NamingGrpcRedoService
2026-09-05 20:06:26.237 [main] INFO  com.alibaba.nacos.common.remote.client - [c8bd8792-7191-41fa-a276-49f55d3e93d9] Register server push request handler:com.alibaba.nacos.client.naming.remote.gprc.NamingPushRequestHandler
2026-09-05 20:06:26.237 [main] INFO  com.alibaba.nacos.common.remote.client - [c8bd8792-7191-41fa-a276-49f55d3e93d9] Try to connect to server on start up, server: {serverIp = '127.0.0.1', server main port = 8848}
2026-09-05 20:06:26.237 [main] INFO  c.a.nacos.common.remote.client.grpc.GrpcClient - grpc client connection server:127.0.0.1 ip,serverPort:9848,grpcTslConfig:{"sslProvider":"OPENSSL","enableTls":false,"mutualAuthEnable":false,"trustAll":false}
2026-09-05 20:06:26.356 [main] INFO  com.alibaba.nacos.common.remote.client - [c8bd8792-7191-41fa-a276-49f55d3e93d9] Success to connect to server [127.0.0.1:8848] on start up, connectionId = 1788609986245_172.17.0.1_43338
2026-09-05 20:06:26.356 [main] INFO  com.alibaba.nacos.common.remote.client - [c8bd8792-7191-41fa-a276-49f55d3e93d9] Register server push request handler:com.alibaba.nacos.common.remote.client.RpcClient$ConnectResetRequestHandler
2026-09-05 20:06:26.356 [com.alibaba.nacos.client.remote.worker] INFO  com.alibaba.nacos.common.remote.client - [c8bd8792-7191-41fa-a276-49f55d3e93d9] Notify connected event to listeners.
2026-09-05 20:06:26.356 [main] INFO  com.alibaba.nacos.common.remote.client - [c8bd8792-7191-41fa-a276-49f55d3e93d9] Register server push request handler:com.alibaba.nacos.common.remote.client.RpcClient$$Lambda$605/0x00000247814dac38
2026-09-05 20:06:26.356 [com.alibaba.nacos.client.remote.worker] INFO  com.alibaba.nacos.client.naming - Grpc connection connect
2026-09-05 20:06:26.357 [main] INFO  com.alibaba.nacos.client.naming - [REGISTER-SERVICE] xiaohongshu registering service xiaohongshu-auth with instance Instance{instanceId='null', ip='192.168.0.103', port=8080, weight=1.0, healthy=true, enabled=true, ephemeral=true, clusterName='DEFAULT', serviceName='null', metadata={IPv6=null, preserved.register.source=SPRING_CLOUD}}
2026-09-05 20:06:26.561 [main] INFO  c.a.cloud.nacos.registry.NacosServiceRegistry - nacos registry, DEFAULT_GROUP xiaohongshu-auth 192.168.0.103:8080 register finished
2026-09-05 20:06:26.997 [main] INFO  c.g.xiaohongshu.auth.XiaohongshuAuthApplication - Started XiaohongshuAuthApplication in 10.548 seconds (process running for 11.466)
2026-09-05 20:06:26.998 [main] INFO  c.g.x.auth.runner.PushRolePermissions2RedisRunner - ==> 服务启动，开始同步角色权限数据到 Redis 中...
2026-09-05 20:06:27.834 [main] ERROR c.g.x.auth.runner.PushRolePermissions2RedisRunner - ==> 同步角色权限数据到 Redis 中失败: 
org.mybatis.spring.MyBatisSystemException: null
	at org.mybatis.spring.MyBatisExceptionTranslator.translateExceptionIfPossible(MyBatisExceptionTranslator.java:97)
	at org.mybatis.spring.SqlSessionTemplate$SqlSessionInterceptor.invoke(SqlSessionTemplate.java:439)
	at jdk.proxy2/jdk.proxy2.$Proxy92.selectList(Unknown Source)
	at org.mybatis.spring.SqlSessionTemplate.selectList(SqlSessionTemplate.java:224)
	at org.apache.ibatis.binding.MapperMethod.executeForMany(MapperMethod.java:147)
	at org.apache.ibatis.binding.MapperMethod.execute(MapperMethod.java:80)
	at org.apache.ibatis.binding.MapperProxy$PlainMethodInvoker.invoke(MapperProxy.java:145)
	at org.apache.ibatis.binding.MapperProxy.invoke(MapperProxy.java:86)
	at jdk.proxy2/jdk.proxy2.$Proxy103.selectByRoleIds(Unknown Source)
	at com.guoshisan.xiaohongshu.auth.runner.PushRolePermissions2RedisRunner.run(PushRolePermissions2RedisRunner.java:70)
	at org.springframework.boot.SpringApplication.callRunner(SpringApplication.java:758)
	at org.springframework.boot.SpringApplication.callRunners(SpringApplication.java:748)
	at org.springframework.boot.SpringApplication.run(SpringApplication.java:315)
	at org.springframework.boot.SpringApplication.run(SpringApplication.java:1302)
	at org.springframework.boot.SpringApplication.run(SpringApplication.java:1291)
	at com.guoshisan.xiaohongshu.auth.XiaohongshuAuthApplication.main(XiaohongshuAuthApplication.java:14)
Caused by: org.apache.ibatis.binding.BindingException: Parameter 'roleIds' not found. Available parameters are [arg0, collection, list]
	at org.apache.ibatis.binding.MapperMethod$ParamMap.get(MapperMethod.java:212)
	at org.apache.ibatis.scripting.xmltags.DynamicContext$ContextAccessor.getProperty(DynamicContext.java:120)
	at org.apache.ibatis.ognl.OgnlRuntime.getProperty(OgnlRuntime.java:3344)
	at org.apache.ibatis.ognl.ASTProperty.getValueBody(ASTProperty.java:121)
	at org.apache.ibatis.ognl.SimpleNode.evaluateGetValueBody(SimpleNode.java:212)
	at org.apache.ibatis.ognl.SimpleNode.getValue(SimpleNode.java:258)
	at org.apache.ibatis.ognl.Ognl.getValue(Ognl.java:586)
	at org.apache.ibatis.ognl.Ognl.getValue(Ognl.java:550)
	at org.apache.ibatis.scripting.xmltags.OgnlCache.getValue(OgnlCache.java:46)
	at org.apache.ibatis.scripting.xmltags.ExpressionEvaluator.evaluateIterable(ExpressionEvaluator.java:54)
	at org.apache.ibatis.scripting.xmltags.ForEachSqlNode.apply(ForEachSqlNode.java:68)
	at org.apache.ibatis.scripting.xmltags.MixedSqlNode.lambda$apply$0(MixedSqlNode.java:32)
	at java.base/java.util.ArrayList.forEach(ArrayList.java:1511)
	at org.apache.ibatis.scripting.xmltags.MixedSqlNode.apply(MixedSqlNode.java:32)
	at org.apache.ibatis.scripting.xmltags.DynamicSqlSource.getBoundSql(DynamicSqlSource.java:39)
	at org.apache.ibatis.mapping.MappedStatement.getBoundSql(MappedStatement.java:305)
	at org.apache.ibatis.executor.CachingExecutor.query(CachingExecutor.java:87)
	at org.apache.ibatis.session.defaults.DefaultSqlSession.selectList(DefaultSqlSession.java:151)
	at org.apache.ibatis.session.defaults.DefaultSqlSession.selectList(DefaultSqlSession.java:145)
	at org.apache.ibatis.session.defaults.DefaultSqlSession.selectList(DefaultSqlSession.java:140)
	at java.base/jdk.internal.reflect.NativeMethodAccessorImpl.invoke0(Native Method)
	at java.base/jdk.internal.reflect.NativeMethodAccessorImpl.invoke(NativeMethodAccessorImpl.java:77)
	at java.base/jdk.internal.reflect.DelegatingMethodAccessorImpl.invoke(DelegatingMethodAccessorImpl.java:43)
	at java.base/java.lang.reflect.Method.invoke(Method.java:568)
	at org.mybatis.spring.SqlSessionTemplate$SqlSessionInterceptor.invoke(SqlSessionTemplate.java:425)
	... 14 common frames omitted
2026-09-05 20:06:27.838 [main] INFO  com.alibaba.nacos.client.config.impl.CacheData - nacos.cache.data.init.snapshot = true 
2026-09-05 20:06:27.839 [main] INFO  com.alibaba.nacos.client.config.impl.ClientWorker - [fixed-xiaohongshu-127.0.0.1_8848] [subscribe] xiaohongshu-auth.yaml+DEFAULT_GROUP+xiaohongshu
2026-09-05 20:06:27.845 [main] INFO  com.alibaba.nacos.client.config.impl.CacheData - [fixed-xiaohongshu-127.0.0.1_8848] [add-listener] ok, tenant=xiaohongshu, dataId=xiaohongshu-auth.yaml, group=DEFAULT_GROUP, cnt=1
2026-09-05 20:06:27.845 [main] INFO  c.a.cloud.nacos.refresh.NacosContextRefresher - [Nacos Config] Listening config: dataId=xiaohongshu-auth.yaml, group=DEFAULT_GROUP
2026-09-05 20:06:27.846 [main] INFO  com.alibaba.nacos.client.config.impl.ClientWorker - [fixed-xiaohongshu-127.0.0.1_8848] [subscribe] xiaohongshu-auth-dev.yaml+DEFAULT_GROUP+xiaohongshu
2026-09-05 20:06:27.846 [main] INFO  com.alibaba.nacos.client.config.impl.CacheData - [fixed-xiaohongshu-127.0.0.1_8848] [add-listener] ok, tenant=xiaohongshu, dataId=xiaohongshu-auth-dev.yaml, group=DEFAULT_GROUP, cnt=1
2026-09-05 20:06:27.846 [main] INFO  c.a.cloud.nacos.refresh.NacosContextRefresher - [Nacos Config] Listening config: dataId=xiaohongshu-auth-dev.yaml, group=DEFAULT_GROUP
2026-09-05 20:06:27.847 [main] INFO  com.alibaba.nacos.client.config.impl.ClientWorker - [fixed-xiaohongshu-127.0.0.1_8848] [subscribe] xiaohongshu-auth+DEFAULT_GROUP+xiaohongshu
2026-09-05 20:06:27.847 [main] INFO  com.alibaba.nacos.client.config.impl.CacheData - [fixed-xiaohongshu-127.0.0.1_8848] [add-listener] ok, tenant=xiaohongshu, dataId=xiaohongshu-auth, group=DEFAULT_GROUP, cnt=1
2026-09-05 20:06:27.847 [main] INFO  c.a.cloud.nacos.refresh.NacosContextRefresher - [Nacos Config] Listening config: dataId=xiaohongshu-auth, group=DEFAULT_GROUP
2026-09-05 20:21:44.272 [Thread-9] WARN  com.alibaba.nacos.common.notify.NotifyCenter - [NotifyCenter] Start destroying Publisher
2026-09-05 20:21:44.273 [Thread-9] WARN  com.alibaba.nacos.common.notify.NotifyCenter - [NotifyCenter] Destruction of the end
2026-09-05 20:21:44.273 [Thread-2] WARN  c.alibaba.nacos.common.http.HttpClientBeanHolder - [HttpClientBeanHolder] Start destroying common HttpClient
2026-09-05 20:21:44.275 [Thread-2] WARN  c.alibaba.nacos.common.http.HttpClientBeanHolder - [HttpClientBeanHolder] Destruction of the end
2026-09-05 20:21:44.325 [SpringApplicationShutdownHook] INFO  c.a.cloud.nacos.registry.NacosServiceRegistry - De-registering from Nacos Server now...
2026-09-05 20:21:44.325 [SpringApplicationShutdownHook] INFO  com.alibaba.nacos.client.naming - [DEREGISTER-SERVICE] xiaohongshu deregistering service xiaohongshu-auth with instance: Instance{instanceId='null', ip='192.168.0.103', port=8080, weight=1.0, healthy=true, enabled=true, ephemeral=true, clusterName='DEFAULT', serviceName='null', metadata={}}
2026-09-05 20:21:44.333 [SpringApplicationShutdownHook] INFO  c.a.cloud.nacos.registry.NacosServiceRegistry - De-registration finished.
2026-09-05 20:21:44.334 [SpringApplicationShutdownHook] INFO  com.alibaba.nacos.client.naming - com.alibaba.nacos.client.naming.cache.ServiceInfoHolder do shutdown begin
2026-09-05 20:21:44.334 [SpringApplicationShutdownHook] INFO  com.alibaba.nacos.client.naming - com.alibaba.nacos.client.naming.backups.FailoverReactor do shutdown begin
2026-09-05 20:21:44.334 [SpringApplicationShutdownHook] INFO  com.alibaba.nacos.client.naming - com.alibaba.nacos.client.naming.backups.FailoverReactor do shutdown stop
2026-09-05 20:21:44.334 [SpringApplicationShutdownHook] INFO  com.alibaba.nacos.client.naming - com.alibaba.nacos.client.naming.cache.ServiceInfoHolder do shutdown stop
2026-09-05 20:21:44.334 [SpringApplicationShutdownHook] INFO  com.alibaba.nacos.client.naming - com.alibaba.nacos.client.naming.remote.NamingClientProxyDelegate do shutdown begin
2026-09-05 20:21:44.334 [SpringApplicationShutdownHook] INFO  com.alibaba.nacos.client.naming - com.alibaba.nacos.client.naming.core.ServiceInfoUpdateService do shutdown begin
2026-09-05 20:21:44.334 [SpringApplicationShutdownHook] INFO  com.alibaba.nacos.client.naming - com.alibaba.nacos.client.naming.core.ServiceInfoUpdateService do shutdown stop
2026-09-05 20:21:44.334 [SpringApplicationShutdownHook] INFO  com.alibaba.nacos.client.naming - com.alibaba.nacos.client.naming.core.ServerListManager do shutdown begin
2026-09-05 20:21:44.334 [SpringApplicationShutdownHook] WARN  com.alibaba.nacos.client.naming - [NamingHttpClientManager] Start destroying NacosRestTemplate
2026-09-05 20:21:44.334 [SpringApplicationShutdownHook] WARN  com.alibaba.nacos.client.naming - [NamingHttpClientManager] Destruction of the end
2026-09-05 20:21:44.334 [SpringApplicationShutdownHook] INFO  com.alibaba.nacos.client.naming - com.alibaba.nacos.client.naming.core.ServerListManager do shutdown stop
2026-09-05 20:21:44.334 [SpringApplicationShutdownHook] INFO  com.alibaba.nacos.client.naming - com.alibaba.nacos.client.naming.remote.http.NamingHttpClientProxy do shutdown begin
2026-09-05 20:21:44.334 [SpringApplicationShutdownHook] WARN  com.alibaba.nacos.client.naming - [NamingHttpClientManager] Start destroying NacosRestTemplate
2026-09-05 20:21:44.334 [SpringApplicationShutdownHook] WARN  com.alibaba.nacos.client.naming - [NamingHttpClientManager] Destruction of the end
2026-09-05 20:21:44.334 [SpringApplicationShutdownHook] INFO  com.alibaba.nacos.client.naming - com.alibaba.nacos.client.naming.remote.http.NamingHttpClientProxy do shutdown stop
2026-09-05 20:21:44.334 [SpringApplicationShutdownHook] INFO  com.alibaba.nacos.common.remote.client - Shutdown rpc client, set status to shutdown
2026-09-05 20:21:44.335 [SpringApplicationShutdownHook] INFO  com.alibaba.nacos.common.remote.client - Shutdown client event executor java.util.concurrent.ScheduledThreadPoolExecutor@25f9e234[Running, pool size = 2, active threads = 2, queued tasks = 0, completed tasks = 0]
2026-09-05 20:21:44.335 [SpringApplicationShutdownHook] INFO  com.alibaba.nacos.common.remote.client - Close current connection 1788609986245_172.17.0.1_43338
2026-09-05 20:21:44.339 [nacos-grpc-client-executor-127.0.0.1-217] INFO  c.a.nacos.common.remote.client.grpc.GrpcClient - [1788609986245_172.17.0.1_43338]Ignore complete event,isRunning:false,isAbandon=false
2026-09-05 20:21:44.340 [SpringApplicationShutdownHook] INFO  c.a.nacos.common.remote.client.grpc.GrpcClient - Shutdown grpc executor java.util.concurrent.ThreadPoolExecutor@33c71e81[Running, pool size = 4, active threads = 0, queued tasks = 0, completed tasks = 218]
2026-09-05 20:21:44.340 [SpringApplicationShutdownHook] INFO  com.alibaba.nacos.client.naming - Shutdown grpc redo service executor java.util.concurrent.ScheduledThreadPoolExecutor@6a1fe5cd[Running, pool size = 1, active threads = 0, queued tasks = 1, completed tasks = 305]
2026-09-05 20:21:44.341 [SpringApplicationShutdownHook] INFO  c.a.n.client.auth.ram.identify.CredentialWatcher - [null] CredentialWatcher is stopped
2026-09-05 20:21:44.341 [SpringApplicationShutdownHook] INFO  c.a.n.client.auth.ram.identify.CredentialService - [null] CredentialService is freed
2026-09-05 20:21:44.341 [SpringApplicationShutdownHook] INFO  com.alibaba.nacos.client.naming - com.alibaba.nacos.client.naming.remote.NamingClientProxyDelegate do shutdown stop
2026-09-05 20:21:44.460 [SpringApplicationShutdownHook] INFO  com.alibaba.druid.pool.DruidDataSource - {dataSource-1} closing ...
2026-09-05 20:21:44.463 [SpringApplicationShutdownHook] INFO  com.alibaba.druid.pool.DruidDataSource - {dataSource-1} closed
2026-09-05 20:21:49.672 [main] WARN  com.alibaba.nacos.client.logging.NacosLogging - Load Logback Configuration of Nacos fail, message: Could not initialize Logback Nacos logging from classpath:nacos-logback.xml
2026-09-05 20:21:49.728 [main] WARN  com.alibaba.nacos.client.logging.NacosLogging - Load Logback Configuration of Nacos fail, message: Could not initialize Logback Nacos logging from classpath:nacos-logback.xml
2026-09-05 20:21:50.037 [main] WARN  com.alibaba.nacos.client.logging.NacosLogging - Load Logback Configuration of Nacos fail, message: Could not initialize Logback Nacos logging from classpath:nacos-logback.xml
2026-09-05 20:21:50.038 [main] INFO  com.alibaba.nacos.client.utils.ParamUtil - [settings] [req-serv] nacos-server port:8848
2026-09-05 20:21:50.038 [main] INFO  com.alibaba.nacos.client.utils.ParamUtil - [settings] [http-client] connect timeout:1000
2026-09-05 20:21:50.039 [main] INFO  com.alibaba.nacos.client.utils.ParamUtil - PER_TASK_CONFIG_SIZE: 3000.0
2026-09-05 20:21:50.062 [main] INFO  c.a.n.p.auth.spi.client.ClientAuthPluginManager - [ClientAuthPluginManager] Load ClientAuthService com.alibaba.nacos.client.auth.impl.NacosClientAuthServiceImpl success.
2026-09-05 20:21:50.062 [main] INFO  c.a.n.p.auth.spi.client.ClientAuthPluginManager - [ClientAuthPluginManager] Load ClientAuthService com.alibaba.nacos.client.auth.ram.RamClientAuthServiceImpl success.
2026-09-05 20:21:50.065 [main] INFO  c.a.n.client.auth.ram.identify.CredentialWatcher - null No credential found
2026-09-05 20:21:50.665 [main] WARN  com.alibaba.nacos.client.logging.NacosLogging - Load Logback Configuration of Nacos fail, message: Could not initialize Logback Nacos logging from classpath:nacos-logback.xml
2026-09-05 20:21:50.676 [main] INFO  c.a.n.client.config.impl.LocalConfigInfoProcessor - LOCAL_SNAPSHOT_PATH:C:\Users\Administrator\nacos\config
2026-09-05 20:21:50.679 [main] INFO  com.alibaba.nacos.common.remote.client - [RpcClientFactory] create a new rpc client of 52afad85-8af1-4799-8707-87094d0ffa10_config-0
2026-09-05 20:21:50.695 [main] INFO  com.alibaba.nacos.common.remote.client - [52afad85-8af1-4799-8707-87094d0ffa10_config-0] Register server push request handler:com.alibaba.nacos.client.config.impl.ClientWorker$ConfigRpcTransportClient$$Lambda$585/0x000002aecc391258
2026-09-05 20:21:50.695 [main] INFO  com.alibaba.nacos.common.remote.client - [52afad85-8af1-4799-8707-87094d0ffa10_config-0] Register server push request handler:com.alibaba.nacos.client.config.impl.ClientWorker$ConfigRpcTransportClient$$Lambda$586/0x000002aecc391678
2026-09-05 20:21:50.696 [main] INFO  com.alibaba.nacos.common.remote.client - [52afad85-8af1-4799-8707-87094d0ffa10_config-0] Registry connection listener to current client:com.alibaba.nacos.client.config.impl.ClientWorker$ConfigRpcTransportClient$1
2026-09-05 20:21:50.696 [main] INFO  com.alibaba.nacos.common.remote.client - [52afad85-8af1-4799-8707-87094d0ffa10_config-0] RpcClient init, ServerListFactory = com.alibaba.nacos.client.config.impl.ClientWorker$ConfigRpcTransportClient$2
2026-09-05 20:21:50.702 [main] INFO  com.alibaba.nacos.common.remote.client - [52afad85-8af1-4799-8707-87094d0ffa10_config-0] Try to connect to server on start up, server: {serverIp = '127.0.0.1', server main port = 8848}
2026-09-05 20:21:50.746 [main] INFO  c.a.nacos.common.remote.client.grpc.GrpcClient - grpc client connection server:127.0.0.1 ip,serverPort:9848,grpcTslConfig:{"sslProvider":"OPENSSL","enableTls":false,"mutualAuthEnable":false,"trustAll":false}
2026-09-05 20:21:51.914 [main] INFO  com.alibaba.nacos.common.remote.client - [52afad85-8af1-4799-8707-87094d0ffa10_config-0] Success to connect to server [127.0.0.1:8848] on start up, connectionId = 1788610911719_172.17.0.1_34478
2026-09-05 20:21:51.915 [com.alibaba.nacos.client.remote.worker] INFO  com.alibaba.nacos.common.remote.client - [52afad85-8af1-4799-8707-87094d0ffa10_config-0] Notify connected event to listeners.
2026-09-05 20:21:51.915 [com.alibaba.nacos.client.remote.worker] INFO  com.alibaba.nacos.client.config.impl.ClientWorker - [52afad85-8af1-4799-8707-87094d0ffa10_config-0] Connected,notify listen context...
2026-09-05 20:21:51.915 [main] INFO  com.alibaba.nacos.common.remote.client - [52afad85-8af1-4799-8707-87094d0ffa10_config-0] Register server push request handler:com.alibaba.nacos.common.remote.client.RpcClient$ConnectResetRequestHandler
2026-09-05 20:21:51.915 [main] INFO  com.alibaba.nacos.common.remote.client - [52afad85-8af1-4799-8707-87094d0ffa10_config-0] Register server push request handler:com.alibaba.nacos.common.remote.client.RpcClient$$Lambda$606/0x000002aecc4d9ed8
2026-09-05 20:21:51.958 [main] INFO  com.alibaba.nacos.client.config.impl.Limiter - limitTime:5.0
2026-09-05 20:21:51.984 [main] INFO  com.alibaba.nacos.client.config.utils.JvmUtil - isMultiInstance:false
2026-09-05 20:21:51.996 [main] WARN  c.a.cloud.nacos.client.NacosPropertySourceBuilder - Ignore the empty nacos configuration and get it based on dataId[xiaohongshu-auth.yaml] & group[DEFAULT_GROUP]
2026-09-05 20:21:52.012 [main] INFO  o.s.c.b.c.PropertySourceBootstrapConfiguration - Located property source: [BootstrapPropertySource {name='bootstrapProperties-xiaohongshu-auth-dev.yaml,DEFAULT_GROUP'}, BootstrapPropertySource {name='bootstrapProperties-xiaohongshu-auth.yaml,DEFAULT_GROUP'}, BootstrapPropertySource {name='bootstrapProperties-xiaohongshu-auth,DEFAULT_GROUP'}]
2026-09-05 20:21:52.033 [main] WARN  com.alibaba.nacos.client.logging.NacosLogging - Load Logback Configuration of Nacos fail, message: Could not initialize Logback Nacos logging from classpath:nacos-logback.xml
2026-09-05 20:21:52.034 [main] INFO  c.g.xiaohongshu.auth.XiaohongshuAuthApplication - The following 1 profile is active: "dev"
2026-09-05 20:21:52.680 [main] INFO  o.s.d.r.config.RepositoryConfigurationDelegate - Multiple Spring Data modules found, entering strict repository configuration mode
2026-09-05 20:21:52.684 [main] INFO  o.s.d.r.config.RepositoryConfigurationDelegate - Bootstrapping Spring Data Redis repositories in DEFAULT mode.
2026-09-05 20:21:52.708 [main] INFO  o.s.d.r.config.RepositoryConfigurationDelegate - Finished Spring Data repository scanning in 11 ms. Found 0 Redis repository interfaces.
2026-09-05 20:21:52.830 [main] INFO  o.springframework.cloud.context.scope.GenericScope - BeanFactory id=e975a4a9-1ce7-3108-84ca-3ebf7bd491e7
2026-09-05 20:21:53.365 [main] INFO  o.s.boot.web.embedded.tomcat.TomcatWebServer - Tomcat initialized with port(s): 8080 (http)
2026-09-05 20:21:53.375 [main] INFO  org.apache.catalina.core.StandardService - Starting service [Tomcat]
2026-09-05 20:21:53.375 [main] INFO  org.apache.catalina.core.StandardEngine - Starting Servlet engine: [Apache Tomcat/10.1.5]
2026-09-05 20:21:53.460 [main] INFO  o.a.c.core.ContainerBase.[Tomcat].[localhost].[/] - Initializing Spring embedded WebApplicationContext
2026-09-05 20:21:53.461 [main] INFO  o.s.b.w.s.c.ServletWebServerApplicationContext - Root WebApplicationContext: initialization completed in 1411 ms
2026-09-05 20:21:53.567 [main] INFO  c.a.d.s.b.a.DruidDataSourceAutoConfigure - Init DruidDataSource
2026-09-05 20:21:53.928 [main] INFO  com.alibaba.druid.pool.DruidDataSource - {dataSource-1} inited
2026-09-05 20:21:56.068 [main] INFO  o.s.boot.web.embedded.tomcat.TomcatWebServer - Tomcat started on port(s): 8080 (http) with context path ''
2026-09-05 20:21:56.071 [main] INFO  com.alibaba.nacos.client.naming - initializer namespace from ans.namespace attribute : null
2026-09-05 20:21:56.071 [main] INFO  com.alibaba.nacos.client.naming - initializer namespace from ALIBABA_ALIWARE_NAMESPACE attribute :null
2026-09-05 20:21:56.072 [main] INFO  com.alibaba.nacos.client.naming - initializer namespace from namespace attribute :null
2026-09-05 20:21:56.078 [main] INFO  c.a.n.p.auth.spi.client.ClientAuthPluginManager - [ClientAuthPluginManager] Load ClientAuthService com.alibaba.nacos.client.auth.impl.NacosClientAuthServiceImpl success.
2026-09-05 20:21:56.078 [main] INFO  c.a.n.p.auth.spi.client.ClientAuthPluginManager - [ClientAuthPluginManager] Load ClientAuthService com.alibaba.nacos.client.auth.ram.RamClientAuthServiceImpl success.
2026-09-05 20:21:56.080 [main] INFO  com.alibaba.nacos.common.remote.client - [RpcClientFactory] create a new rpc client of 7f271efe-1774-4216-8e72-a0ca2fd070b6
2026-09-05 20:21:56.082 [main] INFO  com.alibaba.nacos.common.remote.client - [7f271efe-1774-4216-8e72-a0ca2fd070b6] RpcClient init, ServerListFactory = com.alibaba.nacos.client.naming.core.ServerListManager
2026-09-05 20:21:56.082 [main] INFO  com.alibaba.nacos.common.remote.client - [7f271efe-1774-4216-8e72-a0ca2fd070b6] Registry connection listener to current client:com.alibaba.nacos.client.naming.remote.gprc.redo.NamingGrpcRedoService
2026-09-05 20:21:56.082 [main] INFO  com.alibaba.nacos.common.remote.client - [7f271efe-1774-4216-8e72-a0ca2fd070b6] Register server push request handler:com.alibaba.nacos.client.naming.remote.gprc.NamingPushRequestHandler
2026-09-05 20:21:56.082 [main] INFO  com.alibaba.nacos.common.remote.client - [7f271efe-1774-4216-8e72-a0ca2fd070b6] Try to connect to server on start up, server: {serverIp = '127.0.0.1', server main port = 8848}
2026-09-05 20:21:56.082 [main] INFO  c.a.nacos.common.remote.client.grpc.GrpcClient - grpc client connection server:127.0.0.1 ip,serverPort:9848,grpcTslConfig:{"sslProvider":"OPENSSL","enableTls":false,"mutualAuthEnable":false,"trustAll":false}
2026-09-05 20:21:56.206 [main] INFO  com.alibaba.nacos.common.remote.client - [7f271efe-1774-4216-8e72-a0ca2fd070b6] Success to connect to server [127.0.0.1:8848] on start up, connectionId = 1788610916092_172.17.0.1_33496
2026-09-05 20:21:56.206 [com.alibaba.nacos.client.remote.worker] INFO  com.alibaba.nacos.common.remote.client - [7f271efe-1774-4216-8e72-a0ca2fd070b6] Notify connected event to listeners.
2026-09-05 20:21:56.206 [com.alibaba.nacos.client.remote.worker] INFO  com.alibaba.nacos.client.naming - Grpc connection connect
2026-09-05 20:21:56.206 [main] INFO  com.alibaba.nacos.common.remote.client - [7f271efe-1774-4216-8e72-a0ca2fd070b6] Register server push request handler:com.alibaba.nacos.common.remote.client.RpcClient$ConnectResetRequestHandler
2026-09-05 20:21:56.206 [main] INFO  com.alibaba.nacos.common.remote.client - [7f271efe-1774-4216-8e72-a0ca2fd070b6] Register server push request handler:com.alibaba.nacos.common.remote.client.RpcClient$$Lambda$606/0x000002aecc4d9ed8
2026-09-05 20:21:56.207 [main] INFO  com.alibaba.nacos.client.naming - [REGISTER-SERVICE] xiaohongshu registering service xiaohongshu-auth with instance Instance{instanceId='null', ip='192.168.0.103', port=8080, weight=1.0, healthy=true, enabled=true, ephemeral=true, clusterName='DEFAULT', serviceName='null', metadata={IPv6=null, preserved.register.source=SPRING_CLOUD}}
2026-09-05 20:21:56.217 [main] INFO  c.a.cloud.nacos.registry.NacosServiceRegistry - nacos registry, DEFAULT_GROUP xiaohongshu-auth 192.168.0.103:8080 register finished
2026-09-05 20:21:56.640 [main] INFO  c.g.xiaohongshu.auth.XiaohongshuAuthApplication - Started XiaohongshuAuthApplication in 8.005 seconds (process running for 8.769)
2026-09-05 20:21:56.641 [main] INFO  c.g.x.auth.runner.PushRolePermissions2RedisRunner - ==> 服务启动，开始同步角色权限数据到 Redis 中...
2026-09-05 20:21:57.100 [main] WARN  c.g.x.auth.runner.PushRolePermissions2RedisRunner - ==> 角色权限数据已经同步至 Redis 中，不再同步...
2026-09-05 20:21:57.103 [main] INFO  com.alibaba.nacos.client.config.impl.CacheData - nacos.cache.data.init.snapshot = true 
2026-09-05 20:21:57.103 [main] INFO  com.alibaba.nacos.client.config.impl.ClientWorker - [fixed-xiaohongshu-127.0.0.1_8848] [subscribe] xiaohongshu-auth.yaml+DEFAULT_GROUP+xiaohongshu
2026-09-05 20:21:57.110 [main] INFO  com.alibaba.nacos.client.config.impl.CacheData - [fixed-xiaohongshu-127.0.0.1_8848] [add-listener] ok, tenant=xiaohongshu, dataId=xiaohongshu-auth.yaml, group=DEFAULT_GROUP, cnt=1
2026-09-05 20:21:57.110 [main] INFO  c.a.cloud.nacos.refresh.NacosContextRefresher - [Nacos Config] Listening config: dataId=xiaohongshu-auth.yaml, group=DEFAULT_GROUP
2026-09-05 20:21:57.111 [main] INFO  com.alibaba.nacos.client.config.impl.ClientWorker - [fixed-xiaohongshu-127.0.0.1_8848] [subscribe] xiaohongshu-auth-dev.yaml+DEFAULT_GROUP+xiaohongshu
2026-09-05 20:21:57.111 [main] INFO  com.alibaba.nacos.client.config.impl.CacheData - [fixed-xiaohongshu-127.0.0.1_8848] [add-listener] ok, tenant=xiaohongshu, dataId=xiaohongshu-auth-dev.yaml, group=DEFAULT_GROUP, cnt=1
2026-09-05 20:21:57.111 [main] INFO  c.a.cloud.nacos.refresh.NacosContextRefresher - [Nacos Config] Listening config: dataId=xiaohongshu-auth-dev.yaml, group=DEFAULT_GROUP
2026-09-05 20:21:57.112 [main] INFO  com.alibaba.nacos.client.config.impl.ClientWorker - [fixed-xiaohongshu-127.0.0.1_8848] [subscribe] xiaohongshu-auth+DEFAULT_GROUP+xiaohongshu
2026-09-05 20:21:57.112 [main] INFO  com.alibaba.nacos.client.config.impl.CacheData - [fixed-xiaohongshu-127.0.0.1_8848] [add-listener] ok, tenant=xiaohongshu, dataId=xiaohongshu-auth, group=DEFAULT_GROUP, cnt=1
2026-09-05 20:21:57.112 [main] INFO  c.a.cloud.nacos.refresh.NacosContextRefresher - [Nacos Config] Listening config: dataId=xiaohongshu-auth, group=DEFAULT_GROUP
2026-09-05 20:24:43.294 [Thread-9] WARN  com.alibaba.nacos.common.notify.NotifyCenter - [NotifyCenter] Start destroying Publisher
2026-09-05 20:24:43.294 [Thread-9] WARN  com.alibaba.nacos.common.notify.NotifyCenter - [NotifyCenter] Destruction of the end
2026-09-05 20:24:43.295 [Thread-2] WARN  c.alibaba.nacos.common.http.HttpClientBeanHolder - [HttpClientBeanHolder] Start destroying common HttpClient
2026-09-05 20:24:43.296 [Thread-2] WARN  c.alibaba.nacos.common.http.HttpClientBeanHolder - [HttpClientBeanHolder] Destruction of the end
2026-09-05 20:24:43.348 [SpringApplicationShutdownHook] INFO  c.a.cloud.nacos.registry.NacosServiceRegistry - De-registering from Nacos Server now...
2026-09-05 20:24:43.348 [SpringApplicationShutdownHook] INFO  com.alibaba.nacos.client.naming - [DEREGISTER-SERVICE] xiaohongshu deregistering service xiaohongshu-auth with instance: Instance{instanceId='null', ip='192.168.0.103', port=8080, weight=1.0, healthy=true, enabled=true, ephemeral=true, clusterName='DEFAULT', serviceName='null', metadata={}}
2026-09-05 20:24:43.359 [SpringApplicationShutdownHook] INFO  c.a.cloud.nacos.registry.NacosServiceRegistry - De-registration finished.
2026-09-05 20:24:43.360 [SpringApplicationShutdownHook] INFO  com.alibaba.nacos.client.naming - com.alibaba.nacos.client.naming.cache.ServiceInfoHolder do shutdown begin
2026-09-05 20:24:43.360 [SpringApplicationShutdownHook] INFO  com.alibaba.nacos.client.naming - com.alibaba.nacos.client.naming.backups.FailoverReactor do shutdown begin
2026-09-05 20:24:43.361 [SpringApplicationShutdownHook] INFO  com.alibaba.nacos.client.naming - com.alibaba.nacos.client.naming.backups.FailoverReactor do shutdown stop
2026-09-05 20:24:43.361 [SpringApplicationShutdownHook] INFO  com.alibaba.nacos.client.naming - com.alibaba.nacos.client.naming.cache.ServiceInfoHolder do shutdown stop
2026-09-05 20:24:43.361 [SpringApplicationShutdownHook] INFO  com.alibaba.nacos.client.naming - com.alibaba.nacos.client.naming.remote.NamingClientProxyDelegate do shutdown begin
2026-09-05 20:24:43.361 [SpringApplicationShutdownHook] INFO  com.alibaba.nacos.client.naming - com.alibaba.nacos.client.naming.core.ServiceInfoUpdateService do shutdown begin
2026-09-05 20:24:43.361 [SpringApplicationShutdownHook] INFO  com.alibaba.nacos.client.naming - com.alibaba.nacos.client.naming.core.ServiceInfoUpdateService do shutdown stop
2026-09-05 20:24:43.361 [SpringApplicationShutdownHook] INFO  com.alibaba.nacos.client.naming - com.alibaba.nacos.client.naming.core.ServerListManager do shutdown begin
2026-09-05 20:24:43.361 [SpringApplicationShutdownHook] WARN  com.alibaba.nacos.client.naming - [NamingHttpClientManager] Start destroying NacosRestTemplate
2026-09-05 20:24:43.361 [SpringApplicationShutdownHook] WARN  com.alibaba.nacos.client.naming - [NamingHttpClientManager] Destruction of the end
2026-09-05 20:24:43.361 [SpringApplicationShutdownHook] INFO  com.alibaba.nacos.client.naming - com.alibaba.nacos.client.naming.core.ServerListManager do shutdown stop
2026-09-05 20:24:43.361 [SpringApplicationShutdownHook] INFO  com.alibaba.nacos.client.naming - com.alibaba.nacos.client.naming.remote.http.NamingHttpClientProxy do shutdown begin
2026-09-05 20:24:43.361 [SpringApplicationShutdownHook] WARN  com.alibaba.nacos.client.naming - [NamingHttpClientManager] Start destroying NacosRestTemplate
2026-09-05 20:24:43.361 [SpringApplicationShutdownHook] WARN  com.alibaba.nacos.client.naming - [NamingHttpClientManager] Destruction of the end
2026-09-05 20:24:43.361 [SpringApplicationShutdownHook] INFO  com.alibaba.nacos.client.naming - com.alibaba.nacos.client.naming.remote.http.NamingHttpClientProxy do shutdown stop
2026-09-05 20:24:43.361 [SpringApplicationShutdownHook] INFO  com.alibaba.nacos.common.remote.client - Shutdown rpc client, set status to shutdown
2026-09-05 20:24:43.362 [SpringApplicationShutdownHook] INFO  com.alibaba.nacos.common.remote.client - Shutdown client event executor java.util.concurrent.ScheduledThreadPoolExecutor@68c0fe6e[Running, pool size = 2, active threads = 2, queued tasks = 0, completed tasks = 0]
2026-09-05 20:24:43.362 [SpringApplicationShutdownHook] INFO  com.alibaba.nacos.common.remote.client - Close current connection 1788610916092_172.17.0.1_33496
2026-09-05 20:24:43.366 [nacos-grpc-client-executor-127.0.0.1-49] INFO  c.a.nacos.common.remote.client.grpc.GrpcClient - [1788610916092_172.17.0.1_33496]Ignore complete event,isRunning:false,isAbandon=false
2026-09-05 20:24:43.367 [SpringApplicationShutdownHook] INFO  c.a.nacos.common.remote.client.grpc.GrpcClient - Shutdown grpc executor java.util.concurrent.ThreadPoolExecutor@61487639[Running, pool size = 4, active threads = 0, queued tasks = 0, completed tasks = 50]
2026-09-05 20:24:43.368 [SpringApplicationShutdownHook] INFO  com.alibaba.nacos.client.naming - Shutdown grpc redo service executor java.util.concurrent.ScheduledThreadPoolExecutor@481cbe3e[Running, pool size = 1, active threads = 0, queued tasks = 1, completed tasks = 55]
2026-09-05 20:24:43.368 [SpringApplicationShutdownHook] INFO  c.a.n.client.auth.ram.identify.CredentialWatcher - [null] CredentialWatcher is stopped
2026-09-05 20:24:43.368 [SpringApplicationShutdownHook] INFO  c.a.n.client.auth.ram.identify.CredentialService - [null] CredentialService is freed
2026-09-05 20:24:43.369 [SpringApplicationShutdownHook] INFO  com.alibaba.nacos.client.naming - com.alibaba.nacos.client.naming.remote.NamingClientProxyDelegate do shutdown stop
2026-09-05 20:24:43.501 [SpringApplicationShutdownHook] INFO  com.alibaba.druid.pool.DruidDataSource - {dataSource-1} closing ...
2026-09-05 20:24:43.510 [SpringApplicationShutdownHook] INFO  com.alibaba.druid.pool.DruidDataSource - {dataSource-1} closed
2026-09-05 20:24:48.815 [main] WARN  com.alibaba.nacos.client.logging.NacosLogging - Load Logback Configuration of Nacos fail, message: Could not initialize Logback Nacos logging from classpath:nacos-logback.xml
2026-09-05 20:24:48.868 [main] WARN  com.alibaba.nacos.client.logging.NacosLogging - Load Logback Configuration of Nacos fail, message: Could not initialize Logback Nacos logging from classpath:nacos-logback.xml
2026-09-05 20:24:49.086 [main] WARN  com.alibaba.nacos.client.logging.NacosLogging - Load Logback Configuration of Nacos fail, message: Could not initialize Logback Nacos logging from classpath:nacos-logback.xml
2026-09-05 20:24:49.088 [main] INFO  com.alibaba.nacos.client.utils.ParamUtil - [settings] [req-serv] nacos-server port:8848
2026-09-05 20:24:49.088 [main] INFO  com.alibaba.nacos.client.utils.ParamUtil - [settings] [http-client] connect timeout:1000
2026-09-05 20:24:49.089 [main] INFO  com.alibaba.nacos.client.utils.ParamUtil - PER_TASK_CONFIG_SIZE: 3000.0
2026-09-05 20:24:49.111 [main] INFO  c.a.n.p.auth.spi.client.ClientAuthPluginManager - [ClientAuthPluginManager] Load ClientAuthService com.alibaba.nacos.client.auth.impl.NacosClientAuthServiceImpl success.
2026-09-05 20:24:49.112 [main] INFO  c.a.n.p.auth.spi.client.ClientAuthPluginManager - [ClientAuthPluginManager] Load ClientAuthService com.alibaba.nacos.client.auth.ram.RamClientAuthServiceImpl success.
2026-09-05 20:24:49.114 [main] INFO  c.a.n.client.auth.ram.identify.CredentialWatcher - null No credential found
2026-09-05 20:24:49.698 [main] WARN  com.alibaba.nacos.client.logging.NacosLogging - Load Logback Configuration of Nacos fail, message: Could not initialize Logback Nacos logging from classpath:nacos-logback.xml
2026-09-05 20:24:49.710 [main] INFO  c.a.n.client.config.impl.LocalConfigInfoProcessor - LOCAL_SNAPSHOT_PATH:C:\Users\Administrator\nacos\config
2026-09-05 20:24:49.714 [main] INFO  com.alibaba.nacos.common.remote.client - [RpcClientFactory] create a new rpc client of 1f9b510c-c985-439c-a9de-b88045c1c84d_config-0
2026-09-05 20:24:49.726 [main] INFO  com.alibaba.nacos.common.remote.client - [1f9b510c-c985-439c-a9de-b88045c1c84d_config-0] Register server push request handler:com.alibaba.nacos.client.config.impl.ClientWorker$ConfigRpcTransportClient$$Lambda$585/0x0000026a46391060
2026-09-05 20:24:49.727 [main] INFO  com.alibaba.nacos.common.remote.client - [1f9b510c-c985-439c-a9de-b88045c1c84d_config-0] Register server push request handler:com.alibaba.nacos.client.config.impl.ClientWorker$ConfigRpcTransportClient$$Lambda$586/0x0000026a46391480
2026-09-05 20:24:49.727 [main] INFO  com.alibaba.nacos.common.remote.client - [1f9b510c-c985-439c-a9de-b88045c1c84d_config-0] Registry connection listener to current client:com.alibaba.nacos.client.config.impl.ClientWorker$ConfigRpcTransportClient$1
2026-09-05 20:24:49.727 [main] INFO  com.alibaba.nacos.common.remote.client - [1f9b510c-c985-439c-a9de-b88045c1c84d_config-0] RpcClient init, ServerListFactory = com.alibaba.nacos.client.config.impl.ClientWorker$ConfigRpcTransportClient$2
2026-09-05 20:24:49.733 [main] INFO  com.alibaba.nacos.common.remote.client - [1f9b510c-c985-439c-a9de-b88045c1c84d_config-0] Try to connect to server on start up, server: {serverIp = '127.0.0.1', server main port = 8848}
2026-09-05 20:24:49.778 [main] INFO  c.a.nacos.common.remote.client.grpc.GrpcClient - grpc client connection server:127.0.0.1 ip,serverPort:9848,grpcTslConfig:{"sslProvider":"OPENSSL","enableTls":false,"mutualAuthEnable":false,"trustAll":false}
2026-09-05 20:24:50.857 [main] INFO  com.alibaba.nacos.common.remote.client - [1f9b510c-c985-439c-a9de-b88045c1c84d_config-0] Success to connect to server [127.0.0.1:8848] on start up, connectionId = 1788611090675_172.17.0.1_42058
2026-09-05 20:24:50.858 [com.alibaba.nacos.client.remote.worker] INFO  com.alibaba.nacos.common.remote.client - [1f9b510c-c985-439c-a9de-b88045c1c84d_config-0] Notify connected event to listeners.
2026-09-05 20:24:50.858 [com.alibaba.nacos.client.remote.worker] INFO  com.alibaba.nacos.client.config.impl.ClientWorker - [1f9b510c-c985-439c-a9de-b88045c1c84d_config-0] Connected,notify listen context...
2026-09-05 20:24:50.858 [main] INFO  com.alibaba.nacos.common.remote.client - [1f9b510c-c985-439c-a9de-b88045c1c84d_config-0] Register server push request handler:com.alibaba.nacos.common.remote.client.RpcClient$ConnectResetRequestHandler
2026-09-05 20:24:50.858 [main] INFO  com.alibaba.nacos.common.remote.client - [1f9b510c-c985-439c-a9de-b88045c1c84d_config-0] Register server push request handler:com.alibaba.nacos.common.remote.client.RpcClient$$Lambda$606/0x0000026a464da228
2026-09-05 20:24:50.896 [main] INFO  com.alibaba.nacos.client.config.impl.Limiter - limitTime:5.0
2026-09-05 20:24:50.918 [main] INFO  com.alibaba.nacos.client.config.utils.JvmUtil - isMultiInstance:false
2026-09-05 20:24:50.929 [main] WARN  c.a.cloud.nacos.client.NacosPropertySourceBuilder - Ignore the empty nacos configuration and get it based on dataId[xiaohongshu-auth.yaml] & group[DEFAULT_GROUP]
2026-09-05 20:24:50.944 [main] INFO  o.s.c.b.c.PropertySourceBootstrapConfiguration - Located property source: [BootstrapPropertySource {name='bootstrapProperties-xiaohongshu-auth-dev.yaml,DEFAULT_GROUP'}, BootstrapPropertySource {name='bootstrapProperties-xiaohongshu-auth.yaml,DEFAULT_GROUP'}, BootstrapPropertySource {name='bootstrapProperties-xiaohongshu-auth,DEFAULT_GROUP'}]
2026-09-05 20:24:50.968 [main] WARN  com.alibaba.nacos.client.logging.NacosLogging - Load Logback Configuration of Nacos fail, message: Could not initialize Logback Nacos logging from classpath:nacos-logback.xml
2026-09-05 20:24:50.969 [main] INFO  c.g.xiaohongshu.auth.XiaohongshuAuthApplication - The following 1 profile is active: "dev"
2026-09-05 20:24:51.568 [main] INFO  o.s.d.r.config.RepositoryConfigurationDelegate - Multiple Spring Data modules found, entering strict repository configuration mode
2026-09-05 20:24:51.571 [main] INFO  o.s.d.r.config.RepositoryConfigurationDelegate - Bootstrapping Spring Data Redis repositories in DEFAULT mode.
2026-09-05 20:24:51.593 [main] INFO  o.s.d.r.config.RepositoryConfigurationDelegate - Finished Spring Data repository scanning in 9 ms. Found 0 Redis repository interfaces.
2026-09-05 20:24:51.725 [main] INFO  o.springframework.cloud.context.scope.GenericScope - BeanFactory id=e975a4a9-1ce7-3108-84ca-3ebf7bd491e7
2026-09-05 20:24:52.267 [main] INFO  o.s.boot.web.embedded.tomcat.TomcatWebServer - Tomcat initialized with port(s): 8080 (http)
2026-09-05 20:24:52.276 [main] INFO  org.apache.catalina.core.StandardService - Starting service [Tomcat]
2026-09-05 20:24:52.276 [main] INFO  org.apache.catalina.core.StandardEngine - Starting Servlet engine: [Apache Tomcat/10.1.5]
2026-09-05 20:24:52.359 [main] INFO  o.a.c.core.ContainerBase.[Tomcat].[localhost].[/] - Initializing Spring embedded WebApplicationContext
2026-09-05 20:24:52.359 [main] INFO  o.s.b.w.s.c.ServletWebServerApplicationContext - Root WebApplicationContext: initialization completed in 1376 ms
2026-09-05 20:24:52.451 [main] INFO  c.a.d.s.b.a.DruidDataSourceAutoConfigure - Init DruidDataSource
2026-09-05 20:24:52.793 [main] INFO  com.alibaba.druid.pool.DruidDataSource - {dataSource-1} inited
2026-09-05 20:24:54.924 [main] INFO  o.s.boot.web.embedded.tomcat.TomcatWebServer - Tomcat started on port(s): 8080 (http) with context path ''
2026-09-05 20:24:54.927 [main] INFO  com.alibaba.nacos.client.naming - initializer namespace from ans.namespace attribute : null
2026-09-05 20:24:54.927 [main] INFO  com.alibaba.nacos.client.naming - initializer namespace from ALIBABA_ALIWARE_NAMESPACE attribute :null
2026-09-05 20:24:54.928 [main] INFO  com.alibaba.nacos.client.naming - initializer namespace from namespace attribute :null
2026-09-05 20:24:54.934 [main] INFO  c.a.n.p.auth.spi.client.ClientAuthPluginManager - [ClientAuthPluginManager] Load ClientAuthService com.alibaba.nacos.client.auth.impl.NacosClientAuthServiceImpl success.
2026-09-05 20:24:54.934 [main] INFO  c.a.n.p.auth.spi.client.ClientAuthPluginManager - [ClientAuthPluginManager] Load ClientAuthService com.alibaba.nacos.client.auth.ram.RamClientAuthServiceImpl success.
2026-09-05 20:24:54.938 [main] INFO  com.alibaba.nacos.common.remote.client - [RpcClientFactory] create a new rpc client of 5a41dccb-414b-44b3-bf46-b1cc4185f2e1
2026-09-05 20:24:54.939 [main] INFO  com.alibaba.nacos.common.remote.client - [5a41dccb-414b-44b3-bf46-b1cc4185f2e1] RpcClient init, ServerListFactory = com.alibaba.nacos.client.naming.core.ServerListManager
2026-09-05 20:24:54.940 [main] INFO  com.alibaba.nacos.common.remote.client - [5a41dccb-414b-44b3-bf46-b1cc4185f2e1] Registry connection listener to current client:com.alibaba.nacos.client.naming.remote.gprc.redo.NamingGrpcRedoService
2026-09-05 20:24:54.940 [main] INFO  com.alibaba.nacos.common.remote.client - [5a41dccb-414b-44b3-bf46-b1cc4185f2e1] Register server push request handler:com.alibaba.nacos.client.naming.remote.gprc.NamingPushRequestHandler
2026-09-05 20:24:54.940 [main] INFO  com.alibaba.nacos.common.remote.client - [5a41dccb-414b-44b3-bf46-b1cc4185f2e1] Try to connect to server on start up, server: {serverIp = '127.0.0.1', server main port = 8848}
2026-09-05 20:24:54.940 [main] INFO  c.a.nacos.common.remote.client.grpc.GrpcClient - grpc client connection server:127.0.0.1 ip,serverPort:9848,grpcTslConfig:{"sslProvider":"OPENSSL","enableTls":false,"mutualAuthEnable":false,"trustAll":false}
2026-09-05 20:24:55.055 [main] INFO  com.alibaba.nacos.common.remote.client - [5a41dccb-414b-44b3-bf46-b1cc4185f2e1] Success to connect to server [127.0.0.1:8848] on start up, connectionId = 1788611094946_172.17.0.1_42896
2026-09-05 20:24:55.055 [com.alibaba.nacos.client.remote.worker] INFO  com.alibaba.nacos.common.remote.client - [5a41dccb-414b-44b3-bf46-b1cc4185f2e1] Notify connected event to listeners.
2026-09-05 20:24:55.055 [com.alibaba.nacos.client.remote.worker] INFO  com.alibaba.nacos.client.naming - Grpc connection connect
2026-09-05 20:24:55.055 [main] INFO  com.alibaba.nacos.common.remote.client - [5a41dccb-414b-44b3-bf46-b1cc4185f2e1] Register server push request handler:com.alibaba.nacos.common.remote.client.RpcClient$ConnectResetRequestHandler
2026-09-05 20:24:55.055 [main] INFO  com.alibaba.nacos.common.remote.client - [5a41dccb-414b-44b3-bf46-b1cc4185f2e1] Register server push request handler:com.alibaba.nacos.common.remote.client.RpcClient$$Lambda$606/0x0000026a464da228
2026-09-05 20:24:55.056 [main] INFO  com.alibaba.nacos.client.naming - [REGISTER-SERVICE] xiaohongshu registering service xiaohongshu-auth with instance Instance{instanceId='null', ip='192.168.0.103', port=8080, weight=1.0, healthy=true, enabled=true, ephemeral=true, clusterName='DEFAULT', serviceName='null', metadata={IPv6=null, preserved.register.source=SPRING_CLOUD}}
2026-09-05 20:24:55.066 [main] INFO  c.a.cloud.nacos.registry.NacosServiceRegistry - nacos registry, DEFAULT_GROUP xiaohongshu-auth 192.168.0.103:8080 register finished
2026-09-05 20:24:55.448 [main] INFO  c.g.xiaohongshu.auth.XiaohongshuAuthApplication - Started XiaohongshuAuthApplication in 7.718 seconds (process running for 8.398)
2026-09-05 20:24:55.449 [main] INFO  c.g.x.auth.runner.PushRolePermissions2RedisRunner - ==> 服务启动，开始同步角色权限数据到 Redis 中...
2026-09-05 20:24:56.132 [main] INFO  c.g.x.auth.runner.PushRolePermissions2RedisRunner - ==> 服务启动，成功同步角色权限数据到 Redis 中...
2026-09-05 20:24:56.134 [main] INFO  com.alibaba.nacos.client.config.impl.CacheData - nacos.cache.data.init.snapshot = true 
2026-09-05 20:24:56.135 [main] INFO  com.alibaba.nacos.client.config.impl.ClientWorker - [fixed-xiaohongshu-127.0.0.1_8848] [subscribe] xiaohongshu-auth.yaml+DEFAULT_GROUP+xiaohongshu
2026-09-05 20:24:56.140 [main] INFO  com.alibaba.nacos.client.config.impl.CacheData - [fixed-xiaohongshu-127.0.0.1_8848] [add-listener] ok, tenant=xiaohongshu, dataId=xiaohongshu-auth.yaml, group=DEFAULT_GROUP, cnt=1
2026-09-05 20:24:56.140 [main] INFO  c.a.cloud.nacos.refresh.NacosContextRefresher - [Nacos Config] Listening config: dataId=xiaohongshu-auth.yaml, group=DEFAULT_GROUP
2026-09-05 20:24:56.141 [main] INFO  com.alibaba.nacos.client.config.impl.ClientWorker - [fixed-xiaohongshu-127.0.0.1_8848] [subscribe] xiaohongshu-auth-dev.yaml+DEFAULT_GROUP+xiaohongshu
2026-09-05 20:24:56.141 [main] INFO  com.alibaba.nacos.client.config.impl.CacheData - [fixed-xiaohongshu-127.0.0.1_8848] [add-listener] ok, tenant=xiaohongshu, dataId=xiaohongshu-auth-dev.yaml, group=DEFAULT_GROUP, cnt=1
2026-09-05 20:24:56.141 [main] INFO  c.a.cloud.nacos.refresh.NacosContextRefresher - [Nacos Config] Listening config: dataId=xiaohongshu-auth-dev.yaml, group=DEFAULT_GROUP
2026-09-05 20:24:56.142 [main] INFO  com.alibaba.nacos.client.config.impl.ClientWorker - [fixed-xiaohongshu-127.0.0.1_8848] [subscribe] xiaohongshu-auth+DEFAULT_GROUP+xiaohongshu
2026-09-05 20:24:56.142 [main] INFO  com.alibaba.nacos.client.config.impl.CacheData - [fixed-xiaohongshu-127.0.0.1_8848] [add-listener] ok, tenant=xiaohongshu, dataId=xiaohongshu-auth, group=DEFAULT_GROUP, cnt=1
2026-09-05 20:24:56.142 [main] INFO  c.a.cloud.nacos.refresh.NacosContextRefresher - [Nacos Config] Listening config: dataId=xiaohongshu-auth, group=DEFAULT_GROUP
2026-09-05 20:40:17.156 [http-nio-8080-exec-2] INFO  o.a.c.core.ContainerBase.[Tomcat].[localhost].[/] - Initializing Spring DispatcherServlet 'dispatcherServlet'
2026-09-05 20:40:17.156 [http-nio-8080-exec-2] INFO  org.springframework.web.servlet.DispatcherServlet - Initializing Servlet 'dispatcherServlet'
2026-09-05 20:40:17.158 [http-nio-8080-exec-2] INFO  org.springframework.web.servlet.DispatcherServlet - Completed initialization in 2 ms
2026-09-05 20:40:17.294 [http-nio-8080-exec-2] INFO  c.g.f.b.operationlog.aspect.ApiOperationLogAspect - ====== 请求开始: [发送短信验证码], 入参: {"phone":"19903236282"}, 请求类: VerificationCodeController, 请求方法: send =================================== 
2026-09-05 20:40:17.306 [http-nio-8080-exec-2] INFO  c.g.x.a.service.impl.VerificationCodeServiceImpl - ==> 手机号: 19903236282, 已生成验证码：【420425】
2026-09-05 20:40:17.307 [AuthExecutor-1] INFO  c.guoshisan.xiaohongshu.auth.sms.AliyunSmsHelper - ==> 开始短信发送, phone: 19903236282, signName: 速通互联验证码, templateCode: 100001, templateParam: {"code":"420425","min":"3"}
2026-09-05 20:40:17.312 [http-nio-8080-exec-2] INFO  c.g.f.b.operationlog.aspect.ApiOperationLogAspect - ====== 请求结束: [发送短信验证码], 耗时: 18ms, 出参: {"success":true,"message":null,"errorCode":null,"data":null} =================================== 
2026-09-05 20:40:18.339 [AuthExecutor-1] INFO  c.guoshisan.xiaohongshu.auth.sms.AliyunSmsHelper - ==> 短信发送成功, response: {"headers":{"access-control-allow-origin":"*","date":"Sat, 05 Sep 2026 12:40:18 GMT","content-length":"135","keep-alive":"timeout=25","x-acs-request-id":"01A07195-7F52-5BBE-98F7-8DFB90673A1B","connection":"keep-alive","content-type":"application/json;charset=utf-8","etag":"1zSsnuoFApjmUFbiu2wnDGA5","access-control-expose-headers":"*","x-acs-trace-id":"1d038742a960aa276ec65e43709e38db"},"statusCode":200,"body":{"accessDeniedDetail":null,"code":"OK","message":"OK","model":{"bizId":"811720788612018181^0","outId":null,"requestId":"8b3f5b2c-9e05-44a4-9f52-e2854478ee1c","verifyCode":null},"requestId":null,"success":true}}
2026-09-05 20:40:31.117 [http-nio-8080-exec-3] INFO  c.g.f.b.operationlog.aspect.ApiOperationLogAspect - ====== 请求开始: [用户登录/注册], 入参: {"phone":"19903236282","code":"420425","password":null,"type":1}, 请求类: UserController, 请求方法: loginAndRegister =================================== 
2026-09-05 20:40:31.137 [http-nio-8080-exec-3] INFO  c.g.xiaohongshu.auth.service.impl.UserServiceImpl - ==> 用户是否注册, phone: 19903236282, userDTO: null
2026-09-05 20:40:31.504 [http-nio-8080-exec-3] INFO  c.g.f.b.operationlog.aspect.ApiOperationLogAspect - ====== 请求结束: [用户登录/注册], 耗时: 388ms, 出参: {"success":true,"message":null,"errorCode":null,"data":"xkSuXSG0PH3iiSHUI9cj9q2jHYkVKgqbpx7xKrVS7Mt7ekh8f7WL1DGTFsFmGSohlsaHaM2EdeGJQMxY5FVzfc4Nev80ntwLSJwCSq9B36AgmmOloqfYyn30KpAd6TAB"} =================================== 
2026-09-05 20:46:29.591 [http-nio-8080-exec-6] INFO  c.g.f.b.operationlog.aspect.ApiOperationLogAspect - ====== 请求开始: [账号登出], 入参: , 请求类: UserController, 请求方法: logout =================================== 
2026-09-05 20:46:29.611 [http-nio-8080-exec-6] INFO  c.g.f.b.operationlog.aspect.ApiOperationLogAspect - ====== 请求结束: [账号登出], 耗时: 20ms, 出参: {"success":true,"message":null,"errorCode":null,"data":null} =================================== 
2026-09-05 20:58:30.229 [http-nio-8080-exec-9] INFO  c.g.f.b.operationlog.aspect.ApiOperationLogAspect - ====== 请求开始: [发送短信验证码], 入参: {"phone":"19903236282"}, 请求类: VerificationCodeController, 请求方法: send =================================== 
2026-09-05 20:58:30.231 [http-nio-8080-exec-9] INFO  c.g.x.a.service.impl.VerificationCodeServiceImpl - ==> 手机号: 19903236282, 已生成验证码：【432656】
2026-09-05 20:58:30.232 [AuthExecutor-2] INFO  c.guoshisan.xiaohongshu.auth.sms.AliyunSmsHelper - ==> 开始短信发送, phone: 19903236282, signName: 速通互联验证码, templateCode: 100001, templateParam: {"code":"432656","min":"3"}
2026-09-05 20:58:30.235 [http-nio-8080-exec-9] INFO  c.g.f.b.operationlog.aspect.ApiOperationLogAspect - ====== 请求结束: [发送短信验证码], 耗时: 6ms, 出参: {"success":true,"message":null,"errorCode":null,"data":null} =================================== 
2026-09-05 20:58:30.757 [AuthExecutor-2] INFO  c.guoshisan.xiaohongshu.auth.sms.AliyunSmsHelper - ==> 短信发送成功, response: {"headers":{"access-control-allow-origin":"*","date":"Sat, 05 Sep 2026 12:58:30 GMT","content-length":"135","keep-alive":"timeout=25","x-acs-request-id":"01A071A6-2AAD-52AD-B639-A734A7B0F0B3","connection":"keep-alive","content-type":"application/json;charset=utf-8","etag":"1W/uryVLfsd0nlazSk2MHlQ5","access-control-expose-headers":"*","x-acs-trace-id":"bb6e4fdd640914e467d7329d8622fce1"},"statusCode":200,"body":{"accessDeniedDetail":null,"code":"OK","message":"OK","model":{"bizId":"882905588613110579^0","outId":null,"requestId":"f615e142-5d4f-42f7-a5e9-73f9615832ac","verifyCode":null},"requestId":null,"success":true}}
2026-09-05 20:58:46.565 [http-nio-8080-exec-10] INFO  c.g.f.b.operationlog.aspect.ApiOperationLogAspect - ====== 请求开始: [用户登录/注册], 入参: {"phone":"19903236282","code":"432656","password":null,"type":1}, 请求类: UserController, 请求方法: loginAndRegister =================================== 
2026-09-05 20:58:46.590 [http-nio-8080-exec-10] INFO  c.g.xiaohongshu.auth.service.impl.UserServiceImpl - ==> 用户是否注册, phone: 19903236282, userDTO: {"id":8,"xiaohongshuId":null,"password":null,"nickname":null,"avatar":null,"birthday":null,"backgroundImg":null,"phone":null,"sex":null,"status":null,"introduction":null,"createTime":null,"updateTime":null,"isDeleted":null}
2026-09-05 20:58:46.611 [http-nio-8080-exec-10] INFO  c.g.f.b.operationlog.aspect.ApiOperationLogAspect - ====== 请求结束: [用户登录/注册], 耗时: 46ms, 出参: {"success":true,"message":null,"errorCode":null,"data":"YktMO6dElPyeKUvnPt8EUP7MUHsZAFFrTPUZ5R7vvR33F5sAfR2WhKD5phvaz6Xyre5A7PASlzH8phX3ZRcaFgEndHbR95CJNXqeFspQ2UToc0xYwsGt6CgBcd9QntwM"} =================================== 
2026-09-05 21:06:41.140 [http-nio-8080-exec-2] INFO  c.g.f.b.operationlog.aspect.ApiOperationLogAspect - ====== 请求开始: [账号登出], 入参: , 请求类: UserController, 请求方法: logout =================================== 
2026-09-05 21:06:41.149 [http-nio-8080-exec-2] INFO  c.g.f.b.operationlog.aspect.ApiOperationLogAspect - ====== 请求结束: [账号登出], 耗时: 9ms, 出参: {"success":true,"message":null,"errorCode":null,"data":null} =================================== 
2026-09-05 21:09:16.336 [Thread-9] WARN  com.alibaba.nacos.common.notify.NotifyCenter - [NotifyCenter] Start destroying Publisher
2026-09-05 21:09:16.336 [Thread-2] WARN  c.alibaba.nacos.common.http.HttpClientBeanHolder - [HttpClientBeanHolder] Start destroying common HttpClient
2026-09-05 21:09:16.337 [Thread-9] WARN  com.alibaba.nacos.common.notify.NotifyCenter - [NotifyCenter] Destruction of the end
2026-09-05 21:09:16.337 [Thread-2] WARN  c.alibaba.nacos.common.http.HttpClientBeanHolder - [HttpClientBeanHolder] Destruction of the end
2026-09-05 21:09:16.384 [SpringApplicationShutdownHook] INFO  c.a.cloud.nacos.registry.NacosServiceRegistry - De-registering from Nacos Server now...
2026-09-05 21:09:16.384 [SpringApplicationShutdownHook] INFO  com.alibaba.nacos.client.naming - [DEREGISTER-SERVICE] xiaohongshu deregistering service xiaohongshu-auth with instance: Instance{instanceId='null', ip='192.168.0.103', port=8080, weight=1.0, healthy=true, enabled=true, ephemeral=true, clusterName='DEFAULT', serviceName='null', metadata={}}
2026-09-05 21:09:16.388 [SpringApplicationShutdownHook] INFO  c.a.cloud.nacos.registry.NacosServiceRegistry - De-registration finished.
2026-09-05 21:09:16.388 [SpringApplicationShutdownHook] INFO  com.alibaba.nacos.client.naming - com.alibaba.nacos.client.naming.cache.ServiceInfoHolder do shutdown begin
2026-09-05 21:09:16.388 [SpringApplicationShutdownHook] INFO  com.alibaba.nacos.client.naming - com.alibaba.nacos.client.naming.backups.FailoverReactor do shutdown begin
2026-09-05 21:09:16.388 [SpringApplicationShutdownHook] INFO  com.alibaba.nacos.client.naming - com.alibaba.nacos.client.naming.backups.FailoverReactor do shutdown stop
2026-09-05 21:09:16.389 [SpringApplicationShutdownHook] INFO  com.alibaba.nacos.client.naming - com.alibaba.nacos.client.naming.cache.ServiceInfoHolder do shutdown stop
2026-09-05 21:09:16.389 [SpringApplicationShutdownHook] INFO  com.alibaba.nacos.client.naming - com.alibaba.nacos.client.naming.remote.NamingClientProxyDelegate do shutdown begin
2026-09-05 21:09:16.389 [SpringApplicationShutdownHook] INFO  com.alibaba.nacos.client.naming - com.alibaba.nacos.client.naming.core.ServiceInfoUpdateService do shutdown begin
2026-09-05 21:09:16.389 [SpringApplicationShutdownHook] INFO  com.alibaba.nacos.client.naming - com.alibaba.nacos.client.naming.core.ServiceInfoUpdateService do shutdown stop
2026-09-05 21:09:16.389 [SpringApplicationShutdownHook] INFO  com.alibaba.nacos.client.naming - com.alibaba.nacos.client.naming.core.ServerListManager do shutdown begin
2026-09-05 21:09:16.389 [SpringApplicationShutdownHook] WARN  com.alibaba.nacos.client.naming - [NamingHttpClientManager] Start destroying NacosRestTemplate
2026-09-05 21:09:16.389 [SpringApplicationShutdownHook] WARN  com.alibaba.nacos.client.naming - [NamingHttpClientManager] Destruction of the end
2026-09-05 21:09:16.389 [SpringApplicationShutdownHook] INFO  com.alibaba.nacos.client.naming - com.alibaba.nacos.client.naming.core.ServerListManager do shutdown stop
2026-09-05 21:09:16.389 [SpringApplicationShutdownHook] INFO  com.alibaba.nacos.client.naming - com.alibaba.nacos.client.naming.remote.http.NamingHttpClientProxy do shutdown begin
2026-09-05 21:09:16.389 [SpringApplicationShutdownHook] WARN  com.alibaba.nacos.client.naming - [NamingHttpClientManager] Start destroying NacosRestTemplate
2026-09-05 21:09:16.389 [SpringApplicationShutdownHook] WARN  com.alibaba.nacos.client.naming - [NamingHttpClientManager] Destruction of the end
2026-09-05 21:09:16.389 [SpringApplicationShutdownHook] INFO  com.alibaba.nacos.client.naming - com.alibaba.nacos.client.naming.remote.http.NamingHttpClientProxy do shutdown stop
2026-09-05 21:09:16.389 [SpringApplicationShutdownHook] INFO  com.alibaba.nacos.common.remote.client - Shutdown rpc client, set status to shutdown
2026-09-05 21:09:16.389 [SpringApplicationShutdownHook] INFO  com.alibaba.nacos.common.remote.client - Shutdown client event executor java.util.concurrent.ScheduledThreadPoolExecutor@4030228f[Running, pool size = 2, active threads = 2, queued tasks = 0, completed tasks = 0]
2026-09-05 21:09:16.389 [SpringApplicationShutdownHook] INFO  com.alibaba.nacos.common.remote.client - Close current connection 1788611094946_172.17.0.1_42896
2026-09-05 21:09:16.392 [nacos-grpc-client-executor-127.0.0.1-550] WARN  c.a.nacos.common.remote.client.grpc.GrpcClient - [1788611094946_172.17.0.1_42896]Ignore error event,isRunning:false,isAbandon=false
2026-09-05 21:09:16.394 [SpringApplicationShutdownHook] INFO  c.a.nacos.common.remote.client.grpc.GrpcClient - Shutdown grpc executor java.util.concurrent.ThreadPoolExecutor@10b8e548[Running, pool size = 6, active threads = 0, queued tasks = 0, completed tasks = 551]
2026-09-05 21:09:16.394 [SpringApplicationShutdownHook] INFO  com.alibaba.nacos.client.naming - Shutdown grpc redo service executor java.util.concurrent.ScheduledThreadPoolExecutor@6af0d0a3[Running, pool size = 1, active threads = 0, queued tasks = 1, completed tasks = 884]
2026-09-05 21:09:16.394 [SpringApplicationShutdownHook] INFO  c.a.n.client.auth.ram.identify.CredentialWatcher - [null] CredentialWatcher is stopped
2026-09-05 21:09:16.394 [SpringApplicationShutdownHook] INFO  c.a.n.client.auth.ram.identify.CredentialService - [null] CredentialService is freed
2026-09-05 21:09:16.394 [SpringApplicationShutdownHook] INFO  com.alibaba.nacos.client.naming - com.alibaba.nacos.client.naming.remote.NamingClientProxyDelegate do shutdown stop
2026-09-05 21:09:16.520 [SpringApplicationShutdownHook] INFO  com.alibaba.druid.pool.DruidDataSource - {dataSource-1} closing ...
2026-09-05 21:09:16.523 [SpringApplicationShutdownHook] INFO  com.alibaba.druid.pool.DruidDataSource - {dataSource-1} closed
2026-09-05 21:09:21.864 [main] WARN  com.alibaba.nacos.client.logging.NacosLogging - Load Logback Configuration of Nacos fail, message: Could not initialize Logback Nacos logging from classpath:nacos-logback.xml
2026-09-05 21:09:21.935 [main] WARN  com.alibaba.nacos.client.logging.NacosLogging - Load Logback Configuration of Nacos fail, message: Could not initialize Logback Nacos logging from classpath:nacos-logback.xml
2026-09-05 21:09:22.165 [main] WARN  com.alibaba.nacos.client.logging.NacosLogging - Load Logback Configuration of Nacos fail, message: Could not initialize Logback Nacos logging from classpath:nacos-logback.xml
2026-09-05 21:09:22.167 [main] INFO  com.alibaba.nacos.client.utils.ParamUtil - [settings] [req-serv] nacos-server port:8848
2026-09-05 21:09:22.167 [main] INFO  com.alibaba.nacos.client.utils.ParamUtil - [settings] [http-client] connect timeout:1000
2026-09-05 21:09:22.168 [main] INFO  com.alibaba.nacos.client.utils.ParamUtil - PER_TASK_CONFIG_SIZE: 3000.0
2026-09-05 21:09:22.197 [main] INFO  c.a.n.p.auth.spi.client.ClientAuthPluginManager - [ClientAuthPluginManager] Load ClientAuthService com.alibaba.nacos.client.auth.impl.NacosClientAuthServiceImpl success.
2026-09-05 21:09:22.197 [main] INFO  c.a.n.p.auth.spi.client.ClientAuthPluginManager - [ClientAuthPluginManager] Load ClientAuthService com.alibaba.nacos.client.auth.ram.RamClientAuthServiceImpl success.
2026-09-05 21:09:22.200 [main] INFO  c.a.n.client.auth.ram.identify.CredentialWatcher - null No credential found
2026-09-05 21:09:22.883 [main] WARN  com.alibaba.nacos.client.logging.NacosLogging - Load Logback Configuration of Nacos fail, message: Could not initialize Logback Nacos logging from classpath:nacos-logback.xml
2026-09-05 21:09:22.897 [main] INFO  c.a.n.client.config.impl.LocalConfigInfoProcessor - LOCAL_SNAPSHOT_PATH:C:\Users\Administrator\nacos\config
2026-09-05 21:09:22.901 [main] INFO  com.alibaba.nacos.common.remote.client - [RpcClientFactory] create a new rpc client of 04e99709-4be4-4de7-b8e0-dca39f354e2a_config-0
2026-09-05 21:09:22.916 [main] INFO  com.alibaba.nacos.common.remote.client - [04e99709-4be4-4de7-b8e0-dca39f354e2a_config-0] Register server push request handler:com.alibaba.nacos.client.config.impl.ClientWorker$ConfigRpcTransportClient$$Lambda$584/0x000002c916391060
2026-09-05 21:09:22.917 [main] INFO  com.alibaba.nacos.common.remote.client - [04e99709-4be4-4de7-b8e0-dca39f354e2a_config-0] Register server push request handler:com.alibaba.nacos.client.config.impl.ClientWorker$ConfigRpcTransportClient$$Lambda$585/0x000002c916391480
2026-09-05 21:09:22.917 [main] INFO  com.alibaba.nacos.common.remote.client - [04e99709-4be4-4de7-b8e0-dca39f354e2a_config-0] Registry connection listener to current client:com.alibaba.nacos.client.config.impl.ClientWorker$ConfigRpcTransportClient$1
2026-09-05 21:09:22.918 [main] INFO  com.alibaba.nacos.common.remote.client - [04e99709-4be4-4de7-b8e0-dca39f354e2a_config-0] RpcClient init, ServerListFactory = com.alibaba.nacos.client.config.impl.ClientWorker$ConfigRpcTransportClient$2
2026-09-05 21:09:22.925 [main] INFO  com.alibaba.nacos.common.remote.client - [04e99709-4be4-4de7-b8e0-dca39f354e2a_config-0] Try to connect to server on start up, server: {serverIp = '127.0.0.1', server main port = 8848}
2026-09-05 21:09:22.977 [main] INFO  c.a.nacos.common.remote.client.grpc.GrpcClient - grpc client connection server:127.0.0.1 ip,serverPort:9848,grpcTslConfig:{"sslProvider":"OPENSSL","enableTls":false,"mutualAuthEnable":false,"trustAll":false}
2026-09-05 21:09:24.324 [main] INFO  com.alibaba.nacos.common.remote.client - [04e99709-4be4-4de7-b8e0-dca39f354e2a_config-0] Success to connect to server [127.0.0.1:8848] on start up, connectionId = 1788613764113_172.17.0.1_43340
2026-09-05 21:09:24.326 [main] INFO  com.alibaba.nacos.common.remote.client - [04e99709-4be4-4de7-b8e0-dca39f354e2a_config-0] Register server push request handler:com.alibaba.nacos.common.remote.client.RpcClient$ConnectResetRequestHandler
2026-09-05 21:09:24.325 [com.alibaba.nacos.client.remote.worker] INFO  com.alibaba.nacos.common.remote.client - [04e99709-4be4-4de7-b8e0-dca39f354e2a_config-0] Notify connected event to listeners.
2026-09-05 21:09:24.327 [com.alibaba.nacos.client.remote.worker] INFO  com.alibaba.nacos.client.config.impl.ClientWorker - [04e99709-4be4-4de7-b8e0-dca39f354e2a_config-0] Connected,notify listen context...
2026-09-05 21:09:24.327 [main] INFO  com.alibaba.nacos.common.remote.client - [04e99709-4be4-4de7-b8e0-dca39f354e2a_config-0] Register server push request handler:com.alibaba.nacos.common.remote.client.RpcClient$$Lambda$605/0x000002c9164d9ed8
2026-09-05 21:09:24.406 [main] INFO  com.alibaba.nacos.client.config.impl.Limiter - limitTime:5.0
2026-09-05 21:09:24.456 [main] INFO  com.alibaba.nacos.client.config.utils.JvmUtil - isMultiInstance:false
2026-09-05 21:09:24.479 [main] WARN  c.a.cloud.nacos.client.NacosPropertySourceBuilder - Ignore the empty nacos configuration and get it based on dataId[xiaohongshu-auth.yaml] & group[DEFAULT_GROUP]
2026-09-05 21:09:24.524 [main] INFO  o.s.c.b.c.PropertySourceBootstrapConfiguration - Located property source: [BootstrapPropertySource {name='bootstrapProperties-xiaohongshu-auth-dev.yaml,DEFAULT_GROUP'}, BootstrapPropertySource {name='bootstrapProperties-xiaohongshu-auth.yaml,DEFAULT_GROUP'}, BootstrapPropertySource {name='bootstrapProperties-xiaohongshu-auth,DEFAULT_GROUP'}]
2026-09-05 21:09:24.574 [main] WARN  com.alibaba.nacos.client.logging.NacosLogging - Load Logback Configuration of Nacos fail, message: Could not initialize Logback Nacos logging from classpath:nacos-logback.xml
2026-09-05 21:09:24.577 [main] INFO  c.g.xiaohongshu.auth.XiaohongshuAuthApplication - The following 1 profile is active: "dev"
2026-09-05 21:09:25.624 [main] INFO  o.s.d.r.config.RepositoryConfigurationDelegate - Multiple Spring Data modules found, entering strict repository configuration mode
2026-09-05 21:09:25.627 [main] INFO  o.s.d.r.config.RepositoryConfigurationDelegate - Bootstrapping Spring Data Redis repositories in DEFAULT mode.
2026-09-05 21:09:25.657 [main] INFO  o.s.d.r.config.RepositoryConfigurationDelegate - Finished Spring Data repository scanning in 12 ms. Found 0 Redis repository interfaces.
2026-09-05 21:09:25.789 [main] INFO  o.springframework.cloud.context.scope.GenericScope - BeanFactory id=e975a4a9-1ce7-3108-84ca-3ebf7bd491e7
2026-09-05 21:09:26.365 [main] INFO  o.s.boot.web.embedded.tomcat.TomcatWebServer - Tomcat initialized with port(s): 8080 (http)
2026-09-05 21:09:26.376 [main] INFO  org.apache.catalina.core.StandardService - Starting service [Tomcat]
2026-09-05 21:09:26.377 [main] INFO  org.apache.catalina.core.StandardEngine - Starting Servlet engine: [Apache Tomcat/10.1.5]
2026-09-05 21:09:26.452 [main] INFO  o.a.c.core.ContainerBase.[Tomcat].[localhost].[/] - Initializing Spring embedded WebApplicationContext
2026-09-05 21:09:26.452 [main] INFO  o.s.b.w.s.c.ServletWebServerApplicationContext - Root WebApplicationContext: initialization completed in 1839 ms
2026-09-05 21:09:26.548 [main] INFO  c.a.d.s.b.a.DruidDataSourceAutoConfigure - Init DruidDataSource
2026-09-05 21:09:26.962 [main] INFO  com.alibaba.druid.pool.DruidDataSource - {dataSource-1} inited
2026-09-05 21:09:29.582 [main] INFO  o.s.boot.web.embedded.tomcat.TomcatWebServer - Tomcat started on port(s): 8080 (http) with context path ''
2026-09-05 21:09:29.586 [main] INFO  com.alibaba.nacos.client.naming - initializer namespace from ans.namespace attribute : null
2026-09-05 21:09:29.586 [main] INFO  com.alibaba.nacos.client.naming - initializer namespace from ALIBABA_ALIWARE_NAMESPACE attribute :null
2026-09-05 21:09:29.587 [main] INFO  com.alibaba.nacos.client.naming - initializer namespace from namespace attribute :null
2026-09-05 21:09:29.595 [main] INFO  c.a.n.p.auth.spi.client.ClientAuthPluginManager - [ClientAuthPluginManager] Load ClientAuthService com.alibaba.nacos.client.auth.impl.NacosClientAuthServiceImpl success.
2026-09-05 21:09:29.595 [main] INFO  c.a.n.p.auth.spi.client.ClientAuthPluginManager - [ClientAuthPluginManager] Load ClientAuthService com.alibaba.nacos.client.auth.ram.RamClientAuthServiceImpl success.
2026-09-05 21:09:29.599 [main] INFO  com.alibaba.nacos.common.remote.client - [RpcClientFactory] create a new rpc client of 5d28abe2-1632-47c3-b2a3-cb3a39e29560
2026-09-05 21:09:29.601 [main] INFO  com.alibaba.nacos.common.remote.client - [5d28abe2-1632-47c3-b2a3-cb3a39e29560] RpcClient init, ServerListFactory = com.alibaba.nacos.client.naming.core.ServerListManager
2026-09-05 21:09:29.601 [main] INFO  com.alibaba.nacos.common.remote.client - [5d28abe2-1632-47c3-b2a3-cb3a39e29560] Registry connection listener to current client:com.alibaba.nacos.client.naming.remote.gprc.redo.NamingGrpcRedoService
2026-09-05 21:09:29.601 [main] INFO  com.alibaba.nacos.common.remote.client - [5d28abe2-1632-47c3-b2a3-cb3a39e29560] Register server push request handler:com.alibaba.nacos.client.naming.remote.gprc.NamingPushRequestHandler
2026-09-05 21:09:29.602 [main] INFO  com.alibaba.nacos.common.remote.client - [5d28abe2-1632-47c3-b2a3-cb3a39e29560] Try to connect to server on start up, server: {serverIp = '127.0.0.1', server main port = 8848}
2026-09-05 21:09:29.602 [main] INFO  c.a.nacos.common.remote.client.grpc.GrpcClient - grpc client connection server:127.0.0.1 ip,serverPort:9848,grpcTslConfig:{"sslProvider":"OPENSSL","enableTls":false,"mutualAuthEnable":false,"trustAll":false}
2026-09-05 21:09:29.808 [main] INFO  com.alibaba.nacos.common.remote.client - [5d28abe2-1632-47c3-b2a3-cb3a39e29560] Success to connect to server [127.0.0.1:8848] on start up, connectionId = 1788613769687_172.17.0.1_43344
2026-09-05 21:09:29.808 [main] INFO  com.alibaba.nacos.common.remote.client - [5d28abe2-1632-47c3-b2a3-cb3a39e29560] Register server push request handler:com.alibaba.nacos.common.remote.client.RpcClient$ConnectResetRequestHandler
2026-09-05 21:09:29.808 [com.alibaba.nacos.client.remote.worker] INFO  com.alibaba.nacos.common.remote.client - [5d28abe2-1632-47c3-b2a3-cb3a39e29560] Notify connected event to listeners.
2026-09-05 21:09:29.808 [main] INFO  com.alibaba.nacos.common.remote.client - [5d28abe2-1632-47c3-b2a3-cb3a39e29560] Register server push request handler:com.alibaba.nacos.common.remote.client.RpcClient$$Lambda$605/0x000002c9164d9ed8
2026-09-05 21:09:29.808 [com.alibaba.nacos.client.remote.worker] INFO  com.alibaba.nacos.client.naming - Grpc connection connect
2026-09-05 21:09:29.809 [main] INFO  com.alibaba.nacos.client.naming - [REGISTER-SERVICE] xiaohongshu registering service xiaohongshu-auth with instance Instance{instanceId='null', ip='192.168.0.103', port=8080, weight=1.0, healthy=true, enabled=true, ephemeral=true, clusterName='DEFAULT', serviceName='null', metadata={IPv6=null, preserved.register.source=SPRING_CLOUD}}
2026-09-05 21:09:29.822 [main] INFO  c.a.cloud.nacos.registry.NacosServiceRegistry - nacos registry, DEFAULT_GROUP xiaohongshu-auth 192.168.0.103:8080 register finished
2026-09-05 21:09:30.228 [main] INFO  c.g.xiaohongshu.auth.XiaohongshuAuthApplication - Started XiaohongshuAuthApplication in 9.571 seconds (process running for 10.39)
2026-09-05 21:09:30.229 [main] INFO  c.g.x.auth.runner.PushRolePermissions2RedisRunner - ==> 服务启动，开始同步角色权限数据到 Redis 中...
2026-09-05 21:09:30.719 [main] WARN  c.g.x.auth.runner.PushRolePermissions2RedisRunner - ==> 角色权限数据已经同步至 Redis 中，不再同步...
2026-09-05 21:09:30.722 [main] INFO  com.alibaba.nacos.client.config.impl.CacheData - nacos.cache.data.init.snapshot = true 
2026-09-05 21:09:30.722 [main] INFO  com.alibaba.nacos.client.config.impl.ClientWorker - [fixed-xiaohongshu-127.0.0.1_8848] [subscribe] xiaohongshu-auth.yaml+DEFAULT_GROUP+xiaohongshu
2026-09-05 21:09:30.729 [main] INFO  com.alibaba.nacos.client.config.impl.CacheData - [fixed-xiaohongshu-127.0.0.1_8848] [add-listener] ok, tenant=xiaohongshu, dataId=xiaohongshu-auth.yaml, group=DEFAULT_GROUP, cnt=1
2026-09-05 21:09:30.729 [main] INFO  c.a.cloud.nacos.refresh.NacosContextRefresher - [Nacos Config] Listening config: dataId=xiaohongshu-auth.yaml, group=DEFAULT_GROUP
2026-09-05 21:09:30.730 [main] INFO  com.alibaba.nacos.client.config.impl.ClientWorker - [fixed-xiaohongshu-127.0.0.1_8848] [subscribe] xiaohongshu-auth-dev.yaml+DEFAULT_GROUP+xiaohongshu
2026-09-05 21:09:30.730 [main] INFO  com.alibaba.nacos.client.config.impl.CacheData - [fixed-xiaohongshu-127.0.0.1_8848] [add-listener] ok, tenant=xiaohongshu, dataId=xiaohongshu-auth-dev.yaml, group=DEFAULT_GROUP, cnt=1
2026-09-05 21:09:30.730 [main] INFO  c.a.cloud.nacos.refresh.NacosContextRefresher - [Nacos Config] Listening config: dataId=xiaohongshu-auth-dev.yaml, group=DEFAULT_GROUP
2026-09-05 21:09:30.731 [main] INFO  com.alibaba.nacos.client.config.impl.ClientWorker - [fixed-xiaohongshu-127.0.0.1_8848] [subscribe] xiaohongshu-auth+DEFAULT_GROUP+xiaohongshu
2026-09-05 21:09:30.731 [main] INFO  com.alibaba.nacos.client.config.impl.CacheData - [fixed-xiaohongshu-127.0.0.1_8848] [add-listener] ok, tenant=xiaohongshu, dataId=xiaohongshu-auth, group=DEFAULT_GROUP, cnt=1
2026-09-05 21:09:30.731 [main] INFO  c.a.cloud.nacos.refresh.NacosContextRefresher - [Nacos Config] Listening config: dataId=xiaohongshu-auth, group=DEFAULT_GROUP
2026-09-05 21:10:27.115 [http-nio-8080-exec-2] INFO  o.a.c.core.ContainerBase.[Tomcat].[localhost].[/] - Initializing Spring DispatcherServlet 'dispatcherServlet'
2026-09-05 21:10:27.115 [http-nio-8080-exec-2] INFO  org.springframework.web.servlet.DispatcherServlet - Initializing Servlet 'dispatcherServlet'
2026-09-05 21:10:27.118 [http-nio-8080-exec-2] INFO  org.springframework.web.servlet.DispatcherServlet - Completed initialization in 3 ms
2026-09-05 21:10:27.246 [http-nio-8080-exec-2] INFO  c.g.f.b.operationlog.aspect.ApiOperationLogAspect - ====== 请求开始: [发送短信验证码], 入参: {"phone":"19903236282"}, 请求类: VerificationCodeController, 请求方法: send =================================== 
2026-09-05 21:10:27.255 [http-nio-8080-exec-2] INFO  c.g.x.a.service.impl.VerificationCodeServiceImpl - ==> 手机号: 19903236282, 已生成验证码：【556172】
2026-09-05 21:10:27.256 [AuthExecutor-1] INFO  c.guoshisan.xiaohongshu.auth.sms.AliyunSmsHelper - ==> 开始短信发送, phone: 19903236282, signName: 速通互联验证码, templateCode: 100001, templateParam: {"code":"556172","min":"3"}
2026-09-05 21:10:27.261 [http-nio-8080-exec-2] INFO  c.g.f.b.operationlog.aspect.ApiOperationLogAspect - ====== 请求结束: [发送短信验证码], 耗时: 15ms, 出参: {"success":true,"message":null,"errorCode":null,"data":null} =================================== 
2026-09-05 21:10:28.450 [AuthExecutor-1] INFO  c.guoshisan.xiaohongshu.auth.sms.AliyunSmsHelper - ==> 短信发送成功, response: {"headers":{"access-control-allow-origin":"*","date":"Sat, 05 Sep 2026 13:10:28 GMT","content-length":"135","keep-alive":"timeout=25","x-acs-request-id":"01A071B1-1D75-59A1-9357-D2E4894070B7","connection":"keep-alive","content-type":"application/json;charset=utf-8","etag":"1C8InPlb9dMcnM/jH9/hd5w5","access-control-expose-headers":"*","x-acs-trace-id":"be1b1493a7b8bf3fd7a9193079de53e4"},"statusCode":200,"body":{"accessDeniedDetail":null,"code":"OK","message":"OK","model":{"bizId":"683718788613828078^0","outId":null,"requestId":"a60b6953-37d6-4b1a-a1e4-9e7c8ceeba72","verifyCode":null},"requestId":null,"success":true}}
2026-09-05 21:10:37.312 [http-nio-8080-exec-3] INFO  c.g.f.b.operationlog.aspect.ApiOperationLogAspect - ====== 请求开始: [用户登录/注册], 入参: {"phone":"19903236282","code":"556172","password":null,"type":1}, 请求类: UserController, 请求方法: loginAndRegister =================================== 
2026-09-05 21:10:37.624 [http-nio-8080-exec-3] INFO  c.g.xiaohongshu.auth.service.impl.UserServiceImpl - ==> 用户是否注册, phone: 19903236282, userDTO: {"id":8,"xiaohongshuId":null,"password":null,"nickname":null,"avatar":null,"birthday":null,"backgroundImg":null,"phone":null,"sex":null,"status":null,"introduction":null,"createTime":null,"updateTime":null,"isDeleted":null}
2026-09-05 21:10:37.701 [http-nio-8080-exec-3] INFO  c.g.f.b.operationlog.aspect.ApiOperationLogAspect - ====== 请求结束: [用户登录/注册], 耗时: 388ms, 出参: {"success":true,"message":null,"errorCode":null,"data":"6LKZrWzoG0WmBxXyeC44yJoFaIhR8tTHitwXNGpfpSclGZ03t06HQZ642pRC0ppDUeRTLuP4eTu3Fdvtt3ktqNytGrZBtm0vuRuF7JUfbOLvwbTLuMbTT0U4WZTBBOy0"} =================================== 
2026-09-05 21:10:54.366 [http-nio-8080-exec-5] INFO  c.g.f.b.operationlog.aspect.ApiOperationLogAspect - ====== 请求开始: [账号登出], 入参: "8", 请求类: UserController, 请求方法: logout =================================== 
2026-09-05 21:10:54.366 [http-nio-8080-exec-5] INFO  c.g.xiaohongshu.auth.controller.UserController - ==> 网关透传过来的用户 ID: 8
2026-09-05 21:10:54.366 [http-nio-8080-exec-5] INFO  c.g.f.b.operationlog.aspect.ApiOperationLogAspect - ====== 请求结束: [账号登出], 耗时: 0ms, 出参: {"success":true,"message":null,"errorCode":null,"data":null} =================================== 
2026-09-05 21:11:12.207 [http-nio-8080-exec-7] INFO  c.g.f.b.operationlog.aspect.ApiOperationLogAspect - ====== 请求开始: [账号登出], 入参: "8", 请求类: UserController, 请求方法: logout =================================== 
2026-09-05 21:11:12.209 [http-nio-8080-exec-7] INFO  c.g.xiaohongshu.auth.controller.UserController - ==> 网关透传过来的用户 ID: 8
2026-09-05 21:11:12.209 [http-nio-8080-exec-7] INFO  c.g.f.b.operationlog.aspect.ApiOperationLogAspect - ====== 请求结束: [账号登出], 耗时: 2ms, 出参: {"success":true,"message":null,"errorCode":null,"data":null} =================================== 
2026-09-05 21:13:14.682 [http-nio-8080-exec-10] INFO  c.g.f.b.operationlog.aspect.ApiOperationLogAspect - ====== 请求开始: [发送短信验证码], 入参: {"phone":"19903236282"}, 请求类: VerificationCodeController, 请求方法: send =================================== 
2026-09-05 21:13:14.687 [http-nio-8080-exec-10] WARN  c.g.x.auth.exception.GlobalExceptionHandler - /verification/code/send request fail, errorCode: AUTH-20000, errorMessage: 请求太频繁，请3分钟后再试
2026-09-05 21:13:31.420 [http-nio-8080-exec-1] INFO  c.g.f.b.operationlog.aspect.ApiOperationLogAspect - ====== 请求开始: [发送短信验证码], 入参: {"phone":"15033632536"}, 请求类: VerificationCodeController, 请求方法: send =================================== 
2026-09-05 21:13:31.424 [http-nio-8080-exec-1] INFO  c.g.x.a.service.impl.VerificationCodeServiceImpl - ==> 手机号: 15033632536, 已生成验证码：【198749】
2026-09-05 21:13:31.425 [AuthExecutor-2] INFO  c.guoshisan.xiaohongshu.auth.sms.AliyunSmsHelper - ==> 开始短信发送, phone: 15033632536, signName: 速通互联验证码, templateCode: 100001, templateParam: {"code":"198749","min":"3"}
2026-09-05 21:13:31.426 [http-nio-8080-exec-1] INFO  c.g.f.b.operationlog.aspect.ApiOperationLogAspect - ====== 请求结束: [发送短信验证码], 耗时: 6ms, 出参: {"success":true,"message":null,"errorCode":null,"data":null} =================================== 
2026-09-05 21:13:32.043 [AuthExecutor-2] INFO  c.guoshisan.xiaohongshu.auth.sms.AliyunSmsHelper - ==> 短信发送成功, response: {"headers":{"access-control-allow-origin":"*","date":"Sat, 05 Sep 2026 13:13:32 GMT","content-length":"135","keep-alive":"timeout=25","x-acs-request-id":"01A071B3-EB74-5423-AA54-63BB094112F0","connection":"keep-alive","content-type":"application/json;charset=utf-8","etag":"1bnWUgUrVZ65m5cihK/zQEA5","access-control-expose-headers":"*","x-acs-trace-id":"9909a8f064c512f7c50d11379c9864e5"},"statusCode":200,"body":{"accessDeniedDetail":null,"code":"OK","message":"OK","model":{"bizId":"153503288614011880^0","outId":null,"requestId":"7a4189ab-48e2-4ca8-b5a3-7734a510fe00","verifyCode":null},"requestId":null,"success":true}}
2026-09-05 21:16:00.275 [Thread-9] WARN  com.alibaba.nacos.common.notify.NotifyCenter - [NotifyCenter] Start destroying Publisher
2026-09-05 21:16:00.276 [Thread-9] WARN  com.alibaba.nacos.common.notify.NotifyCenter - [NotifyCenter] Destruction of the end
2026-09-05 21:16:00.275 [Thread-2] WARN  c.alibaba.nacos.common.http.HttpClientBeanHolder - [HttpClientBeanHolder] Start destroying common HttpClient
2026-09-05 21:16:00.276 [Thread-2] WARN  c.alibaba.nacos.common.http.HttpClientBeanHolder - [HttpClientBeanHolder] Destruction of the end
2026-09-05 21:16:00.318 [SpringApplicationShutdownHook] INFO  c.a.cloud.nacos.registry.NacosServiceRegistry - De-registering from Nacos Server now...
2026-09-05 21:16:00.318 [SpringApplicationShutdownHook] INFO  com.alibaba.nacos.client.naming - [DEREGISTER-SERVICE] xiaohongshu deregistering service xiaohongshu-auth with instance: Instance{instanceId='null', ip='192.168.0.103', port=8080, weight=1.0, healthy=true, enabled=true, ephemeral=true, clusterName='DEFAULT', serviceName='null', metadata={}}
2026-09-05 21:16:00.321 [SpringApplicationShutdownHook] INFO  c.a.cloud.nacos.registry.NacosServiceRegistry - De-registration finished.
2026-09-05 21:16:00.322 [SpringApplicationShutdownHook] INFO  com.alibaba.nacos.client.naming - com.alibaba.nacos.client.naming.cache.ServiceInfoHolder do shutdown begin
2026-09-05 21:16:00.322 [SpringApplicationShutdownHook] INFO  com.alibaba.nacos.client.naming - com.alibaba.nacos.client.naming.backups.FailoverReactor do shutdown begin
2026-09-05 21:16:00.322 [SpringApplicationShutdownHook] INFO  com.alibaba.nacos.client.naming - com.alibaba.nacos.client.naming.backups.FailoverReactor do shutdown stop
2026-09-05 21:16:00.322 [SpringApplicationShutdownHook] INFO  com.alibaba.nacos.client.naming - com.alibaba.nacos.client.naming.cache.ServiceInfoHolder do shutdown stop
2026-09-05 21:16:00.322 [SpringApplicationShutdownHook] INFO  com.alibaba.nacos.client.naming - com.alibaba.nacos.client.naming.remote.NamingClientProxyDelegate do shutdown begin
2026-09-05 21:16:00.322 [SpringApplicationShutdownHook] INFO  com.alibaba.nacos.client.naming - com.alibaba.nacos.client.naming.core.ServiceInfoUpdateService do shutdown begin
2026-09-05 21:16:00.322 [SpringApplicationShutdownHook] INFO  com.alibaba.nacos.client.naming - com.alibaba.nacos.client.naming.core.ServiceInfoUpdateService do shutdown stop
2026-09-05 21:16:00.322 [SpringApplicationShutdownHook] INFO  com.alibaba.nacos.client.naming - com.alibaba.nacos.client.naming.core.ServerListManager do shutdown begin
2026-09-05 21:16:00.322 [SpringApplicationShutdownHook] WARN  com.alibaba.nacos.client.naming - [NamingHttpClientManager] Start destroying NacosRestTemplate
2026-09-05 21:16:00.322 [SpringApplicationShutdownHook] WARN  com.alibaba.nacos.client.naming - [NamingHttpClientManager] Destruction of the end
2026-09-05 21:16:00.322 [SpringApplicationShutdownHook] INFO  com.alibaba.nacos.client.naming - com.alibaba.nacos.client.naming.core.ServerListManager do shutdown stop
2026-09-05 21:16:00.322 [SpringApplicationShutdownHook] INFO  com.alibaba.nacos.client.naming - com.alibaba.nacos.client.naming.remote.http.NamingHttpClientProxy do shutdown begin
2026-09-05 21:16:00.323 [SpringApplicationShutdownHook] WARN  com.alibaba.nacos.client.naming - [NamingHttpClientManager] Start destroying NacosRestTemplate
2026-09-05 21:16:00.323 [SpringApplicationShutdownHook] WARN  com.alibaba.nacos.client.naming - [NamingHttpClientManager] Destruction of the end
2026-09-05 21:16:00.323 [SpringApplicationShutdownHook] INFO  com.alibaba.nacos.client.naming - com.alibaba.nacos.client.naming.remote.http.NamingHttpClientProxy do shutdown stop
2026-09-05 21:16:00.323 [SpringApplicationShutdownHook] INFO  com.alibaba.nacos.common.remote.client - Shutdown rpc client, set status to shutdown
2026-09-05 21:16:00.323 [SpringApplicationShutdownHook] INFO  com.alibaba.nacos.common.remote.client - Shutdown client event executor java.util.concurrent.ScheduledThreadPoolExecutor@77486bc4[Running, pool size = 2, active threads = 2, queued tasks = 0, completed tasks = 0]
2026-09-05 21:16:00.323 [SpringApplicationShutdownHook] INFO  com.alibaba.nacos.common.remote.client - Close current connection 1788613769687_172.17.0.1_43344
2026-09-05 21:16:00.324 [nacos-grpc-client-executor-127.0.0.1-96] INFO  c.a.nacos.common.remote.client.grpc.GrpcClient - [1788613769687_172.17.0.1_43344]Ignore complete event,isRunning:false,isAbandon=false
2026-09-05 21:16:00.326 [SpringApplicationShutdownHook] INFO  c.a.nacos.common.remote.client.grpc.GrpcClient - Shutdown grpc executor java.util.concurrent.ThreadPoolExecutor@1c92dfa2[Running, pool size = 4, active threads = 0, queued tasks = 0, completed tasks = 97]
2026-09-05 21:16:00.326 [SpringApplicationShutdownHook] INFO  com.alibaba.nacos.client.naming - Shutdown grpc redo service executor java.util.concurrent.ScheduledThreadPoolExecutor@7953486b[Running, pool size = 1, active threads = 0, queued tasks = 1, completed tasks = 129]
2026-09-05 21:16:00.326 [SpringApplicationShutdownHook] INFO  c.a.n.client.auth.ram.identify.CredentialWatcher - [null] CredentialWatcher is stopped
2026-09-05 21:16:00.326 [SpringApplicationShutdownHook] INFO  c.a.n.client.auth.ram.identify.CredentialService - [null] CredentialService is freed
2026-09-05 21:16:00.326 [SpringApplicationShutdownHook] INFO  com.alibaba.nacos.client.naming - com.alibaba.nacos.client.naming.remote.NamingClientProxyDelegate do shutdown stop
2026-09-05 21:16:00.440 [SpringApplicationShutdownHook] INFO  com.alibaba.druid.pool.DruidDataSource - {dataSource-1} closing ...
2026-09-05 21:16:00.445 [SpringApplicationShutdownHook] INFO  com.alibaba.druid.pool.DruidDataSource - {dataSource-1} closed
2026-09-05 21:16:05.465 [main] WARN  com.alibaba.nacos.client.logging.NacosLogging - Load Logback Configuration of Nacos fail, message: Could not initialize Logback Nacos logging from classpath:nacos-logback.xml
2026-09-05 21:16:05.514 [main] WARN  com.alibaba.nacos.client.logging.NacosLogging - Load Logback Configuration of Nacos fail, message: Could not initialize Logback Nacos logging from classpath:nacos-logback.xml
2026-09-05 21:16:05.711 [main] WARN  com.alibaba.nacos.client.logging.NacosLogging - Load Logback Configuration of Nacos fail, message: Could not initialize Logback Nacos logging from classpath:nacos-logback.xml
2026-09-05 21:16:05.713 [main] INFO  com.alibaba.nacos.client.utils.ParamUtil - [settings] [req-serv] nacos-server port:8848
2026-09-05 21:16:05.713 [main] INFO  com.alibaba.nacos.client.utils.ParamUtil - [settings] [http-client] connect timeout:1000
2026-09-05 21:16:05.714 [main] INFO  com.alibaba.nacos.client.utils.ParamUtil - PER_TASK_CONFIG_SIZE: 3000.0
2026-09-05 21:16:05.739 [main] INFO  c.a.n.p.auth.spi.client.ClientAuthPluginManager - [ClientAuthPluginManager] Load ClientAuthService com.alibaba.nacos.client.auth.impl.NacosClientAuthServiceImpl success.
2026-09-05 21:16:05.740 [main] INFO  c.a.n.p.auth.spi.client.ClientAuthPluginManager - [ClientAuthPluginManager] Load ClientAuthService com.alibaba.nacos.client.auth.ram.RamClientAuthServiceImpl success.
2026-09-05 21:16:05.743 [main] INFO  c.a.n.client.auth.ram.identify.CredentialWatcher - null No credential found
2026-09-05 21:16:06.370 [main] WARN  com.alibaba.nacos.client.logging.NacosLogging - Load Logback Configuration of Nacos fail, message: Could not initialize Logback Nacos logging from classpath:nacos-logback.xml
2026-09-05 21:16:06.381 [main] INFO  c.a.n.client.config.impl.LocalConfigInfoProcessor - LOCAL_SNAPSHOT_PATH:C:\Users\Administrator\nacos\config
2026-09-05 21:16:06.384 [main] INFO  com.alibaba.nacos.common.remote.client - [RpcClientFactory] create a new rpc client of 321e4b08-80c1-48bd-a74d-b76f9a066f11_config-0
2026-09-05 21:16:06.398 [main] INFO  com.alibaba.nacos.common.remote.client - [321e4b08-80c1-48bd-a74d-b76f9a066f11_config-0] Register server push request handler:com.alibaba.nacos.client.config.impl.ClientWorker$ConfigRpcTransportClient$$Lambda$585/0x000001621f390d28
2026-09-05 21:16:06.398 [main] INFO  com.alibaba.nacos.common.remote.client - [321e4b08-80c1-48bd-a74d-b76f9a066f11_config-0] Register server push request handler:com.alibaba.nacos.client.config.impl.ClientWorker$ConfigRpcTransportClient$$Lambda$586/0x000001621f391148
2026-09-05 21:16:06.399 [main] INFO  com.alibaba.nacos.common.remote.client - [321e4b08-80c1-48bd-a74d-b76f9a066f11_config-0] Registry connection listener to current client:com.alibaba.nacos.client.config.impl.ClientWorker$ConfigRpcTransportClient$1
2026-09-05 21:16:06.399 [main] INFO  com.alibaba.nacos.common.remote.client - [321e4b08-80c1-48bd-a74d-b76f9a066f11_config-0] RpcClient init, ServerListFactory = com.alibaba.nacos.client.config.impl.ClientWorker$ConfigRpcTransportClient$2
2026-09-05 21:16:06.404 [main] INFO  com.alibaba.nacos.common.remote.client - [321e4b08-80c1-48bd-a74d-b76f9a066f11_config-0] Try to connect to server on start up, server: {serverIp = '127.0.0.1', server main port = 8848}
2026-09-05 21:16:06.447 [main] INFO  c.a.nacos.common.remote.client.grpc.GrpcClient - grpc client connection server:127.0.0.1 ip,serverPort:9848,grpcTslConfig:{"sslProvider":"OPENSSL","enableTls":false,"mutualAuthEnable":false,"trustAll":false}
2026-09-05 21:16:07.508 [main] INFO  com.alibaba.nacos.common.remote.client - [321e4b08-80c1-48bd-a74d-b76f9a066f11_config-0] Success to connect to server [127.0.0.1:8848] on start up, connectionId = 1788614167326_172.17.0.1_46528
2026-09-05 21:16:07.509 [com.alibaba.nacos.client.remote.worker] INFO  com.alibaba.nacos.common.remote.client - [321e4b08-80c1-48bd-a74d-b76f9a066f11_config-0] Notify connected event to listeners.
2026-09-05 21:16:07.509 [com.alibaba.nacos.client.remote.worker] INFO  com.alibaba.nacos.client.config.impl.ClientWorker - [321e4b08-80c1-48bd-a74d-b76f9a066f11_config-0] Connected,notify listen context...
2026-09-05 21:16:07.509 [main] INFO  com.alibaba.nacos.common.remote.client - [321e4b08-80c1-48bd-a74d-b76f9a066f11_config-0] Register server push request handler:com.alibaba.nacos.common.remote.client.RpcClient$ConnectResetRequestHandler
2026-09-05 21:16:07.509 [main] INFO  com.alibaba.nacos.common.remote.client - [321e4b08-80c1-48bd-a74d-b76f9a066f11_config-0] Register server push request handler:com.alibaba.nacos.common.remote.client.RpcClient$$Lambda$606/0x000001621f4d8d88
2026-09-05 21:16:07.553 [main] INFO  com.alibaba.nacos.client.config.impl.Limiter - limitTime:5.0
2026-09-05 21:16:07.577 [main] INFO  com.alibaba.nacos.client.config.utils.JvmUtil - isMultiInstance:false
2026-09-05 21:16:07.590 [main] WARN  c.a.cloud.nacos.client.NacosPropertySourceBuilder - Ignore the empty nacos configuration and get it based on dataId[xiaohongshu-auth.yaml] & group[DEFAULT_GROUP]
2026-09-05 21:16:07.606 [main] INFO  o.s.c.b.c.PropertySourceBootstrapConfiguration - Located property source: [BootstrapPropertySource {name='bootstrapProperties-xiaohongshu-auth-dev.yaml,DEFAULT_GROUP'}, BootstrapPropertySource {name='bootstrapProperties-xiaohongshu-auth.yaml,DEFAULT_GROUP'}, BootstrapPropertySource {name='bootstrapProperties-xiaohongshu-auth,DEFAULT_GROUP'}]
2026-09-05 21:16:07.627 [main] WARN  com.alibaba.nacos.client.logging.NacosLogging - Load Logback Configuration of Nacos fail, message: Could not initialize Logback Nacos logging from classpath:nacos-logback.xml
2026-09-05 21:16:07.628 [main] INFO  c.g.xiaohongshu.auth.XiaohongshuAuthApplication - The following 1 profile is active: "dev"
2026-09-05 21:16:08.214 [main] INFO  o.s.d.r.config.RepositoryConfigurationDelegate - Multiple Spring Data modules found, entering strict repository configuration mode
2026-09-05 21:16:08.217 [main] INFO  o.s.d.r.config.RepositoryConfigurationDelegate - Bootstrapping Spring Data Redis repositories in DEFAULT mode.
2026-09-05 21:16:08.243 [main] INFO  o.s.d.r.config.RepositoryConfigurationDelegate - Finished Spring Data repository scanning in 11 ms. Found 0 Redis repository interfaces.
2026-09-05 21:16:08.385 [main] INFO  o.springframework.cloud.context.scope.GenericScope - BeanFactory id=e975a4a9-1ce7-3108-84ca-3ebf7bd491e7
2026-09-05 21:16:08.887 [main] INFO  o.s.boot.web.embedded.tomcat.TomcatWebServer - Tomcat initialized with port(s): 8080 (http)
2026-09-05 21:16:08.898 [main] INFO  org.apache.catalina.core.StandardService - Starting service [Tomcat]
2026-09-05 21:16:08.899 [main] INFO  org.apache.catalina.core.StandardEngine - Starting Servlet engine: [Apache Tomcat/10.1.5]
2026-09-05 21:16:08.965 [main] INFO  o.a.c.core.ContainerBase.[Tomcat].[localhost].[/] - Initializing Spring embedded WebApplicationContext
2026-09-05 21:16:08.965 [main] INFO  o.s.b.w.s.c.ServletWebServerApplicationContext - Root WebApplicationContext: initialization completed in 1322 ms
2026-09-05 21:16:09.056 [main] INFO  c.a.d.s.b.a.DruidDataSourceAutoConfigure - Init DruidDataSource
2026-09-05 21:16:09.388 [main] INFO  com.alibaba.druid.pool.DruidDataSource - {dataSource-1} inited
2026-09-05 21:16:11.514 [main] INFO  o.s.boot.web.embedded.tomcat.TomcatWebServer - Tomcat started on port(s): 8080 (http) with context path ''
2026-09-05 21:16:11.518 [main] INFO  com.alibaba.nacos.client.naming - initializer namespace from ans.namespace attribute : null
2026-09-05 21:16:11.518 [main] INFO  com.alibaba.nacos.client.naming - initializer namespace from ALIBABA_ALIWARE_NAMESPACE attribute :null
2026-09-05 21:16:11.519 [main] INFO  com.alibaba.nacos.client.naming - initializer namespace from namespace attribute :null
2026-09-05 21:16:11.526 [main] INFO  c.a.n.p.auth.spi.client.ClientAuthPluginManager - [ClientAuthPluginManager] Load ClientAuthService com.alibaba.nacos.client.auth.impl.NacosClientAuthServiceImpl success.
2026-09-05 21:16:11.526 [main] INFO  c.a.n.p.auth.spi.client.ClientAuthPluginManager - [ClientAuthPluginManager] Load ClientAuthService com.alibaba.nacos.client.auth.ram.RamClientAuthServiceImpl success.
2026-09-05 21:16:11.530 [main] INFO  com.alibaba.nacos.common.remote.client - [RpcClientFactory] create a new rpc client of 126030ae-0271-4bf3-ac09-e4de4c8f8f06
2026-09-05 21:16:11.531 [main] INFO  com.alibaba.nacos.common.remote.client - [126030ae-0271-4bf3-ac09-e4de4c8f8f06] RpcClient init, ServerListFactory = com.alibaba.nacos.client.naming.core.ServerListManager
2026-09-05 21:16:11.531 [main] INFO  com.alibaba.nacos.common.remote.client - [126030ae-0271-4bf3-ac09-e4de4c8f8f06] Registry connection listener to current client:com.alibaba.nacos.client.naming.remote.gprc.redo.NamingGrpcRedoService
2026-09-05 21:16:11.531 [main] INFO  com.alibaba.nacos.common.remote.client - [126030ae-0271-4bf3-ac09-e4de4c8f8f06] Register server push request handler:com.alibaba.nacos.client.naming.remote.gprc.NamingPushRequestHandler
2026-09-05 21:16:11.531 [main] INFO  com.alibaba.nacos.common.remote.client - [126030ae-0271-4bf3-ac09-e4de4c8f8f06] Try to connect to server on start up, server: {serverIp = '127.0.0.1', server main port = 8848}
2026-09-05 21:16:11.533 [main] INFO  c.a.nacos.common.remote.client.grpc.GrpcClient - grpc client connection server:127.0.0.1 ip,serverPort:9848,grpcTslConfig:{"sslProvider":"OPENSSL","enableTls":false,"mutualAuthEnable":false,"trustAll":false}
2026-09-05 21:16:11.654 [main] INFO  com.alibaba.nacos.common.remote.client - [126030ae-0271-4bf3-ac09-e4de4c8f8f06] Success to connect to server [127.0.0.1:8848] on start up, connectionId = 1788614171538_172.17.0.1_46530
2026-09-05 21:16:11.654 [main] INFO  com.alibaba.nacos.common.remote.client - [126030ae-0271-4bf3-ac09-e4de4c8f8f06] Register server push request handler:com.alibaba.nacos.common.remote.client.RpcClient$ConnectResetRequestHandler
2026-09-05 21:16:11.654 [main] INFO  com.alibaba.nacos.common.remote.client - [126030ae-0271-4bf3-ac09-e4de4c8f8f06] Register server push request handler:com.alibaba.nacos.common.remote.client.RpcClient$$Lambda$606/0x000001621f4d8d88
2026-09-05 21:16:11.654 [com.alibaba.nacos.client.remote.worker] INFO  com.alibaba.nacos.common.remote.client - [126030ae-0271-4bf3-ac09-e4de4c8f8f06] Notify connected event to listeners.
2026-09-05 21:16:11.654 [com.alibaba.nacos.client.remote.worker] INFO  com.alibaba.nacos.client.naming - Grpc connection connect
2026-09-05 21:16:11.655 [main] INFO  com.alibaba.nacos.client.naming - [REGISTER-SERVICE] xiaohongshu registering service xiaohongshu-auth with instance Instance{instanceId='null', ip='192.168.0.103', port=8080, weight=1.0, healthy=true, enabled=true, ephemeral=true, clusterName='DEFAULT', serviceName='null', metadata={IPv6=null, preserved.register.source=SPRING_CLOUD}}
2026-09-05 21:16:11.665 [main] INFO  c.a.cloud.nacos.registry.NacosServiceRegistry - nacos registry, DEFAULT_GROUP xiaohongshu-auth 192.168.0.103:8080 register finished
2026-09-05 21:16:12.046 [main] INFO  c.g.xiaohongshu.auth.XiaohongshuAuthApplication - Started XiaohongshuAuthApplication in 7.677 seconds (process running for 8.363)
2026-09-05 21:16:12.047 [main] INFO  c.g.x.auth.runner.PushRolePermissions2RedisRunner - ==> 服务启动，开始同步角色权限数据到 Redis 中...
2026-09-05 21:16:12.505 [main] WARN  c.g.x.auth.runner.PushRolePermissions2RedisRunner - ==> 角色权限数据已经同步至 Redis 中，不再同步...
2026-09-05 21:16:12.509 [main] INFO  com.alibaba.nacos.client.config.impl.CacheData - nacos.cache.data.init.snapshot = true 
2026-09-05 21:16:12.509 [main] INFO  com.alibaba.nacos.client.config.impl.ClientWorker - [fixed-xiaohongshu-127.0.0.1_8848] [subscribe] xiaohongshu-auth.yaml+DEFAULT_GROUP+xiaohongshu
2026-09-05 21:16:12.519 [main] INFO  com.alibaba.nacos.client.config.impl.CacheData - [fixed-xiaohongshu-127.0.0.1_8848] [add-listener] ok, tenant=xiaohongshu, dataId=xiaohongshu-auth.yaml, group=DEFAULT_GROUP, cnt=1
2026-09-05 21:16:12.519 [main] INFO  c.a.cloud.nacos.refresh.NacosContextRefresher - [Nacos Config] Listening config: dataId=xiaohongshu-auth.yaml, group=DEFAULT_GROUP
2026-09-05 21:16:12.521 [main] INFO  com.alibaba.nacos.client.config.impl.ClientWorker - [fixed-xiaohongshu-127.0.0.1_8848] [subscribe] xiaohongshu-auth-dev.yaml+DEFAULT_GROUP+xiaohongshu
2026-09-05 21:16:12.521 [main] INFO  com.alibaba.nacos.client.config.impl.CacheData - [fixed-xiaohongshu-127.0.0.1_8848] [add-listener] ok, tenant=xiaohongshu, dataId=xiaohongshu-auth-dev.yaml, group=DEFAULT_GROUP, cnt=1
2026-09-05 21:16:12.521 [main] INFO  c.a.cloud.nacos.refresh.NacosContextRefresher - [Nacos Config] Listening config: dataId=xiaohongshu-auth-dev.yaml, group=DEFAULT_GROUP
2026-09-05 21:16:12.524 [main] INFO  com.alibaba.nacos.client.config.impl.ClientWorker - [fixed-xiaohongshu-127.0.0.1_8848] [subscribe] xiaohongshu-auth+DEFAULT_GROUP+xiaohongshu
2026-09-05 21:16:12.524 [main] INFO  com.alibaba.nacos.client.config.impl.CacheData - [fixed-xiaohongshu-127.0.0.1_8848] [add-listener] ok, tenant=xiaohongshu, dataId=xiaohongshu-auth, group=DEFAULT_GROUP, cnt=1
2026-09-05 21:16:12.524 [main] INFO  c.a.cloud.nacos.refresh.NacosContextRefresher - [Nacos Config] Listening config: dataId=xiaohongshu-auth, group=DEFAULT_GROUP
2026-09-05 21:16:22.918 [http-nio-8080-exec-1] INFO  o.a.c.core.ContainerBase.[Tomcat].[localhost].[/] - Initializing Spring DispatcherServlet 'dispatcherServlet'
2026-09-05 21:16:22.918 [http-nio-8080-exec-1] INFO  org.springframework.web.servlet.DispatcherServlet - Initializing Servlet 'dispatcherServlet'
2026-09-05 21:16:22.919 [http-nio-8080-exec-1] INFO  org.springframework.web.servlet.DispatcherServlet - Completed initialization in 1 ms
2026-09-05 21:16:22.964 [http-nio-8080-exec-1] INFO  c.g.f.b.operationlog.aspect.ApiOperationLogAspect - ====== 请求开始: [账号登出], 入参: "8", 请求类: UserController, 请求方法: logout =================================== 
2026-09-05 21:16:22.964 [http-nio-8080-exec-1] INFO  c.g.xiaohongshu.auth.controller.UserController - ==> 网关透传过来的用户 ID: 8
2026-09-05 21:16:23.023 [http-nio-8080-exec-1] INFO  c.g.f.b.operationlog.aspect.ApiOperationLogAspect - ====== 请求结束: [账号登出], 耗时: 59ms, 出参: {"success":true,"message":null,"errorCode":null,"data":null} =================================== 
2026-09-05 21:25:26.706 [Thread-9] WARN  com.alibaba.nacos.common.notify.NotifyCenter - [NotifyCenter] Start destroying Publisher
2026-09-05 21:25:26.706 [Thread-2] WARN  c.alibaba.nacos.common.http.HttpClientBeanHolder - [HttpClientBeanHolder] Start destroying common HttpClient
2026-09-05 21:25:26.706 [Thread-9] WARN  com.alibaba.nacos.common.notify.NotifyCenter - [NotifyCenter] Destruction of the end
2026-09-05 21:25:26.707 [Thread-2] WARN  c.alibaba.nacos.common.http.HttpClientBeanHolder - [HttpClientBeanHolder] Destruction of the end
2026-09-05 21:25:26.757 [SpringApplicationShutdownHook] INFO  c.a.cloud.nacos.registry.NacosServiceRegistry - De-registering from Nacos Server now...
2026-09-05 21:25:26.757 [SpringApplicationShutdownHook] INFO  com.alibaba.nacos.client.naming - [DEREGISTER-SERVICE] xiaohongshu deregistering service xiaohongshu-auth with instance: Instance{instanceId='null', ip='192.168.0.103', port=8080, weight=1.0, healthy=true, enabled=true, ephemeral=true, clusterName='DEFAULT', serviceName='null', metadata={}}
2026-09-05 21:25:26.762 [SpringApplicationShutdownHook] INFO  c.a.cloud.nacos.registry.NacosServiceRegistry - De-registration finished.
2026-09-05 21:25:26.762 [SpringApplicationShutdownHook] INFO  com.alibaba.nacos.client.naming - com.alibaba.nacos.client.naming.cache.ServiceInfoHolder do shutdown begin
2026-09-05 21:25:26.762 [SpringApplicationShutdownHook] INFO  com.alibaba.nacos.client.naming - com.alibaba.nacos.client.naming.backups.FailoverReactor do shutdown begin
2026-09-05 21:25:26.762 [SpringApplicationShutdownHook] INFO  com.alibaba.nacos.client.naming - com.alibaba.nacos.client.naming.backups.FailoverReactor do shutdown stop
2026-09-05 21:25:26.762 [SpringApplicationShutdownHook] INFO  com.alibaba.nacos.client.naming - com.alibaba.nacos.client.naming.cache.ServiceInfoHolder do shutdown stop
2026-09-05 21:25:26.762 [SpringApplicationShutdownHook] INFO  com.alibaba.nacos.client.naming - com.alibaba.nacos.client.naming.remote.NamingClientProxyDelegate do shutdown begin
2026-09-05 21:25:26.762 [SpringApplicationShutdownHook] INFO  com.alibaba.nacos.client.naming - com.alibaba.nacos.client.naming.core.ServiceInfoUpdateService do shutdown begin
2026-09-05 21:25:26.762 [SpringApplicationShutdownHook] INFO  com.alibaba.nacos.client.naming - com.alibaba.nacos.client.naming.core.ServiceInfoUpdateService do shutdown stop
2026-09-05 21:25:26.763 [SpringApplicationShutdownHook] INFO  com.alibaba.nacos.client.naming - com.alibaba.nacos.client.naming.core.ServerListManager do shutdown begin
2026-09-05 21:25:26.763 [SpringApplicationShutdownHook] WARN  com.alibaba.nacos.client.naming - [NamingHttpClientManager] Start destroying NacosRestTemplate
2026-09-05 21:25:26.763 [SpringApplicationShutdownHook] WARN  com.alibaba.nacos.client.naming - [NamingHttpClientManager] Destruction of the end
2026-09-05 21:25:26.763 [SpringApplicationShutdownHook] INFO  com.alibaba.nacos.client.naming - com.alibaba.nacos.client.naming.core.ServerListManager do shutdown stop
2026-09-05 21:25:26.763 [SpringApplicationShutdownHook] INFO  com.alibaba.nacos.client.naming - com.alibaba.nacos.client.naming.remote.http.NamingHttpClientProxy do shutdown begin
2026-09-05 21:25:26.763 [SpringApplicationShutdownHook] WARN  com.alibaba.nacos.client.naming - [NamingHttpClientManager] Start destroying NacosRestTemplate
2026-09-05 21:25:26.763 [SpringApplicationShutdownHook] WARN  com.alibaba.nacos.client.naming - [NamingHttpClientManager] Destruction of the end
2026-09-05 21:25:26.763 [SpringApplicationShutdownHook] INFO  com.alibaba.nacos.client.naming - com.alibaba.nacos.client.naming.remote.http.NamingHttpClientProxy do shutdown stop
2026-09-05 21:25:26.763 [SpringApplicationShutdownHook] INFO  com.alibaba.nacos.common.remote.client - Shutdown rpc client, set status to shutdown
2026-09-05 21:25:26.763 [SpringApplicationShutdownHook] INFO  com.alibaba.nacos.common.remote.client - Shutdown client event executor java.util.concurrent.ScheduledThreadPoolExecutor@489c2e59[Running, pool size = 2, active threads = 2, queued tasks = 0, completed tasks = 0]
2026-09-05 21:25:26.763 [SpringApplicationShutdownHook] INFO  com.alibaba.nacos.common.remote.client - Close current connection 1788614171538_172.17.0.1_46530
2026-09-05 21:25:26.765 [nacos-grpc-client-executor-127.0.0.1-122] INFO  c.a.nacos.common.remote.client.grpc.GrpcClient - [1788614171538_172.17.0.1_46530]Ignore complete event,isRunning:false,isAbandon=false
2026-09-05 21:25:26.766 [SpringApplicationShutdownHook] INFO  c.a.nacos.common.remote.client.grpc.GrpcClient - Shutdown grpc executor java.util.concurrent.ThreadPoolExecutor@be5569[Running, pool size = 4, active threads = 0, queued tasks = 0, completed tasks = 123]
2026-09-05 21:25:26.766 [SpringApplicationShutdownHook] INFO  com.alibaba.nacos.client.naming - Shutdown grpc redo service executor java.util.concurrent.ScheduledThreadPoolExecutor@7efcee00[Running, pool size = 1, active threads = 0, queued tasks = 1, completed tasks = 184]
2026-09-05 21:25:26.766 [SpringApplicationShutdownHook] INFO  c.a.n.client.auth.ram.identify.CredentialWatcher - [null] CredentialWatcher is stopped
2026-09-05 21:25:26.766 [SpringApplicationShutdownHook] INFO  c.a.n.client.auth.ram.identify.CredentialService - [null] CredentialService is freed
2026-09-05 21:25:26.767 [SpringApplicationShutdownHook] INFO  com.alibaba.nacos.client.naming - com.alibaba.nacos.client.naming.remote.NamingClientProxyDelegate do shutdown stop
2026-09-05 21:25:26.896 [SpringApplicationShutdownHook] INFO  com.alibaba.druid.pool.DruidDataSource - {dataSource-1} closing ...
2026-09-05 21:25:26.903 [SpringApplicationShutdownHook] INFO  com.alibaba.druid.pool.DruidDataSource - {dataSource-1} closed
2026-09-05 21:25:31.993 [main] WARN  com.alibaba.nacos.client.logging.NacosLogging - Load Logback Configuration of Nacos fail, message: Could not initialize Logback Nacos logging from classpath:nacos-logback.xml
2026-09-05 21:25:32.047 [main] WARN  com.alibaba.nacos.client.logging.NacosLogging - Load Logback Configuration of Nacos fail, message: Could not initialize Logback Nacos logging from classpath:nacos-logback.xml
2026-09-05 21:25:32.239 [main] WARN  com.alibaba.nacos.client.logging.NacosLogging - Load Logback Configuration of Nacos fail, message: Could not initialize Logback Nacos logging from classpath:nacos-logback.xml
2026-09-05 21:25:32.241 [main] INFO  com.alibaba.nacos.client.utils.ParamUtil - [settings] [req-serv] nacos-server port:8848
2026-09-05 21:25:32.241 [main] INFO  com.alibaba.nacos.client.utils.ParamUtil - [settings] [http-client] connect timeout:1000
2026-09-05 21:25:32.242 [main] INFO  com.alibaba.nacos.client.utils.ParamUtil - PER_TASK_CONFIG_SIZE: 3000.0
2026-09-05 21:25:32.262 [main] INFO  c.a.n.p.auth.spi.client.ClientAuthPluginManager - [ClientAuthPluginManager] Load ClientAuthService com.alibaba.nacos.client.auth.impl.NacosClientAuthServiceImpl success.
2026-09-05 21:25:32.262 [main] INFO  c.a.n.p.auth.spi.client.ClientAuthPluginManager - [ClientAuthPluginManager] Load ClientAuthService com.alibaba.nacos.client.auth.ram.RamClientAuthServiceImpl success.
2026-09-05 21:25:32.264 [main] INFO  c.a.n.client.auth.ram.identify.CredentialWatcher - null No credential found
2026-09-05 21:25:32.853 [main] WARN  com.alibaba.nacos.client.logging.NacosLogging - Load Logback Configuration of Nacos fail, message: Could not initialize Logback Nacos logging from classpath:nacos-logback.xml
2026-09-05 21:25:32.866 [main] INFO  c.a.n.client.config.impl.LocalConfigInfoProcessor - LOCAL_SNAPSHOT_PATH:C:\Users\Administrator\nacos\config
2026-09-05 21:25:32.869 [main] INFO  com.alibaba.nacos.common.remote.client - [RpcClientFactory] create a new rpc client of 9f572dc3-a67e-49cf-a0ec-4c9189f58f56_config-0
2026-09-05 21:25:32.886 [main] INFO  com.alibaba.nacos.common.remote.client - [9f572dc3-a67e-49cf-a0ec-4c9189f58f56_config-0] Register server push request handler:com.alibaba.nacos.client.config.impl.ClientWorker$ConfigRpcTransportClient$$Lambda$585/0x00000184c6391060
2026-09-05 21:25:32.887 [main] INFO  com.alibaba.nacos.common.remote.client - [9f572dc3-a67e-49cf-a0ec-4c9189f58f56_config-0] Register server push request handler:com.alibaba.nacos.client.config.impl.ClientWorker$ConfigRpcTransportClient$$Lambda$586/0x00000184c6391480
2026-09-05 21:25:32.887 [main] INFO  com.alibaba.nacos.common.remote.client - [9f572dc3-a67e-49cf-a0ec-4c9189f58f56_config-0] Registry connection listener to current client:com.alibaba.nacos.client.config.impl.ClientWorker$ConfigRpcTransportClient$1
2026-09-05 21:25:32.888 [main] INFO  com.alibaba.nacos.common.remote.client - [9f572dc3-a67e-49cf-a0ec-4c9189f58f56_config-0] RpcClient init, ServerListFactory = com.alibaba.nacos.client.config.impl.ClientWorker$ConfigRpcTransportClient$2
2026-09-05 21:25:32.902 [main] INFO  com.alibaba.nacos.common.remote.client - [9f572dc3-a67e-49cf-a0ec-4c9189f58f56_config-0] Try to connect to server on start up, server: {serverIp = '127.0.0.1', server main port = 8848}
2026-09-05 21:25:32.955 [main] INFO  c.a.nacos.common.remote.client.grpc.GrpcClient - grpc client connection server:127.0.0.1 ip,serverPort:9848,grpcTslConfig:{"sslProvider":"OPENSSL","enableTls":false,"mutualAuthEnable":false,"trustAll":false}
2026-09-05 21:25:34.301 [main] INFO  com.alibaba.nacos.common.remote.client - [9f572dc3-a67e-49cf-a0ec-4c9189f58f56_config-0] Success to connect to server [127.0.0.1:8848] on start up, connectionId = 1788614733952_172.17.0.1_49896
2026-09-05 21:25:34.301 [com.alibaba.nacos.client.remote.worker] INFO  com.alibaba.nacos.common.remote.client - [9f572dc3-a67e-49cf-a0ec-4c9189f58f56_config-0] Notify connected event to listeners.
2026-09-05 21:25:34.301 [com.alibaba.nacos.client.remote.worker] INFO  com.alibaba.nacos.client.config.impl.ClientWorker - [9f572dc3-a67e-49cf-a0ec-4c9189f58f56_config-0] Connected,notify listen context...
2026-09-05 21:25:34.301 [main] INFO  com.alibaba.nacos.common.remote.client - [9f572dc3-a67e-49cf-a0ec-4c9189f58f56_config-0] Register server push request handler:com.alibaba.nacos.common.remote.client.RpcClient$ConnectResetRequestHandler
2026-09-05 21:25:34.302 [main] INFO  com.alibaba.nacos.common.remote.client - [9f572dc3-a67e-49cf-a0ec-4c9189f58f56_config-0] Register server push request handler:com.alibaba.nacos.common.remote.client.RpcClient$$Lambda$606/0x00000184c64d9ad0
2026-09-05 21:25:34.339 [main] INFO  com.alibaba.nacos.client.config.impl.Limiter - limitTime:5.0
2026-09-05 21:25:34.363 [main] INFO  com.alibaba.nacos.client.config.utils.JvmUtil - isMultiInstance:false
2026-09-05 21:25:34.374 [main] WARN  c.a.cloud.nacos.client.NacosPropertySourceBuilder - Ignore the empty nacos configuration and get it based on dataId[xiaohongshu-auth.yaml] & group[DEFAULT_GROUP]
2026-09-05 21:25:34.394 [main] INFO  o.s.c.b.c.PropertySourceBootstrapConfiguration - Located property source: [BootstrapPropertySource {name='bootstrapProperties-xiaohongshu-auth-dev.yaml,DEFAULT_GROUP'}, BootstrapPropertySource {name='bootstrapProperties-xiaohongshu-auth.yaml,DEFAULT_GROUP'}, BootstrapPropertySource {name='bootstrapProperties-xiaohongshu-auth,DEFAULT_GROUP'}]
2026-09-05 21:25:34.413 [main] WARN  com.alibaba.nacos.client.logging.NacosLogging - Load Logback Configuration of Nacos fail, message: Could not initialize Logback Nacos logging from classpath:nacos-logback.xml
2026-09-05 21:25:34.414 [main] INFO  c.g.xiaohongshu.auth.XiaohongshuAuthApplication - The following 1 profile is active: "dev"
2026-09-05 21:25:35.034 [main] INFO  o.s.d.r.config.RepositoryConfigurationDelegate - Multiple Spring Data modules found, entering strict repository configuration mode
2026-09-05 21:25:35.037 [main] INFO  o.s.d.r.config.RepositoryConfigurationDelegate - Bootstrapping Spring Data Redis repositories in DEFAULT mode.
2026-09-05 21:25:35.061 [main] INFO  o.s.d.r.config.RepositoryConfigurationDelegate - Finished Spring Data repository scanning in 10 ms. Found 0 Redis repository interfaces.
2026-09-05 21:25:35.180 [main] INFO  o.springframework.cloud.context.scope.GenericScope - BeanFactory id=50b583d1-b41d-351d-bd2a-4ab02f7147bb
2026-09-05 21:25:35.679 [main] INFO  o.s.boot.web.embedded.tomcat.TomcatWebServer - Tomcat initialized with port(s): 8080 (http)
2026-09-05 21:25:35.688 [main] INFO  org.apache.catalina.core.StandardService - Starting service [Tomcat]
2026-09-05 21:25:35.689 [main] INFO  org.apache.catalina.core.StandardEngine - Starting Servlet engine: [Apache Tomcat/10.1.5]
2026-09-05 21:25:35.768 [main] INFO  o.a.c.core.ContainerBase.[Tomcat].[localhost].[/] - Initializing Spring embedded WebApplicationContext
2026-09-05 21:25:35.768 [main] INFO  o.s.b.w.s.c.ServletWebServerApplicationContext - Root WebApplicationContext: initialization completed in 1341 ms
2026-09-05 21:25:35.860 [main] INFO  c.a.d.s.b.a.DruidDataSourceAutoConfigure - Init DruidDataSource
2026-09-05 21:25:36.183 [main] INFO  com.alibaba.druid.pool.DruidDataSource - {dataSource-1} inited
2026-09-05 21:25:38.339 [main] INFO  o.s.boot.web.embedded.tomcat.TomcatWebServer - Tomcat started on port(s): 8080 (http) with context path ''
2026-09-05 21:25:38.343 [main] INFO  com.alibaba.nacos.client.naming - initializer namespace from ans.namespace attribute : null
2026-09-05 21:25:38.343 [main] INFO  com.alibaba.nacos.client.naming - initializer namespace from ALIBABA_ALIWARE_NAMESPACE attribute :null
2026-09-05 21:25:38.343 [main] INFO  com.alibaba.nacos.client.naming - initializer namespace from namespace attribute :null
2026-09-05 21:25:38.349 [main] INFO  c.a.n.p.auth.spi.client.ClientAuthPluginManager - [ClientAuthPluginManager] Load ClientAuthService com.alibaba.nacos.client.auth.impl.NacosClientAuthServiceImpl success.
2026-09-05 21:25:38.350 [main] INFO  c.a.n.p.auth.spi.client.ClientAuthPluginManager - [ClientAuthPluginManager] Load ClientAuthService com.alibaba.nacos.client.auth.ram.RamClientAuthServiceImpl success.
2026-09-05 21:25:38.353 [main] INFO  com.alibaba.nacos.common.remote.client - [RpcClientFactory] create a new rpc client of 4dd968f7-af4e-4c94-bfcf-c971d850b34f
2026-09-05 21:25:38.354 [main] INFO  com.alibaba.nacos.common.remote.client - [4dd968f7-af4e-4c94-bfcf-c971d850b34f] RpcClient init, ServerListFactory = com.alibaba.nacos.client.naming.core.ServerListManager
2026-09-05 21:25:38.354 [main] INFO  com.alibaba.nacos.common.remote.client - [4dd968f7-af4e-4c94-bfcf-c971d850b34f] Registry connection listener to current client:com.alibaba.nacos.client.naming.remote.gprc.redo.NamingGrpcRedoService
2026-09-05 21:25:38.355 [main] INFO  com.alibaba.nacos.common.remote.client - [4dd968f7-af4e-4c94-bfcf-c971d850b34f] Register server push request handler:com.alibaba.nacos.client.naming.remote.gprc.NamingPushRequestHandler
2026-09-05 21:25:38.355 [main] INFO  com.alibaba.nacos.common.remote.client - [4dd968f7-af4e-4c94-bfcf-c971d850b34f] Try to connect to server on start up, server: {serverIp = '127.0.0.1', server main port = 8848}
2026-09-05 21:25:38.355 [main] INFO  c.a.nacos.common.remote.client.grpc.GrpcClient - grpc client connection server:127.0.0.1 ip,serverPort:9848,grpcTslConfig:{"sslProvider":"OPENSSL","enableTls":false,"mutualAuthEnable":false,"trustAll":false}
2026-09-05 21:25:38.477 [main] INFO  com.alibaba.nacos.common.remote.client - [4dd968f7-af4e-4c94-bfcf-c971d850b34f] Success to connect to server [127.0.0.1:8848] on start up, connectionId = 1788614738364_172.17.0.1_43654
2026-09-05 21:25:38.477 [main] INFO  com.alibaba.nacos.common.remote.client - [4dd968f7-af4e-4c94-bfcf-c971d850b34f] Register server push request handler:com.alibaba.nacos.common.remote.client.RpcClient$ConnectResetRequestHandler
2026-09-05 21:25:38.477 [com.alibaba.nacos.client.remote.worker] INFO  com.alibaba.nacos.common.remote.client - [4dd968f7-af4e-4c94-bfcf-c971d850b34f] Notify connected event to listeners.
2026-09-05 21:25:38.477 [main] INFO  com.alibaba.nacos.common.remote.client - [4dd968f7-af4e-4c94-bfcf-c971d850b34f] Register server push request handler:com.alibaba.nacos.common.remote.client.RpcClient$$Lambda$606/0x00000184c64d9ad0
2026-09-05 21:25:38.478 [com.alibaba.nacos.client.remote.worker] INFO  com.alibaba.nacos.client.naming - Grpc connection connect
2026-09-05 21:25:38.479 [main] INFO  com.alibaba.nacos.client.naming - [REGISTER-SERVICE] xiaohongshu registering service xiaohongshu-auth with instance Instance{instanceId='null', ip='192.168.0.103', port=8080, weight=1.0, healthy=true, enabled=true, ephemeral=true, clusterName='DEFAULT', serviceName='null', metadata={IPv6=null, preserved.register.source=SPRING_CLOUD}}
2026-09-05 21:25:38.527 [main] INFO  c.a.cloud.nacos.registry.NacosServiceRegistry - nacos registry, DEFAULT_GROUP xiaohongshu-auth 192.168.0.103:8080 register finished
2026-09-05 21:25:38.962 [main] INFO  c.g.xiaohongshu.auth.XiaohongshuAuthApplication - Started XiaohongshuAuthApplication in 8.031 seconds (process running for 8.636)
2026-09-05 21:25:38.963 [main] INFO  c.g.x.auth.runner.PushRolePermissions2RedisRunner - ==> 服务启动，开始同步角色权限数据到 Redis 中...
2026-09-05 21:25:39.385 [main] WARN  c.g.x.auth.runner.PushRolePermissions2RedisRunner - ==> 角色权限数据已经同步至 Redis 中，不再同步...
2026-09-05 21:25:39.387 [main] INFO  com.alibaba.nacos.client.config.impl.CacheData - nacos.cache.data.init.snapshot = true 
2026-09-05 21:25:39.387 [main] INFO  com.alibaba.nacos.client.config.impl.ClientWorker - [fixed-xiaohongshu-127.0.0.1_8848] [subscribe] xiaohongshu-auth.yaml+DEFAULT_GROUP+xiaohongshu
2026-09-05 21:25:39.393 [main] INFO  com.alibaba.nacos.client.config.impl.CacheData - [fixed-xiaohongshu-127.0.0.1_8848] [add-listener] ok, tenant=xiaohongshu, dataId=xiaohongshu-auth.yaml, group=DEFAULT_GROUP, cnt=1
2026-09-05 21:25:39.393 [main] INFO  c.a.cloud.nacos.refresh.NacosContextRefresher - [Nacos Config] Listening config: dataId=xiaohongshu-auth.yaml, group=DEFAULT_GROUP
2026-09-05 21:25:39.394 [main] INFO  com.alibaba.nacos.client.config.impl.ClientWorker - [fixed-xiaohongshu-127.0.0.1_8848] [subscribe] xiaohongshu-auth-dev.yaml+DEFAULT_GROUP+xiaohongshu
2026-09-05 21:25:39.394 [main] INFO  com.alibaba.nacos.client.config.impl.CacheData - [fixed-xiaohongshu-127.0.0.1_8848] [add-listener] ok, tenant=xiaohongshu, dataId=xiaohongshu-auth-dev.yaml, group=DEFAULT_GROUP, cnt=1
2026-09-05 21:25:39.394 [main] INFO  c.a.cloud.nacos.refresh.NacosContextRefresher - [Nacos Config] Listening config: dataId=xiaohongshu-auth-dev.yaml, group=DEFAULT_GROUP
2026-09-05 21:25:39.395 [main] INFO  com.alibaba.nacos.client.config.impl.ClientWorker - [fixed-xiaohongshu-127.0.0.1_8848] [subscribe] xiaohongshu-auth+DEFAULT_GROUP+xiaohongshu
2026-09-05 21:25:39.395 [main] INFO  com.alibaba.nacos.client.config.impl.CacheData - [fixed-xiaohongshu-127.0.0.1_8848] [add-listener] ok, tenant=xiaohongshu, dataId=xiaohongshu-auth, group=DEFAULT_GROUP, cnt=1
2026-09-05 21:25:39.395 [main] INFO  c.a.cloud.nacos.refresh.NacosContextRefresher - [Nacos Config] Listening config: dataId=xiaohongshu-auth, group=DEFAULT_GROUP
2026-09-05 21:30:46.411 [http-nio-8080-exec-1] INFO  o.a.c.core.ContainerBase.[Tomcat].[localhost].[/] - Initializing Spring DispatcherServlet 'dispatcherServlet'
2026-09-05 21:30:46.411 [http-nio-8080-exec-1] INFO  org.springframework.web.servlet.DispatcherServlet - Initializing Servlet 'dispatcherServlet'
2026-09-05 21:30:46.413 [http-nio-8080-exec-1] INFO  org.springframework.web.servlet.DispatcherServlet - Completed initialization in 1 ms
2026-09-05 21:30:46.425 [http-nio-8080-exec-1] INFO  c.g.x.auth.filter.HeaderUserId2ContextFilter - ## HeaderUserId2ContextFilter, 用户 ID: null
2026-09-05 21:30:46.556 [http-nio-8080-exec-1] INFO  c.g.f.b.operationlog.aspect.ApiOperationLogAspect - ====== 请求开始: [发送短信验证码], 入参: {"phone":"19903236282"}, 请求类: VerificationCodeController, 请求方法: send =================================== 
2026-09-05 21:30:46.567 [http-nio-8080-exec-1] INFO  c.g.x.a.service.impl.VerificationCodeServiceImpl - ==> 手机号: 19903236282, 已生成验证码：【032954】
2026-09-05 21:30:46.570 [AuthExecutor-1] INFO  c.guoshisan.xiaohongshu.auth.sms.AliyunSmsHelper - ==> 开始短信发送, phone: 19903236282, signName: 速通互联验证码, templateCode: 100001, templateParam: {"code":"032954","min":"3"}
2026-09-05 21:30:46.575 [http-nio-8080-exec-1] INFO  c.g.f.b.operationlog.aspect.ApiOperationLogAspect - ====== 请求结束: [发送短信验证码], 耗时: 20ms, 出参: {"success":true,"message":null,"errorCode":null,"data":null} =================================== 
2026-09-05 21:30:47.762 [AuthExecutor-1] INFO  c.guoshisan.xiaohongshu.auth.sms.AliyunSmsHelper - ==> 短信发送成功, response: {"headers":{"access-control-allow-origin":"*","date":"Sat, 05 Sep 2026 13:30:47 GMT","content-length":"135","keep-alive":"timeout=25","x-acs-request-id":"01A071C3-B90E-5A28-B16B-0B2E1BC9B311","connection":"keep-alive","content-type":"application/json;charset=utf-8","etag":"1/Wu4zW8eySVyfl0TrciC8w5","access-control-expose-headers":"*","x-acs-trace-id":"f91aa21de80fa8572ca688b551c94d20"},"statusCode":200,"body":{"accessDeniedDetail":null,"code":"OK","message":"OK","model":{"bizId":"297423688615047575^0","outId":null,"requestId":"5de3ce0b-69b0-45bb-a6f9-beb9f2f0bfff","verifyCode":null},"requestId":null,"success":true}}
2026-09-05 21:31:01.011 [http-nio-8080-exec-2] INFO  c.g.x.auth.filter.HeaderUserId2ContextFilter - ## HeaderUserId2ContextFilter, 用户 ID: null
2026-09-05 21:31:01.022 [http-nio-8080-exec-2] INFO  c.g.f.b.operationlog.aspect.ApiOperationLogAspect - ====== 请求开始: [用户登录/注册], 入参: {"phone":"19903236282","code":"032954","password":null,"type":1}, 请求类: UserController, 请求方法: loginAndRegister =================================== 
2026-09-05 21:31:01.366 [http-nio-8080-exec-2] INFO  c.g.xiaohongshu.auth.service.impl.UserServiceImpl - ==> 用户是否注册, phone: 19903236282, userDTO: {"id":8,"xiaohongshuId":null,"password":null,"nickname":null,"avatar":null,"birthday":null,"backgroundImg":null,"phone":null,"sex":null,"status":null,"introduction":null,"createTime":null,"updateTime":null,"isDeleted":null}
2026-09-05 21:31:01.445 [http-nio-8080-exec-2] INFO  c.g.f.b.operationlog.aspect.ApiOperationLogAspect - ====== 请求结束: [用户登录/注册], 耗时: 424ms, 出参: {"success":true,"message":null,"errorCode":null,"data":"WBaTfWQlgkJpSEPayG9kJCYF34VnAVbMaOUCAgUofcwWawMANrgQobKPUfvtd1WdwHGa0eIRodoOkgJHPBU8oZ1utB3VncNTdSkBYyR5TQBCN2rcFfMiNv1vwJruCnji"} =================================== 
2026-09-05 21:31:09.647 [http-nio-8080-exec-3] INFO  c.g.x.auth.filter.HeaderUserId2ContextFilter - ## HeaderUserId2ContextFilter, 用户 ID: 8
2026-09-05 21:31:09.654 [http-nio-8080-exec-3] INFO  c.g.f.b.operationlog.aspect.ApiOperationLogAspect - ====== 请求开始: [账号登出], 入参: "8", 请求类: UserController, 请求方法: logout =================================== 
2026-09-05 21:31:09.654 [http-nio-8080-exec-3] INFO  c.g.xiaohongshu.auth.controller.UserController - ==> 网关透传过来的用户 ID: 8
2026-09-05 21:31:09.668 [http-nio-8080-exec-3] INFO  c.g.f.b.operationlog.aspect.ApiOperationLogAspect - ====== 请求结束: [账号登出], 耗时: 14ms, 出参: {"success":true,"message":null,"errorCode":null,"data":null} =================================== 
2026-09-05 21:36:57.975 [Thread-9] WARN  com.alibaba.nacos.common.notify.NotifyCenter - [NotifyCenter] Start destroying Publisher
2026-09-05 21:36:57.975 [Thread-9] WARN  com.alibaba.nacos.common.notify.NotifyCenter - [NotifyCenter] Destruction of the end
2026-09-05 21:36:57.976 [Thread-2] WARN  c.alibaba.nacos.common.http.HttpClientBeanHolder - [HttpClientBeanHolder] Start destroying common HttpClient
2026-09-05 21:36:57.976 [Thread-2] WARN  c.alibaba.nacos.common.http.HttpClientBeanHolder - [HttpClientBeanHolder] Destruction of the end
2026-09-05 21:36:58.018 [SpringApplicationShutdownHook] INFO  c.a.cloud.nacos.registry.NacosServiceRegistry - De-registering from Nacos Server now...
2026-09-05 21:36:58.018 [SpringApplicationShutdownHook] INFO  com.alibaba.nacos.client.naming - [DEREGISTER-SERVICE] xiaohongshu deregistering service xiaohongshu-auth with instance: Instance{instanceId='null', ip='192.168.0.103', port=8080, weight=1.0, healthy=true, enabled=true, ephemeral=true, clusterName='DEFAULT', serviceName='null', metadata={}}
2026-09-05 21:36:58.021 [SpringApplicationShutdownHook] INFO  c.a.cloud.nacos.registry.NacosServiceRegistry - De-registration finished.
2026-09-05 21:36:58.022 [SpringApplicationShutdownHook] INFO  com.alibaba.nacos.client.naming - com.alibaba.nacos.client.naming.cache.ServiceInfoHolder do shutdown begin
2026-09-05 21:36:58.022 [SpringApplicationShutdownHook] INFO  com.alibaba.nacos.client.naming - com.alibaba.nacos.client.naming.backups.FailoverReactor do shutdown begin
2026-09-05 21:36:58.023 [SpringApplicationShutdownHook] INFO  com.alibaba.nacos.client.naming - com.alibaba.nacos.client.naming.backups.FailoverReactor do shutdown stop
2026-09-05 21:36:58.023 [SpringApplicationShutdownHook] INFO  com.alibaba.nacos.client.naming - com.alibaba.nacos.client.naming.cache.ServiceInfoHolder do shutdown stop
2026-09-05 21:36:58.023 [SpringApplicationShutdownHook] INFO  com.alibaba.nacos.client.naming - com.alibaba.nacos.client.naming.remote.NamingClientProxyDelegate do shutdown begin
2026-09-05 21:36:58.023 [SpringApplicationShutdownHook] INFO  com.alibaba.nacos.client.naming - com.alibaba.nacos.client.naming.core.ServiceInfoUpdateService do shutdown begin
2026-09-05 21:36:58.023 [SpringApplicationShutdownHook] INFO  com.alibaba.nacos.client.naming - com.alibaba.nacos.client.naming.core.ServiceInfoUpdateService do shutdown stop
2026-09-05 21:36:58.023 [SpringApplicationShutdownHook] INFO  com.alibaba.nacos.client.naming - com.alibaba.nacos.client.naming.core.ServerListManager do shutdown begin
2026-09-05 21:36:58.023 [SpringApplicationShutdownHook] WARN  com.alibaba.nacos.client.naming - [NamingHttpClientManager] Start destroying NacosRestTemplate
2026-09-05 21:36:58.023 [SpringApplicationShutdownHook] WARN  com.alibaba.nacos.client.naming - [NamingHttpClientManager] Destruction of the end
2026-09-05 21:36:58.023 [SpringApplicationShutdownHook] INFO  com.alibaba.nacos.client.naming - com.alibaba.nacos.client.naming.core.ServerListManager do shutdown stop
2026-09-05 21:36:58.023 [SpringApplicationShutdownHook] INFO  com.alibaba.nacos.client.naming - com.alibaba.nacos.client.naming.remote.http.NamingHttpClientProxy do shutdown begin
2026-09-05 21:36:58.023 [SpringApplicationShutdownHook] WARN  com.alibaba.nacos.client.naming - [NamingHttpClientManager] Start destroying NacosRestTemplate
2026-09-05 21:36:58.023 [SpringApplicationShutdownHook] WARN  com.alibaba.nacos.client.naming - [NamingHttpClientManager] Destruction of the end
2026-09-05 21:36:58.023 [SpringApplicationShutdownHook] INFO  com.alibaba.nacos.client.naming - com.alibaba.nacos.client.naming.remote.http.NamingHttpClientProxy do shutdown stop
2026-09-05 21:36:58.023 [SpringApplicationShutdownHook] INFO  com.alibaba.nacos.common.remote.client - Shutdown rpc client, set status to shutdown
2026-09-05 21:36:58.023 [SpringApplicationShutdownHook] INFO  com.alibaba.nacos.common.remote.client - Shutdown client event executor java.util.concurrent.ScheduledThreadPoolExecutor@75878187[Running, pool size = 2, active threads = 2, queued tasks = 0, completed tasks = 0]
2026-09-05 21:36:58.023 [SpringApplicationShutdownHook] INFO  com.alibaba.nacos.common.remote.client - Close current connection 1788614738364_172.17.0.1_43654
2026-09-05 21:36:58.025 [com.alibaba.nacos.client.naming.grpc.redo.0] INFO  com.alibaba.nacos.client.naming - Redo instance operation REMOVE for DEFAULT_GROUP@@xiaohongshu-auth
2026-09-05 21:36:58.025 [SpringApplicationShutdownHook] INFO  c.a.nacos.common.remote.client.grpc.GrpcClient - Shutdown grpc executor java.util.concurrent.ThreadPoolExecutor@61129dc0[Running, pool size = 3, active threads = 0, queued tasks = 0, completed tasks = 145]
2026-09-05 21:36:58.025 [SpringApplicationShutdownHook] INFO  com.alibaba.nacos.client.naming - Shutdown grpc redo service executor java.util.concurrent.ScheduledThreadPoolExecutor@6aa24518[Running, pool size = 1, active threads = 0, queued tasks = 1, completed tasks = 226]
2026-09-05 21:36:58.025 [SpringApplicationShutdownHook] INFO  c.a.n.client.auth.ram.identify.CredentialWatcher - [null] CredentialWatcher is stopped
2026-09-05 21:36:58.026 [SpringApplicationShutdownHook] INFO  c.a.n.client.auth.ram.identify.CredentialService - [null] CredentialService is freed
2026-09-05 21:36:58.026 [SpringApplicationShutdownHook] INFO  com.alibaba.nacos.client.naming - com.alibaba.nacos.client.naming.remote.NamingClientProxyDelegate do shutdown stop
2026-09-05 21:36:58.153 [SpringApplicationShutdownHook] INFO  com.alibaba.druid.pool.DruidDataSource - {dataSource-1} closing ...
2026-09-05 21:36:58.158 [SpringApplicationShutdownHook] INFO  com.alibaba.druid.pool.DruidDataSource - {dataSource-1} closed
2026-09-05 21:37:03.541 [main] WARN  com.alibaba.nacos.client.logging.NacosLogging - Load Logback Configuration of Nacos fail, message: Could not initialize Logback Nacos logging from classpath:nacos-logback.xml
2026-09-05 21:37:03.597 [main] WARN  com.alibaba.nacos.client.logging.NacosLogging - Load Logback Configuration of Nacos fail, message: Could not initialize Logback Nacos logging from classpath:nacos-logback.xml
2026-09-05 21:37:03.790 [main] WARN  com.alibaba.nacos.client.logging.NacosLogging - Load Logback Configuration of Nacos fail, message: Could not initialize Logback Nacos logging from classpath:nacos-logback.xml
2026-09-05 21:37:03.791 [main] INFO  com.alibaba.nacos.client.utils.ParamUtil - [settings] [req-serv] nacos-server port:8848
2026-09-05 21:37:03.792 [main] INFO  com.alibaba.nacos.client.utils.ParamUtil - [settings] [http-client] connect timeout:1000
2026-09-05 21:37:03.792 [main] INFO  com.alibaba.nacos.client.utils.ParamUtil - PER_TASK_CONFIG_SIZE: 3000.0
2026-09-05 21:37:03.812 [main] INFO  c.a.n.p.auth.spi.client.ClientAuthPluginManager - [ClientAuthPluginManager] Load ClientAuthService com.alibaba.nacos.client.auth.impl.NacosClientAuthServiceImpl success.
2026-09-05 21:37:03.812 [main] INFO  c.a.n.p.auth.spi.client.ClientAuthPluginManager - [ClientAuthPluginManager] Load ClientAuthService com.alibaba.nacos.client.auth.ram.RamClientAuthServiceImpl success.
2026-09-05 21:37:03.814 [main] INFO  c.a.n.client.auth.ram.identify.CredentialWatcher - null No credential found
2026-09-05 21:37:04.391 [main] WARN  com.alibaba.nacos.client.logging.NacosLogging - Load Logback Configuration of Nacos fail, message: Could not initialize Logback Nacos logging from classpath:nacos-logback.xml
2026-09-05 21:37:04.401 [main] INFO  c.a.n.client.config.impl.LocalConfigInfoProcessor - LOCAL_SNAPSHOT_PATH:C:\Users\Administrator\nacos\config
2026-09-05 21:37:04.404 [main] INFO  com.alibaba.nacos.common.remote.client - [RpcClientFactory] create a new rpc client of 8b27cff0-358e-4d8b-b25a-d96a02c6995c_config-0
2026-09-05 21:37:04.418 [main] INFO  com.alibaba.nacos.common.remote.client - [8b27cff0-358e-4d8b-b25a-d96a02c6995c_config-0] Register server push request handler:com.alibaba.nacos.client.config.impl.ClientWorker$ConfigRpcTransportClient$$Lambda$585/0x000001ff81390d28
2026-09-05 21:37:04.418 [main] INFO  com.alibaba.nacos.common.remote.client - [8b27cff0-358e-4d8b-b25a-d96a02c6995c_config-0] Register server push request handler:com.alibaba.nacos.client.config.impl.ClientWorker$ConfigRpcTransportClient$$Lambda$586/0x000001ff81391148
2026-09-05 21:37:04.419 [main] INFO  com.alibaba.nacos.common.remote.client - [8b27cff0-358e-4d8b-b25a-d96a02c6995c_config-0] Registry connection listener to current client:com.alibaba.nacos.client.config.impl.ClientWorker$ConfigRpcTransportClient$1
2026-09-05 21:37:04.419 [main] INFO  com.alibaba.nacos.common.remote.client - [8b27cff0-358e-4d8b-b25a-d96a02c6995c_config-0] RpcClient init, ServerListFactory = com.alibaba.nacos.client.config.impl.ClientWorker$ConfigRpcTransportClient$2
2026-09-05 21:37:04.425 [main] INFO  com.alibaba.nacos.common.remote.client - [8b27cff0-358e-4d8b-b25a-d96a02c6995c_config-0] Try to connect to server on start up, server: {serverIp = '127.0.0.1', server main port = 8848}
2026-09-05 21:37:04.465 [main] INFO  c.a.nacos.common.remote.client.grpc.GrpcClient - grpc client connection server:127.0.0.1 ip,serverPort:9848,grpcTslConfig:{"sslProvider":"OPENSSL","enableTls":false,"mutualAuthEnable":false,"trustAll":false}
2026-09-05 21:37:05.568 [main] INFO  com.alibaba.nacos.common.remote.client - [8b27cff0-358e-4d8b-b25a-d96a02c6995c_config-0] Success to connect to server [127.0.0.1:8848] on start up, connectionId = 1788615425366_172.17.0.1_55310
2026-09-05 21:37:05.569 [com.alibaba.nacos.client.remote.worker] INFO  com.alibaba.nacos.common.remote.client - [8b27cff0-358e-4d8b-b25a-d96a02c6995c_config-0] Notify connected event to listeners.
2026-09-05 21:37:05.569 [com.alibaba.nacos.client.remote.worker] INFO  com.alibaba.nacos.client.config.impl.ClientWorker - [8b27cff0-358e-4d8b-b25a-d96a02c6995c_config-0] Connected,notify listen context...
2026-09-05 21:37:05.569 [main] INFO  com.alibaba.nacos.common.remote.client - [8b27cff0-358e-4d8b-b25a-d96a02c6995c_config-0] Register server push request handler:com.alibaba.nacos.common.remote.client.RpcClient$ConnectResetRequestHandler
2026-09-05 21:37:05.570 [main] INFO  com.alibaba.nacos.common.remote.client - [8b27cff0-358e-4d8b-b25a-d96a02c6995c_config-0] Register server push request handler:com.alibaba.nacos.common.remote.client.RpcClient$$Lambda$606/0x000001ff814d9688
2026-09-05 21:37:05.635 [main] INFO  com.alibaba.nacos.client.config.impl.Limiter - limitTime:5.0
2026-09-05 21:37:05.683 [main] INFO  com.alibaba.nacos.client.config.utils.JvmUtil - isMultiInstance:false
2026-09-05 21:37:05.705 [main] WARN  c.a.cloud.nacos.client.NacosPropertySourceBuilder - Ignore the empty nacos configuration and get it based on dataId[xiaohongshu-auth.yaml] & group[DEFAULT_GROUP]
2026-09-05 21:37:05.740 [main] INFO  o.s.c.b.c.PropertySourceBootstrapConfiguration - Located property source: [BootstrapPropertySource {name='bootstrapProperties-xiaohongshu-auth-dev.yaml,DEFAULT_GROUP'}, BootstrapPropertySource {name='bootstrapProperties-xiaohongshu-auth.yaml,DEFAULT_GROUP'}, BootstrapPropertySource {name='bootstrapProperties-xiaohongshu-auth,DEFAULT_GROUP'}]
2026-09-05 21:37:05.781 [main] WARN  com.alibaba.nacos.client.logging.NacosLogging - Load Logback Configuration of Nacos fail, message: Could not initialize Logback Nacos logging from classpath:nacos-logback.xml
2026-09-05 21:37:05.782 [main] INFO  c.g.xiaohongshu.auth.XiaohongshuAuthApplication - The following 1 profile is active: "dev"
2026-09-05 21:37:06.371 [main] INFO  o.s.d.r.config.RepositoryConfigurationDelegate - Multiple Spring Data modules found, entering strict repository configuration mode
2026-09-05 21:37:06.373 [main] INFO  o.s.d.r.config.RepositoryConfigurationDelegate - Bootstrapping Spring Data Redis repositories in DEFAULT mode.
2026-09-05 21:37:06.393 [main] INFO  o.s.d.r.config.RepositoryConfigurationDelegate - Finished Spring Data repository scanning in 9 ms. Found 0 Redis repository interfaces.
2026-09-05 21:37:06.497 [main] INFO  o.springframework.cloud.context.scope.GenericScope - BeanFactory id=50b583d1-b41d-351d-bd2a-4ab02f7147bb
2026-09-05 21:37:07.010 [main] INFO  o.s.boot.web.embedded.tomcat.TomcatWebServer - Tomcat initialized with port(s): 8080 (http)
2026-09-05 21:37:07.022 [main] INFO  org.apache.catalina.core.StandardService - Starting service [Tomcat]
2026-09-05 21:37:07.022 [main] INFO  org.apache.catalina.core.StandardEngine - Starting Servlet engine: [Apache Tomcat/10.1.5]
2026-09-05 21:37:07.148 [main] INFO  o.a.c.core.ContainerBase.[Tomcat].[localhost].[/] - Initializing Spring embedded WebApplicationContext
2026-09-05 21:37:07.148 [main] INFO  o.s.b.w.s.c.ServletWebServerApplicationContext - Root WebApplicationContext: initialization completed in 1335 ms
2026-09-05 21:37:07.344 [main] INFO  c.a.d.s.b.a.DruidDataSourceAutoConfigure - Init DruidDataSource
2026-09-05 21:37:07.833 [main] INFO  com.alibaba.druid.pool.DruidDataSource - {dataSource-1} inited
2026-09-05 21:37:11.161 [main] INFO  o.s.boot.web.embedded.tomcat.TomcatWebServer - Tomcat started on port(s): 8080 (http) with context path ''
2026-09-05 21:37:11.164 [main] INFO  com.alibaba.nacos.client.naming - initializer namespace from ans.namespace attribute : null
2026-09-05 21:37:11.165 [main] INFO  com.alibaba.nacos.client.naming - initializer namespace from ALIBABA_ALIWARE_NAMESPACE attribute :null
2026-09-05 21:37:11.165 [main] INFO  com.alibaba.nacos.client.naming - initializer namespace from namespace attribute :null
2026-09-05 21:37:11.170 [main] INFO  c.a.n.p.auth.spi.client.ClientAuthPluginManager - [ClientAuthPluginManager] Load ClientAuthService com.alibaba.nacos.client.auth.impl.NacosClientAuthServiceImpl success.
2026-09-05 21:37:11.173 [main] INFO  c.a.n.p.auth.spi.client.ClientAuthPluginManager - [ClientAuthPluginManager] Load ClientAuthService com.alibaba.nacos.client.auth.ram.RamClientAuthServiceImpl success.
2026-09-05 21:37:11.177 [main] INFO  com.alibaba.nacos.common.remote.client - [RpcClientFactory] create a new rpc client of 444f1e20-c2a2-4c98-a479-927eafa9c653
2026-09-05 21:37:11.178 [main] INFO  com.alibaba.nacos.common.remote.client - [444f1e20-c2a2-4c98-a479-927eafa9c653] RpcClient init, ServerListFactory = com.alibaba.nacos.client.naming.core.ServerListManager
2026-09-05 21:37:11.178 [main] INFO  com.alibaba.nacos.common.remote.client - [444f1e20-c2a2-4c98-a479-927eafa9c653] Registry connection listener to current client:com.alibaba.nacos.client.naming.remote.gprc.redo.NamingGrpcRedoService
2026-09-05 21:37:11.179 [main] INFO  com.alibaba.nacos.common.remote.client - [444f1e20-c2a2-4c98-a479-927eafa9c653] Register server push request handler:com.alibaba.nacos.client.naming.remote.gprc.NamingPushRequestHandler
2026-09-05 21:37:11.179 [main] INFO  com.alibaba.nacos.common.remote.client - [444f1e20-c2a2-4c98-a479-927eafa9c653] Try to connect to server on start up, server: {serverIp = '127.0.0.1', server main port = 8848}
2026-09-05 21:37:11.179 [main] INFO  c.a.nacos.common.remote.client.grpc.GrpcClient - grpc client connection server:127.0.0.1 ip,serverPort:9848,grpcTslConfig:{"sslProvider":"OPENSSL","enableTls":false,"mutualAuthEnable":false,"trustAll":false}
2026-09-05 21:37:11.299 [main] INFO  com.alibaba.nacos.common.remote.client - [444f1e20-c2a2-4c98-a479-927eafa9c653] Success to connect to server [127.0.0.1:8848] on start up, connectionId = 1788615431187_172.17.0.1_55320
2026-09-05 21:37:11.299 [com.alibaba.nacos.client.remote.worker] INFO  com.alibaba.nacos.common.remote.client - [444f1e20-c2a2-4c98-a479-927eafa9c653] Notify connected event to listeners.
2026-09-05 21:37:11.299 [com.alibaba.nacos.client.remote.worker] INFO  com.alibaba.nacos.client.naming - Grpc connection connect
2026-09-05 21:37:11.299 [main] INFO  com.alibaba.nacos.common.remote.client - [444f1e20-c2a2-4c98-a479-927eafa9c653] Register server push request handler:com.alibaba.nacos.common.remote.client.RpcClient$ConnectResetRequestHandler
2026-09-05 21:37:11.299 [main] INFO  com.alibaba.nacos.common.remote.client - [444f1e20-c2a2-4c98-a479-927eafa9c653] Register server push request handler:com.alibaba.nacos.common.remote.client.RpcClient$$Lambda$606/0x000001ff814d9688
2026-09-05 21:37:11.302 [main] INFO  com.alibaba.nacos.client.naming - [REGISTER-SERVICE] xiaohongshu registering service xiaohongshu-auth with instance Instance{instanceId='null', ip='192.168.0.103', port=8080, weight=1.0, healthy=true, enabled=true, ephemeral=true, clusterName='DEFAULT', serviceName='null', metadata={IPv6=null, preserved.register.source=SPRING_CLOUD}}
2026-09-05 21:37:11.340 [main] INFO  c.a.cloud.nacos.registry.NacosServiceRegistry - nacos registry, DEFAULT_GROUP xiaohongshu-auth 192.168.0.103:8080 register finished
2026-09-05 21:37:11.851 [main] INFO  c.g.xiaohongshu.auth.XiaohongshuAuthApplication - Started XiaohongshuAuthApplication in 9.299 seconds (process running for 9.9)
2026-09-05 21:37:11.852 [main] INFO  c.g.x.auth.runner.PushRolePermissions2RedisRunner - ==> 服务启动，开始同步角色权限数据到 Redis 中...
2026-09-05 21:37:12.306 [main] WARN  c.g.x.auth.runner.PushRolePermissions2RedisRunner - ==> 角色权限数据已经同步至 Redis 中，不再同步...
2026-09-05 21:37:12.310 [main] INFO  com.alibaba.nacos.client.config.impl.CacheData - nacos.cache.data.init.snapshot = true 
2026-09-05 21:37:12.310 [main] INFO  com.alibaba.nacos.client.config.impl.ClientWorker - [fixed-xiaohongshu-127.0.0.1_8848] [subscribe] xiaohongshu-auth.yaml+DEFAULT_GROUP+xiaohongshu
2026-09-05 21:37:12.316 [main] INFO  com.alibaba.nacos.client.config.impl.CacheData - [fixed-xiaohongshu-127.0.0.1_8848] [add-listener] ok, tenant=xiaohongshu, dataId=xiaohongshu-auth.yaml, group=DEFAULT_GROUP, cnt=1
2026-09-05 21:37:12.316 [main] INFO  c.a.cloud.nacos.refresh.NacosContextRefresher - [Nacos Config] Listening config: dataId=xiaohongshu-auth.yaml, group=DEFAULT_GROUP
2026-09-05 21:37:12.318 [main] INFO  com.alibaba.nacos.client.config.impl.ClientWorker - [fixed-xiaohongshu-127.0.0.1_8848] [subscribe] xiaohongshu-auth-dev.yaml+DEFAULT_GROUP+xiaohongshu
2026-09-05 21:37:12.318 [main] INFO  com.alibaba.nacos.client.config.impl.CacheData - [fixed-xiaohongshu-127.0.0.1_8848] [add-listener] ok, tenant=xiaohongshu, dataId=xiaohongshu-auth-dev.yaml, group=DEFAULT_GROUP, cnt=1
2026-09-05 21:37:12.318 [main] INFO  c.a.cloud.nacos.refresh.NacosContextRefresher - [Nacos Config] Listening config: dataId=xiaohongshu-auth-dev.yaml, group=DEFAULT_GROUP
2026-09-05 21:37:12.319 [main] INFO  com.alibaba.nacos.client.config.impl.ClientWorker - [fixed-xiaohongshu-127.0.0.1_8848] [subscribe] xiaohongshu-auth+DEFAULT_GROUP+xiaohongshu
2026-09-05 21:37:12.319 [main] INFO  com.alibaba.nacos.client.config.impl.CacheData - [fixed-xiaohongshu-127.0.0.1_8848] [add-listener] ok, tenant=xiaohongshu, dataId=xiaohongshu-auth, group=DEFAULT_GROUP, cnt=1
2026-09-05 21:37:12.319 [main] INFO  c.a.cloud.nacos.refresh.NacosContextRefresher - [Nacos Config] Listening config: dataId=xiaohongshu-auth, group=DEFAULT_GROUP
2026-09-05 21:37:31.477 [http-nio-8080-exec-2] INFO  o.a.c.core.ContainerBase.[Tomcat].[localhost].[/] - Initializing Spring DispatcherServlet 'dispatcherServlet'
2026-09-05 21:37:31.477 [http-nio-8080-exec-2] INFO  org.springframework.web.servlet.DispatcherServlet - Initializing Servlet 'dispatcherServlet'
2026-09-05 21:37:31.480 [http-nio-8080-exec-2] INFO  org.springframework.web.servlet.DispatcherServlet - Completed initialization in 2 ms
2026-09-05 21:37:31.489 [http-nio-8080-exec-2] INFO  c.g.x.auth.filter.HeaderUserId2ContextFilter - ## HeaderUserId2ContextFilter, 用户 ID: null
2026-09-05 21:37:31.607 [http-nio-8080-exec-2] INFO  c.g.f.b.operationlog.aspect.ApiOperationLogAspect - ====== 请求开始: [发送短信验证码], 入参: {"phone":"19903236282"}, 请求类: VerificationCodeController, 请求方法: send =================================== 
2026-09-05 21:37:31.618 [http-nio-8080-exec-2] INFO  c.g.x.a.service.impl.VerificationCodeServiceImpl - ==> 手机号: 19903236282, 已生成验证码：【874801】
2026-09-05 21:37:31.619 [AuthExecutor-1] INFO  c.guoshisan.xiaohongshu.auth.sms.AliyunSmsHelper - ==> 开始短信发送, phone: 19903236282, signName: 速通互联验证码, templateCode: 100001, templateParam: {"code":"874801","min":"3"}
2026-09-05 21:37:31.623 [http-nio-8080-exec-2] INFO  c.g.f.b.operationlog.aspect.ApiOperationLogAspect - ====== 请求结束: [发送短信验证码], 耗时: 17ms, 出参: {"success":true,"message":null,"errorCode":null,"data":null} =================================== 
2026-09-05 21:37:32.921 [AuthExecutor-1] INFO  c.guoshisan.xiaohongshu.auth.sms.AliyunSmsHelper - ==> 短信发送成功, response: {"headers":{"access-control-allow-origin":"*","date":"Sat, 05 Sep 2026 13:37:32 GMT","content-length":"135","keep-alive":"timeout=25","x-acs-request-id":"01A071C9-E796-5A5A-B415-AD88F50A9DA9","connection":"keep-alive","content-type":"application/json;charset=utf-8","etag":"1CrAQoU/4zWOm95e997cErw5","access-control-expose-headers":"*","x-acs-trace-id":"93a716ba1c015c0f2d90adc03872f861"},"statusCode":200,"body":{"accessDeniedDetail":null,"code":"OK","message":"OK","model":{"bizId":"470802188615452706^0","outId":null,"requestId":"f508dc3f-0600-48c7-ad28-b6afb7cada7a","verifyCode":null},"requestId":null,"success":true}}
2026-09-05 21:37:43.021 [http-nio-8080-exec-4] INFO  c.g.x.auth.filter.HeaderUserId2ContextFilter - ## HeaderUserId2ContextFilter, 用户 ID: null
2026-09-05 21:37:43.029 [http-nio-8080-exec-4] INFO  c.g.f.b.operationlog.aspect.ApiOperationLogAspect - ====== 请求开始: [用户登录/注册], 入参: {"phone":"19903236282","code":"874801","password":null,"type":1}, 请求类: UserController, 请求方法: loginAndRegister =================================== 
2026-09-05 21:37:43.346 [http-nio-8080-exec-4] INFO  c.g.xiaohongshu.auth.service.impl.UserServiceImpl - ==> 用户是否注册, phone: 19903236282, userDTO: {"id":8,"xiaohongshuId":null,"password":null,"nickname":null,"avatar":null,"birthday":null,"backgroundImg":null,"phone":null,"sex":null,"status":null,"introduction":null,"createTime":null,"updateTime":null,"isDeleted":null}
2026-09-05 21:37:43.429 [http-nio-8080-exec-4] INFO  c.g.f.b.operationlog.aspect.ApiOperationLogAspect - ====== 请求结束: [用户登录/注册], 耗时: 400ms, 出参: {"success":true,"message":null,"errorCode":null,"data":"C2XC3frNbJnRFjFhaVPgChB61V9qtJg123IaLYAMlAs0JvYruf1KkdQYEhuQ4UslH5UM8JMBt4kzN7vHewtY2scshr5yJH0osXQz8ZuviHKkvzHFYF7hdrDrdwb9xVkm"} =================================== 
2026-09-05 21:37:51.217 [http-nio-8080-exec-1] INFO  c.g.x.auth.filter.HeaderUserId2ContextFilter - ## HeaderUserId2ContextFilter, 用户 ID: 8
2026-09-05 21:37:51.217 [http-nio-8080-exec-1] INFO  c.g.x.auth.filter.HeaderUserId2ContextFilter - ===== 设置 userId 到 ThreadLocal 中， 用户 ID: 8
2026-09-05 21:37:51.220 [http-nio-8080-exec-1] INFO  c.g.f.b.operationlog.aspect.ApiOperationLogAspect - ====== 请求开始: [账号登出], 入参: , 请求类: UserController, 请求方法: logout =================================== 
2026-09-05 21:37:51.220 [http-nio-8080-exec-1] INFO  c.g.xiaohongshu.auth.service.impl.UserServiceImpl - ==> 用户退出登录, userId: 8
2026-09-05 21:37:51.230 [http-nio-8080-exec-1] INFO  c.g.f.b.operationlog.aspect.ApiOperationLogAspect - ====== 请求结束: [账号登出], 耗时: 11ms, 出参: {"success":true,"message":null,"errorCode":null,"data":null} =================================== 
2026-09-05 21:37:51.231 [http-nio-8080-exec-1] INFO  c.g.x.auth.filter.HeaderUserId2ContextFilter - ===== 删除 ThreadLocal， userId: 8
2026-09-05 21:57:13.115 [Thread-2] WARN  c.alibaba.nacos.common.http.HttpClientBeanHolder - [HttpClientBeanHolder] Start destroying common HttpClient
2026-09-05 21:57:13.115 [Thread-9] WARN  com.alibaba.nacos.common.notify.NotifyCenter - [NotifyCenter] Start destroying Publisher
2026-09-05 21:57:13.116 [Thread-9] WARN  com.alibaba.nacos.common.notify.NotifyCenter - [NotifyCenter] Destruction of the end
2026-09-05 21:57:13.116 [Thread-2] WARN  c.alibaba.nacos.common.http.HttpClientBeanHolder - [HttpClientBeanHolder] Destruction of the end
2026-09-05 21:57:13.157 [SpringApplicationShutdownHook] INFO  c.a.cloud.nacos.registry.NacosServiceRegistry - De-registering from Nacos Server now...
2026-09-05 21:57:13.157 [SpringApplicationShutdownHook] INFO  com.alibaba.nacos.client.naming - [DEREGISTER-SERVICE] xiaohongshu deregistering service xiaohongshu-auth with instance: Instance{instanceId='null', ip='192.168.0.103', port=8080, weight=1.0, healthy=true, enabled=true, ephemeral=true, clusterName='DEFAULT', serviceName='null', metadata={}}
2026-09-05 21:57:13.161 [SpringApplicationShutdownHook] INFO  c.a.cloud.nacos.registry.NacosServiceRegistry - De-registration finished.
2026-09-05 21:57:13.161 [SpringApplicationShutdownHook] INFO  com.alibaba.nacos.client.naming - com.alibaba.nacos.client.naming.cache.ServiceInfoHolder do shutdown begin
2026-09-05 21:57:13.161 [SpringApplicationShutdownHook] INFO  com.alibaba.nacos.client.naming - com.alibaba.nacos.client.naming.backups.FailoverReactor do shutdown begin
2026-09-05 21:57:13.161 [SpringApplicationShutdownHook] INFO  com.alibaba.nacos.client.naming - com.alibaba.nacos.client.naming.backups.FailoverReactor do shutdown stop
2026-09-05 21:57:13.161 [SpringApplicationShutdownHook] INFO  com.alibaba.nacos.client.naming - com.alibaba.nacos.client.naming.cache.ServiceInfoHolder do shutdown stop
2026-09-05 21:57:13.161 [SpringApplicationShutdownHook] INFO  com.alibaba.nacos.client.naming - com.alibaba.nacos.client.naming.remote.NamingClientProxyDelegate do shutdown begin
2026-09-05 21:57:13.161 [SpringApplicationShutdownHook] INFO  com.alibaba.nacos.client.naming - com.alibaba.nacos.client.naming.core.ServiceInfoUpdateService do shutdown begin
2026-09-05 21:57:13.162 [SpringApplicationShutdownHook] INFO  com.alibaba.nacos.client.naming - com.alibaba.nacos.client.naming.core.ServiceInfoUpdateService do shutdown stop
2026-09-05 21:57:13.162 [SpringApplicationShutdownHook] INFO  com.alibaba.nacos.client.naming - com.alibaba.nacos.client.naming.core.ServerListManager do shutdown begin
2026-09-05 21:57:13.162 [SpringApplicationShutdownHook] WARN  com.alibaba.nacos.client.naming - [NamingHttpClientManager] Start destroying NacosRestTemplate
2026-09-05 21:57:13.162 [SpringApplicationShutdownHook] WARN  com.alibaba.nacos.client.naming - [NamingHttpClientManager] Destruction of the end
2026-09-05 21:57:13.162 [SpringApplicationShutdownHook] INFO  com.alibaba.nacos.client.naming - com.alibaba.nacos.client.naming.core.ServerListManager do shutdown stop
2026-09-05 21:57:13.162 [SpringApplicationShutdownHook] INFO  com.alibaba.nacos.client.naming - com.alibaba.nacos.client.naming.remote.http.NamingHttpClientProxy do shutdown begin
2026-09-05 21:57:13.162 [SpringApplicationShutdownHook] WARN  com.alibaba.nacos.client.naming - [NamingHttpClientManager] Start destroying NacosRestTemplate
2026-09-05 21:57:13.162 [SpringApplicationShutdownHook] WARN  com.alibaba.nacos.client.naming - [NamingHttpClientManager] Destruction of the end
2026-09-05 21:57:13.162 [SpringApplicationShutdownHook] INFO  com.alibaba.nacos.client.naming - com.alibaba.nacos.client.naming.remote.http.NamingHttpClientProxy do shutdown stop
2026-09-05 21:57:13.162 [SpringApplicationShutdownHook] INFO  com.alibaba.nacos.common.remote.client - Shutdown rpc client, set status to shutdown
2026-09-05 21:57:13.162 [SpringApplicationShutdownHook] INFO  com.alibaba.nacos.common.remote.client - Shutdown client event executor java.util.concurrent.ScheduledThreadPoolExecutor@2705c0a6[Running, pool size = 2, active threads = 2, queued tasks = 0, completed tasks = 0]
2026-09-05 21:57:13.162 [SpringApplicationShutdownHook] INFO  com.alibaba.nacos.common.remote.client - Close current connection 1788615431187_172.17.0.1_55320
2026-09-05 21:57:13.164 [nacos-grpc-client-executor-127.0.0.1-252] INFO  c.a.nacos.common.remote.client.grpc.GrpcClient - [1788615431187_172.17.0.1_55320]Ignore complete event,isRunning:false,isAbandon=false
2026-09-05 21:57:13.165 [SpringApplicationShutdownHook] INFO  c.a.nacos.common.remote.client.grpc.GrpcClient - Shutdown grpc executor java.util.concurrent.ThreadPoolExecutor@7e4e0601[Running, pool size = 4, active threads = 0, queued tasks = 0, completed tasks = 253]
2026-09-05 21:57:13.165 [SpringApplicationShutdownHook] INFO  com.alibaba.nacos.client.naming - Shutdown grpc redo service executor java.util.concurrent.ScheduledThreadPoolExecutor@2e7ecdff[Running, pool size = 1, active threads = 0, queued tasks = 1, completed tasks = 399]
2026-09-05 21:57:13.165 [SpringApplicationShutdownHook] INFO  c.a.n.client.auth.ram.identify.CredentialWatcher - [null] CredentialWatcher is stopped
2026-09-05 21:57:13.165 [SpringApplicationShutdownHook] INFO  c.a.n.client.auth.ram.identify.CredentialService - [null] CredentialService is freed
2026-09-05 21:57:13.166 [SpringApplicationShutdownHook] INFO  com.alibaba.nacos.client.naming - com.alibaba.nacos.client.naming.remote.NamingClientProxyDelegate do shutdown stop
2026-09-05 21:57:13.282 [SpringApplicationShutdownHook] INFO  com.alibaba.druid.pool.DruidDataSource - {dataSource-1} closing ...
2026-09-05 21:57:13.283 [SpringApplicationShutdownHook] INFO  com.alibaba.druid.pool.DruidDataSource - {dataSource-1} closed
2026-09-05 23:28:09.762 [main] WARN  com.alibaba.nacos.client.logging.NacosLogging - Load Logback Configuration of Nacos fail, message: Could not initialize Logback Nacos logging from classpath:nacos-logback.xml
2026-09-05 23:28:09.828 [main] WARN  com.alibaba.nacos.client.logging.NacosLogging - Load Logback Configuration of Nacos fail, message: Could not initialize Logback Nacos logging from classpath:nacos-logback.xml
2026-09-05 23:28:10.047 [main] WARN  com.alibaba.nacos.client.logging.NacosLogging - Load Logback Configuration of Nacos fail, message: Could not initialize Logback Nacos logging from classpath:nacos-logback.xml
2026-09-05 23:28:10.049 [main] INFO  com.alibaba.nacos.client.utils.ParamUtil - [settings] [req-serv] nacos-server port:8848
2026-09-05 23:28:10.049 [main] INFO  com.alibaba.nacos.client.utils.ParamUtil - [settings] [http-client] connect timeout:1000
2026-09-05 23:28:10.050 [main] INFO  com.alibaba.nacos.client.utils.ParamUtil - PER_TASK_CONFIG_SIZE: 3000.0
2026-09-05 23:28:10.078 [main] INFO  c.a.n.p.auth.spi.client.ClientAuthPluginManager - [ClientAuthPluginManager] Load ClientAuthService com.alibaba.nacos.client.auth.impl.NacosClientAuthServiceImpl success.
2026-09-05 23:28:10.078 [main] INFO  c.a.n.p.auth.spi.client.ClientAuthPluginManager - [ClientAuthPluginManager] Load ClientAuthService com.alibaba.nacos.client.auth.ram.RamClientAuthServiceImpl success.
2026-09-05 23:28:10.081 [main] INFO  c.a.n.client.auth.ram.identify.CredentialWatcher - null No credential found
2026-09-05 23:28:10.808 [main] WARN  com.alibaba.nacos.client.logging.NacosLogging - Load Logback Configuration of Nacos fail, message: Could not initialize Logback Nacos logging from classpath:nacos-logback.xml
2026-09-05 23:28:10.824 [main] INFO  c.a.n.client.config.impl.LocalConfigInfoProcessor - LOCAL_SNAPSHOT_PATH:C:\Users\Administrator\nacos\config
2026-09-05 23:28:10.828 [main] INFO  com.alibaba.nacos.common.remote.client - [RpcClientFactory] create a new rpc client of f9ce1759-78dd-4884-bc75-8ec969505088_config-0
2026-09-05 23:28:10.845 [main] INFO  com.alibaba.nacos.common.remote.client - [f9ce1759-78dd-4884-bc75-8ec969505088_config-0] Register server push request handler:com.alibaba.nacos.client.config.impl.ClientWorker$ConfigRpcTransportClient$$Lambda$585/0x000001f401390d28
2026-09-05 23:28:10.846 [main] INFO  com.alibaba.nacos.common.remote.client - [f9ce1759-78dd-4884-bc75-8ec969505088_config-0] Register server push request handler:com.alibaba.nacos.client.config.impl.ClientWorker$ConfigRpcTransportClient$$Lambda$586/0x000001f401391148
2026-09-05 23:28:10.846 [main] INFO  com.alibaba.nacos.common.remote.client - [f9ce1759-78dd-4884-bc75-8ec969505088_config-0] Registry connection listener to current client:com.alibaba.nacos.client.config.impl.ClientWorker$ConfigRpcTransportClient$1
2026-09-05 23:28:10.847 [main] INFO  com.alibaba.nacos.common.remote.client - [f9ce1759-78dd-4884-bc75-8ec969505088_config-0] RpcClient init, ServerListFactory = com.alibaba.nacos.client.config.impl.ClientWorker$ConfigRpcTransportClient$2
2026-09-05 23:28:10.855 [main] INFO  com.alibaba.nacos.common.remote.client - [f9ce1759-78dd-4884-bc75-8ec969505088_config-0] Try to connect to server on start up, server: {serverIp = '127.0.0.1', server main port = 8848}
2026-09-05 23:28:10.907 [main] INFO  c.a.nacos.common.remote.client.grpc.GrpcClient - grpc client connection server:127.0.0.1 ip,serverPort:9848,grpcTslConfig:{"sslProvider":"OPENSSL","enableTls":false,"mutualAuthEnable":false,"trustAll":false}
2026-09-05 23:28:12.245 [main] INFO  com.alibaba.nacos.common.remote.client - [f9ce1759-78dd-4884-bc75-8ec969505088_config-0] Success to connect to server [127.0.0.1:8848] on start up, connectionId = 1788622092029_172.17.0.1_45366
2026-09-05 23:28:12.246 [com.alibaba.nacos.client.remote.worker] INFO  com.alibaba.nacos.common.remote.client - [f9ce1759-78dd-4884-bc75-8ec969505088_config-0] Notify connected event to listeners.
2026-09-05 23:28:12.246 [com.alibaba.nacos.client.remote.worker] INFO  com.alibaba.nacos.client.config.impl.ClientWorker - [f9ce1759-78dd-4884-bc75-8ec969505088_config-0] Connected,notify listen context...
2026-09-05 23:28:12.247 [main] INFO  com.alibaba.nacos.common.remote.client - [f9ce1759-78dd-4884-bc75-8ec969505088_config-0] Register server push request handler:com.alibaba.nacos.common.remote.client.RpcClient$ConnectResetRequestHandler
2026-09-05 23:28:12.247 [main] INFO  com.alibaba.nacos.common.remote.client - [f9ce1759-78dd-4884-bc75-8ec969505088_config-0] Register server push request handler:com.alibaba.nacos.common.remote.client.RpcClient$$Lambda$606/0x000001f4014d9448
2026-09-05 23:28:12.318 [main] INFO  com.alibaba.nacos.client.config.impl.Limiter - limitTime:5.0
2026-09-05 23:28:12.358 [main] INFO  com.alibaba.nacos.client.config.utils.JvmUtil - isMultiInstance:false
2026-09-05 23:28:12.379 [main] WARN  c.a.cloud.nacos.client.NacosPropertySourceBuilder - Ignore the empty nacos configuration and get it based on dataId[xiaohongshu-auth.yaml] & group[DEFAULT_GROUP]
2026-09-05 23:28:12.414 [main] INFO  o.s.c.b.c.PropertySourceBootstrapConfiguration - Located property source: [BootstrapPropertySource {name='bootstrapProperties-xiaohongshu-auth-dev.yaml,DEFAULT_GROUP'}, BootstrapPropertySource {name='bootstrapProperties-xiaohongshu-auth.yaml,DEFAULT_GROUP'}, BootstrapPropertySource {name='bootstrapProperties-xiaohongshu-auth,DEFAULT_GROUP'}]
2026-09-05 23:28:12.455 [main] WARN  com.alibaba.nacos.client.logging.NacosLogging - Load Logback Configuration of Nacos fail, message: Could not initialize Logback Nacos logging from classpath:nacos-logback.xml
2026-09-05 23:28:12.456 [main] INFO  c.g.xiaohongshu.auth.XiaohongshuAuthApplication - The following 1 profile is active: "dev"
2026-09-05 23:28:13.408 [main] INFO  o.s.d.r.config.RepositoryConfigurationDelegate - Multiple Spring Data modules found, entering strict repository configuration mode
2026-09-05 23:28:13.411 [main] INFO  o.s.d.r.config.RepositoryConfigurationDelegate - Bootstrapping Spring Data Redis repositories in DEFAULT mode.
2026-09-05 23:28:13.442 [main] INFO  o.s.d.r.config.RepositoryConfigurationDelegate - Finished Spring Data repository scanning in 15 ms. Found 0 Redis repository interfaces.
2026-09-05 23:28:13.625 [main] INFO  o.springframework.cloud.context.scope.GenericScope - BeanFactory id=50b583d1-b41d-351d-bd2a-4ab02f7147bb
2026-09-05 23:28:14.386 [main] INFO  o.s.boot.web.embedded.tomcat.TomcatWebServer - Tomcat initialized with port(s): 8080 (http)
2026-09-05 23:28:14.405 [main] INFO  org.apache.catalina.core.StandardService - Starting service [Tomcat]
2026-09-05 23:28:14.405 [main] INFO  org.apache.catalina.core.StandardEngine - Starting Servlet engine: [Apache Tomcat/10.1.5]
2026-09-05 23:28:14.508 [main] INFO  o.a.c.core.ContainerBase.[Tomcat].[localhost].[/] - Initializing Spring embedded WebApplicationContext
2026-09-05 23:28:14.508 [main] INFO  o.s.b.w.s.c.ServletWebServerApplicationContext - Root WebApplicationContext: initialization completed in 2021 ms
2026-09-05 23:28:14.636 [main] INFO  c.a.d.s.b.a.DruidDataSourceAutoConfigure - Init DruidDataSource
2026-09-05 23:28:15.042 [main] INFO  com.alibaba.druid.pool.DruidDataSource - {dataSource-1} inited
2026-09-05 23:28:17.845 [main] INFO  o.s.boot.web.embedded.tomcat.TomcatWebServer - Tomcat started on port(s): 8080 (http) with context path ''
2026-09-05 23:28:17.851 [main] INFO  com.alibaba.nacos.client.naming - initializer namespace from ans.namespace attribute : null
2026-09-05 23:28:17.852 [main] INFO  com.alibaba.nacos.client.naming - initializer namespace from ALIBABA_ALIWARE_NAMESPACE attribute :null
2026-09-05 23:28:17.852 [main] INFO  com.alibaba.nacos.client.naming - initializer namespace from namespace attribute :null
2026-09-05 23:28:17.862 [main] INFO  c.a.n.p.auth.spi.client.ClientAuthPluginManager - [ClientAuthPluginManager] Load ClientAuthService com.alibaba.nacos.client.auth.impl.NacosClientAuthServiceImpl success.
2026-09-05 23:28:17.863 [main] INFO  c.a.n.p.auth.spi.client.ClientAuthPluginManager - [ClientAuthPluginManager] Load ClientAuthService com.alibaba.nacos.client.auth.ram.RamClientAuthServiceImpl success.
2026-09-05 23:28:17.868 [main] INFO  com.alibaba.nacos.common.remote.client - [RpcClientFactory] create a new rpc client of fa029e21-8b6f-4d6d-9255-21eb3d839808
2026-09-05 23:28:17.870 [main] INFO  com.alibaba.nacos.common.remote.client - [fa029e21-8b6f-4d6d-9255-21eb3d839808] RpcClient init, ServerListFactory = com.alibaba.nacos.client.naming.core.ServerListManager
2026-09-05 23:28:17.870 [main] INFO  com.alibaba.nacos.common.remote.client - [fa029e21-8b6f-4d6d-9255-21eb3d839808] Registry connection listener to current client:com.alibaba.nacos.client.naming.remote.gprc.redo.NamingGrpcRedoService
2026-09-05 23:28:17.870 [main] INFO  com.alibaba.nacos.common.remote.client - [fa029e21-8b6f-4d6d-9255-21eb3d839808] Register server push request handler:com.alibaba.nacos.client.naming.remote.gprc.NamingPushRequestHandler
2026-09-05 23:28:17.871 [main] INFO  com.alibaba.nacos.common.remote.client - [fa029e21-8b6f-4d6d-9255-21eb3d839808] Try to connect to server on start up, server: {serverIp = '127.0.0.1', server main port = 8848}
2026-09-05 23:28:17.871 [main] INFO  c.a.nacos.common.remote.client.grpc.GrpcClient - grpc client connection server:127.0.0.1 ip,serverPort:9848,grpcTslConfig:{"sslProvider":"OPENSSL","enableTls":false,"mutualAuthEnable":false,"trustAll":false}
2026-09-05 23:28:18.209 [main] INFO  com.alibaba.nacos.common.remote.client - [fa029e21-8b6f-4d6d-9255-21eb3d839808] Success to connect to server [127.0.0.1:8848] on start up, connectionId = 1788622098096_172.17.0.1_40732
2026-09-05 23:28:18.210 [main] INFO  com.alibaba.nacos.common.remote.client - [fa029e21-8b6f-4d6d-9255-21eb3d839808] Register server push request handler:com.alibaba.nacos.common.remote.client.RpcClient$ConnectResetRequestHandler
2026-09-05 23:28:18.210 [com.alibaba.nacos.client.remote.worker] INFO  com.alibaba.nacos.common.remote.client - [fa029e21-8b6f-4d6d-9255-21eb3d839808] Notify connected event to listeners.
2026-09-05 23:28:18.210 [com.alibaba.nacos.client.remote.worker] INFO  com.alibaba.nacos.client.naming - Grpc connection connect
2026-09-05 23:28:18.210 [main] INFO  com.alibaba.nacos.common.remote.client - [fa029e21-8b6f-4d6d-9255-21eb3d839808] Register server push request handler:com.alibaba.nacos.common.remote.client.RpcClient$$Lambda$606/0x000001f4014d9448
2026-09-05 23:28:18.212 [main] INFO  com.alibaba.nacos.client.naming - [REGISTER-SERVICE] xiaohongshu registering service xiaohongshu-auth with instance Instance{instanceId='null', ip='192.168.0.103', port=8080, weight=1.0, healthy=true, enabled=true, ephemeral=true, clusterName='DEFAULT', serviceName='null', metadata={IPv6=null, preserved.register.source=SPRING_CLOUD}}
2026-09-05 23:28:18.228 [main] INFO  c.a.cloud.nacos.registry.NacosServiceRegistry - nacos registry, DEFAULT_GROUP xiaohongshu-auth 192.168.0.103:8080 register finished
2026-09-05 23:28:18.632 [main] INFO  c.g.xiaohongshu.auth.XiaohongshuAuthApplication - Started XiaohongshuAuthApplication in 10.267 seconds (process running for 11.069)
2026-09-05 23:28:18.633 [main] INFO  c.g.x.auth.runner.PushRolePermissions2RedisRunner - ==> 服务启动，开始同步角色权限数据到 Redis 中...
2026-09-05 23:28:19.196 [main] WARN  c.g.x.auth.runner.PushRolePermissions2RedisRunner - ==> 角色权限数据已经同步至 Redis 中，不再同步...
2026-09-05 23:28:19.200 [main] INFO  com.alibaba.nacos.client.config.impl.CacheData - nacos.cache.data.init.snapshot = true 
2026-09-05 23:28:19.200 [main] INFO  com.alibaba.nacos.client.config.impl.ClientWorker - [fixed-xiaohongshu-127.0.0.1_8848] [subscribe] xiaohongshu-auth.yaml+DEFAULT_GROUP+xiaohongshu
2026-09-05 23:28:19.209 [main] INFO  com.alibaba.nacos.client.config.impl.CacheData - [fixed-xiaohongshu-127.0.0.1_8848] [add-listener] ok, tenant=xiaohongshu, dataId=xiaohongshu-auth.yaml, group=DEFAULT_GROUP, cnt=1
2026-09-05 23:28:19.209 [main] INFO  c.a.cloud.nacos.refresh.NacosContextRefresher - [Nacos Config] Listening config: dataId=xiaohongshu-auth.yaml, group=DEFAULT_GROUP
2026-09-05 23:28:19.210 [main] INFO  com.alibaba.nacos.client.config.impl.ClientWorker - [fixed-xiaohongshu-127.0.0.1_8848] [subscribe] xiaohongshu-auth-dev.yaml+DEFAULT_GROUP+xiaohongshu
2026-09-05 23:28:19.210 [main] INFO  com.alibaba.nacos.client.config.impl.CacheData - [fixed-xiaohongshu-127.0.0.1_8848] [add-listener] ok, tenant=xiaohongshu, dataId=xiaohongshu-auth-dev.yaml, group=DEFAULT_GROUP, cnt=1
2026-09-05 23:28:19.211 [main] INFO  c.a.cloud.nacos.refresh.NacosContextRefresher - [Nacos Config] Listening config: dataId=xiaohongshu-auth-dev.yaml, group=DEFAULT_GROUP
2026-09-05 23:28:19.212 [main] INFO  com.alibaba.nacos.client.config.impl.ClientWorker - [fixed-xiaohongshu-127.0.0.1_8848] [subscribe] xiaohongshu-auth+DEFAULT_GROUP+xiaohongshu
2026-09-05 23:28:19.212 [main] INFO  com.alibaba.nacos.client.config.impl.CacheData - [fixed-xiaohongshu-127.0.0.1_8848] [add-listener] ok, tenant=xiaohongshu, dataId=xiaohongshu-auth, group=DEFAULT_GROUP, cnt=1
2026-09-05 23:28:19.212 [main] INFO  c.a.cloud.nacos.refresh.NacosContextRefresher - [Nacos Config] Listening config: dataId=xiaohongshu-auth, group=DEFAULT_GROUP
2026-09-05 23:32:31.680 [Thread-9] WARN  com.alibaba.nacos.common.notify.NotifyCenter - [NotifyCenter] Start destroying Publisher
2026-09-05 23:32:31.680 [Thread-9] WARN  com.alibaba.nacos.common.notify.NotifyCenter - [NotifyCenter] Destruction of the end
2026-09-05 23:32:31.681 [Thread-2] WARN  c.alibaba.nacos.common.http.HttpClientBeanHolder - [HttpClientBeanHolder] Start destroying common HttpClient
2026-09-05 23:32:31.682 [Thread-2] WARN  c.alibaba.nacos.common.http.HttpClientBeanHolder - [HttpClientBeanHolder] Destruction of the end
2026-09-05 23:32:31.729 [SpringApplicationShutdownHook] INFO  c.a.cloud.nacos.registry.NacosServiceRegistry - De-registering from Nacos Server now...
2026-09-05 23:32:31.729 [SpringApplicationShutdownHook] INFO  com.alibaba.nacos.client.naming - [DEREGISTER-SERVICE] xiaohongshu deregistering service xiaohongshu-auth with instance: Instance{instanceId='null', ip='192.168.0.103', port=8080, weight=1.0, healthy=true, enabled=true, ephemeral=true, clusterName='DEFAULT', serviceName='null', metadata={}}
2026-09-05 23:32:31.734 [SpringApplicationShutdownHook] INFO  c.a.cloud.nacos.registry.NacosServiceRegistry - De-registration finished.
2026-09-05 23:32:31.735 [SpringApplicationShutdownHook] INFO  com.alibaba.nacos.client.naming - com.alibaba.nacos.client.naming.cache.ServiceInfoHolder do shutdown begin
2026-09-05 23:32:31.735 [SpringApplicationShutdownHook] INFO  com.alibaba.nacos.client.naming - com.alibaba.nacos.client.naming.backups.FailoverReactor do shutdown begin
2026-09-05 23:32:31.735 [SpringApplicationShutdownHook] INFO  com.alibaba.nacos.client.naming - com.alibaba.nacos.client.naming.backups.FailoverReactor do shutdown stop
2026-09-05 23:32:31.735 [SpringApplicationShutdownHook] INFO  com.alibaba.nacos.client.naming - com.alibaba.nacos.client.naming.cache.ServiceInfoHolder do shutdown stop
2026-09-05 23:32:31.735 [SpringApplicationShutdownHook] INFO  com.alibaba.nacos.client.naming - com.alibaba.nacos.client.naming.remote.NamingClientProxyDelegate do shutdown begin
2026-09-05 23:32:31.735 [SpringApplicationShutdownHook] INFO  com.alibaba.nacos.client.naming - com.alibaba.nacos.client.naming.core.ServiceInfoUpdateService do shutdown begin
2026-09-05 23:32:31.735 [SpringApplicationShutdownHook] INFO  com.alibaba.nacos.client.naming - com.alibaba.nacos.client.naming.core.ServiceInfoUpdateService do shutdown stop
2026-09-05 23:32:31.735 [SpringApplicationShutdownHook] INFO  com.alibaba.nacos.client.naming - com.alibaba.nacos.client.naming.core.ServerListManager do shutdown begin
2026-09-05 23:32:31.735 [SpringApplicationShutdownHook] WARN  com.alibaba.nacos.client.naming - [NamingHttpClientManager] Start destroying NacosRestTemplate
2026-09-05 23:32:31.735 [SpringApplicationShutdownHook] WARN  com.alibaba.nacos.client.naming - [NamingHttpClientManager] Destruction of the end
2026-09-05 23:32:31.735 [SpringApplicationShutdownHook] INFO  com.alibaba.nacos.client.naming - com.alibaba.nacos.client.naming.core.ServerListManager do shutdown stop
2026-09-05 23:32:31.735 [SpringApplicationShutdownHook] INFO  com.alibaba.nacos.client.naming - com.alibaba.nacos.client.naming.remote.http.NamingHttpClientProxy do shutdown begin
2026-09-05 23:32:31.735 [SpringApplicationShutdownHook] WARN  com.alibaba.nacos.client.naming - [NamingHttpClientManager] Start destroying NacosRestTemplate
2026-09-05 23:32:31.735 [SpringApplicationShutdownHook] WARN  com.alibaba.nacos.client.naming - [NamingHttpClientManager] Destruction of the end
2026-09-05 23:32:31.735 [SpringApplicationShutdownHook] INFO  com.alibaba.nacos.client.naming - com.alibaba.nacos.client.naming.remote.http.NamingHttpClientProxy do shutdown stop
2026-09-05 23:32:31.736 [SpringApplicationShutdownHook] INFO  com.alibaba.nacos.common.remote.client - Shutdown rpc client, set status to shutdown
2026-09-05 23:32:31.736 [SpringApplicationShutdownHook] INFO  com.alibaba.nacos.common.remote.client - Shutdown client event executor java.util.concurrent.ScheduledThreadPoolExecutor@36c37976[Running, pool size = 2, active threads = 2, queued tasks = 0, completed tasks = 0]
2026-09-05 23:32:31.736 [SpringApplicationShutdownHook] INFO  com.alibaba.nacos.common.remote.client - Close current connection 1788622098096_172.17.0.1_40732
2026-09-05 23:32:31.738 [nacos-grpc-client-executor-127.0.0.1-64] WARN  c.a.nacos.common.remote.client.grpc.GrpcClient - [1788622098096_172.17.0.1_40732]Ignore error event,isRunning:false,isAbandon=false
2026-09-05 23:32:31.739 [SpringApplicationShutdownHook] INFO  c.a.nacos.common.remote.client.grpc.GrpcClient - Shutdown grpc executor java.util.concurrent.ThreadPoolExecutor@52d4cc5[Running, pool size = 4, active threads = 0, queued tasks = 0, completed tasks = 65]
2026-09-05 23:32:31.739 [SpringApplicationShutdownHook] INFO  com.alibaba.nacos.client.naming - Shutdown grpc redo service executor java.util.concurrent.ScheduledThreadPoolExecutor@4ab662b3[Running, pool size = 1, active threads = 0, queued tasks = 1, completed tasks = 84]
2026-09-05 23:32:31.740 [SpringApplicationShutdownHook] INFO  c.a.n.client.auth.ram.identify.CredentialWatcher - [null] CredentialWatcher is stopped
2026-09-05 23:32:31.740 [SpringApplicationShutdownHook] INFO  c.a.n.client.auth.ram.identify.CredentialService - [null] CredentialService is freed
2026-09-05 23:32:31.740 [SpringApplicationShutdownHook] INFO  com.alibaba.nacos.client.naming - com.alibaba.nacos.client.naming.remote.NamingClientProxyDelegate do shutdown stop
2026-09-05 23:32:31.863 [SpringApplicationShutdownHook] INFO  com.alibaba.druid.pool.DruidDataSource - {dataSource-1} closing ...
2026-09-05 23:32:31.870 [SpringApplicationShutdownHook] INFO  com.alibaba.druid.pool.DruidDataSource - {dataSource-1} closed
2026-09-05 23:34:09.618 [main] WARN  com.alibaba.nacos.client.logging.NacosLogging - Load Logback Configuration of Nacos fail, message: Could not initialize Logback Nacos logging from classpath:nacos-logback.xml
2026-09-05 23:34:09.675 [main] WARN  com.alibaba.nacos.client.logging.NacosLogging - Load Logback Configuration of Nacos fail, message: Could not initialize Logback Nacos logging from classpath:nacos-logback.xml
2026-09-05 23:34:09.868 [main] WARN  com.alibaba.nacos.client.logging.NacosLogging - Load Logback Configuration of Nacos fail, message: Could not initialize Logback Nacos logging from classpath:nacos-logback.xml
2026-09-05 23:34:09.869 [main] INFO  com.alibaba.nacos.client.utils.ParamUtil - [settings] [req-serv] nacos-server port:8848
2026-09-05 23:34:09.870 [main] INFO  com.alibaba.nacos.client.utils.ParamUtil - [settings] [http-client] connect timeout:1000
2026-09-05 23:34:09.870 [main] INFO  com.alibaba.nacos.client.utils.ParamUtil - PER_TASK_CONFIG_SIZE: 3000.0
2026-09-05 23:34:09.893 [main] INFO  c.a.n.p.auth.spi.client.ClientAuthPluginManager - [ClientAuthPluginManager] Load ClientAuthService com.alibaba.nacos.client.auth.impl.NacosClientAuthServiceImpl success.
2026-09-05 23:34:09.893 [main] INFO  c.a.n.p.auth.spi.client.ClientAuthPluginManager - [ClientAuthPluginManager] Load ClientAuthService com.alibaba.nacos.client.auth.ram.RamClientAuthServiceImpl success.
2026-09-05 23:34:09.895 [main] INFO  c.a.n.client.auth.ram.identify.CredentialWatcher - null No credential found
2026-09-05 23:34:10.517 [main] WARN  com.alibaba.nacos.client.logging.NacosLogging - Load Logback Configuration of Nacos fail, message: Could not initialize Logback Nacos logging from classpath:nacos-logback.xml
2026-09-05 23:34:10.530 [main] INFO  c.a.n.client.config.impl.LocalConfigInfoProcessor - LOCAL_SNAPSHOT_PATH:C:\Users\Administrator\nacos\config
2026-09-05 23:34:10.532 [main] INFO  com.alibaba.nacos.common.remote.client - [RpcClientFactory] create a new rpc client of 10fd8544-340f-4507-92ae-9bf053a73f8d_config-0
2026-09-05 23:34:10.547 [main] INFO  com.alibaba.nacos.common.remote.client - [10fd8544-340f-4507-92ae-9bf053a73f8d_config-0] Register server push request handler:com.alibaba.nacos.client.config.impl.ClientWorker$ConfigRpcTransportClient$$Lambda$585/0x00000263ae391060
2026-09-05 23:34:10.547 [main] INFO  com.alibaba.nacos.common.remote.client - [10fd8544-340f-4507-92ae-9bf053a73f8d_config-0] Register server push request handler:com.alibaba.nacos.client.config.impl.ClientWorker$ConfigRpcTransportClient$$Lambda$586/0x00000263ae391480
2026-09-05 23:34:10.547 [main] INFO  com.alibaba.nacos.common.remote.client - [10fd8544-340f-4507-92ae-9bf053a73f8d_config-0] Registry connection listener to current client:com.alibaba.nacos.client.config.impl.ClientWorker$ConfigRpcTransportClient$1
2026-09-05 23:34:10.548 [main] INFO  com.alibaba.nacos.common.remote.client - [10fd8544-340f-4507-92ae-9bf053a73f8d_config-0] RpcClient init, ServerListFactory = com.alibaba.nacos.client.config.impl.ClientWorker$ConfigRpcTransportClient$2
2026-09-05 23:34:10.553 [main] INFO  com.alibaba.nacos.common.remote.client - [10fd8544-340f-4507-92ae-9bf053a73f8d_config-0] Try to connect to server on start up, server: {serverIp = '127.0.0.1', server main port = 8848}
2026-09-05 23:34:10.586 [main] INFO  c.a.nacos.common.remote.client.grpc.GrpcClient - grpc client connection server:127.0.0.1 ip,serverPort:9848,grpcTslConfig:{"sslProvider":"OPENSSL","enableTls":false,"mutualAuthEnable":false,"trustAll":false}
2026-09-05 23:34:11.611 [main] INFO  com.alibaba.nacos.common.remote.client - [10fd8544-340f-4507-92ae-9bf053a73f8d_config-0] Success to connect to server [127.0.0.1:8848] on start up, connectionId = 1788622451425_172.17.0.1_39684
2026-09-05 23:34:11.612 [com.alibaba.nacos.client.remote.worker] INFO  com.alibaba.nacos.common.remote.client - [10fd8544-340f-4507-92ae-9bf053a73f8d_config-0] Notify connected event to listeners.
2026-09-05 23:34:11.612 [com.alibaba.nacos.client.remote.worker] INFO  com.alibaba.nacos.client.config.impl.ClientWorker - [10fd8544-340f-4507-92ae-9bf053a73f8d_config-0] Connected,notify listen context...
2026-09-05 23:34:11.613 [main] INFO  com.alibaba.nacos.common.remote.client - [10fd8544-340f-4507-92ae-9bf053a73f8d_config-0] Register server push request handler:com.alibaba.nacos.common.remote.client.RpcClient$ConnectResetRequestHandler
2026-09-05 23:34:11.613 [main] INFO  com.alibaba.nacos.common.remote.client - [10fd8544-340f-4507-92ae-9bf053a73f8d_config-0] Register server push request handler:com.alibaba.nacos.common.remote.client.RpcClient$$Lambda$606/0x00000263ae4da2d8
2026-09-05 23:34:11.675 [main] INFO  com.alibaba.nacos.client.config.impl.Limiter - limitTime:5.0
2026-09-05 23:34:11.717 [main] INFO  com.alibaba.nacos.client.config.utils.JvmUtil - isMultiInstance:false
2026-09-05 23:34:11.734 [main] WARN  c.a.cloud.nacos.client.NacosPropertySourceBuilder - Ignore the empty nacos configuration and get it based on dataId[xiaohongshu-auth.yaml] & group[DEFAULT_GROUP]
2026-09-05 23:34:11.757 [main] INFO  o.s.c.b.c.PropertySourceBootstrapConfiguration - Located property source: [BootstrapPropertySource {name='bootstrapProperties-xiaohongshu-auth-dev.yaml,DEFAULT_GROUP'}, BootstrapPropertySource {name='bootstrapProperties-xiaohongshu-auth.yaml,DEFAULT_GROUP'}, BootstrapPropertySource {name='bootstrapProperties-xiaohongshu-auth,DEFAULT_GROUP'}]
2026-09-05 23:34:11.785 [main] WARN  com.alibaba.nacos.client.logging.NacosLogging - Load Logback Configuration of Nacos fail, message: Could not initialize Logback Nacos logging from classpath:nacos-logback.xml
2026-09-05 23:34:11.786 [main] INFO  c.g.xiaohongshu.auth.XiaohongshuAuthApplication - The following 1 profile is active: "dev"
2026-09-05 23:34:12.481 [main] INFO  o.s.d.r.config.RepositoryConfigurationDelegate - Multiple Spring Data modules found, entering strict repository configuration mode
2026-09-05 23:34:12.485 [main] INFO  o.s.d.r.config.RepositoryConfigurationDelegate - Bootstrapping Spring Data Redis repositories in DEFAULT mode.
2026-09-05 23:34:12.511 [main] INFO  o.s.d.r.config.RepositoryConfigurationDelegate - Finished Spring Data repository scanning in 10 ms. Found 0 Redis repository interfaces.
2026-09-05 23:34:12.653 [main] INFO  o.springframework.cloud.context.scope.GenericScope - BeanFactory id=e975a4a9-1ce7-3108-84ca-3ebf7bd491e7
2026-09-05 23:34:13.231 [main] INFO  o.s.boot.web.embedded.tomcat.TomcatWebServer - Tomcat initialized with port(s): 8080 (http)
2026-09-05 23:34:13.243 [main] INFO  org.apache.catalina.core.StandardService - Starting service [Tomcat]
2026-09-05 23:34:13.243 [main] INFO  org.apache.catalina.core.StandardEngine - Starting Servlet engine: [Apache Tomcat/10.1.5]
2026-09-05 23:34:13.337 [main] INFO  o.a.c.core.ContainerBase.[Tomcat].[localhost].[/] - Initializing Spring embedded WebApplicationContext
2026-09-05 23:34:13.337 [main] INFO  o.s.b.w.s.c.ServletWebServerApplicationContext - Root WebApplicationContext: initialization completed in 1534 ms
2026-09-05 23:34:13.448 [main] INFO  c.a.d.s.b.a.DruidDataSourceAutoConfigure - Init DruidDataSource
2026-09-05 23:34:13.850 [main] INFO  com.alibaba.druid.pool.DruidDataSource - {dataSource-1} inited
2026-09-05 23:34:16.158 [main] INFO  o.s.boot.web.embedded.tomcat.TomcatWebServer - Tomcat started on port(s): 8080 (http) with context path ''
2026-09-05 23:34:16.161 [main] INFO  com.alibaba.nacos.client.naming - initializer namespace from ans.namespace attribute : null
2026-09-05 23:34:16.162 [main] INFO  com.alibaba.nacos.client.naming - initializer namespace from ALIBABA_ALIWARE_NAMESPACE attribute :null
2026-09-05 23:34:16.162 [main] INFO  com.alibaba.nacos.client.naming - initializer namespace from namespace attribute :null
2026-09-05 23:34:16.168 [main] INFO  c.a.n.p.auth.spi.client.ClientAuthPluginManager - [ClientAuthPluginManager] Load ClientAuthService com.alibaba.nacos.client.auth.impl.NacosClientAuthServiceImpl success.
2026-09-05 23:34:16.168 [main] INFO  c.a.n.p.auth.spi.client.ClientAuthPluginManager - [ClientAuthPluginManager] Load ClientAuthService com.alibaba.nacos.client.auth.ram.RamClientAuthServiceImpl success.
2026-09-05 23:34:16.171 [main] INFO  com.alibaba.nacos.common.remote.client - [RpcClientFactory] create a new rpc client of 395dfc40-2dcd-4aab-8df2-67e02f9d652d
2026-09-05 23:34:16.172 [main] INFO  com.alibaba.nacos.common.remote.client - [395dfc40-2dcd-4aab-8df2-67e02f9d652d] RpcClient init, ServerListFactory = com.alibaba.nacos.client.naming.core.ServerListManager
2026-09-05 23:34:16.172 [main] INFO  com.alibaba.nacos.common.remote.client - [395dfc40-2dcd-4aab-8df2-67e02f9d652d] Registry connection listener to current client:com.alibaba.nacos.client.naming.remote.gprc.redo.NamingGrpcRedoService
2026-09-05 23:34:16.172 [main] INFO  com.alibaba.nacos.common.remote.client - [395dfc40-2dcd-4aab-8df2-67e02f9d652d] Register server push request handler:com.alibaba.nacos.client.naming.remote.gprc.NamingPushRequestHandler
2026-09-05 23:34:16.173 [main] INFO  com.alibaba.nacos.common.remote.client - [395dfc40-2dcd-4aab-8df2-67e02f9d652d] Try to connect to server on start up, server: {serverIp = '127.0.0.1', server main port = 8848}
2026-09-05 23:34:16.173 [main] INFO  c.a.nacos.common.remote.client.grpc.GrpcClient - grpc client connection server:127.0.0.1 ip,serverPort:9848,grpcTslConfig:{"sslProvider":"OPENSSL","enableTls":false,"mutualAuthEnable":false,"trustAll":false}
2026-09-05 23:34:16.303 [main] INFO  com.alibaba.nacos.common.remote.client - [395dfc40-2dcd-4aab-8df2-67e02f9d652d] Success to connect to server [127.0.0.1:8848] on start up, connectionId = 1788622456186_172.17.0.1_36832
2026-09-05 23:34:16.303 [com.alibaba.nacos.client.remote.worker] INFO  com.alibaba.nacos.common.remote.client - [395dfc40-2dcd-4aab-8df2-67e02f9d652d] Notify connected event to listeners.
2026-09-05 23:34:16.303 [com.alibaba.nacos.client.remote.worker] INFO  com.alibaba.nacos.client.naming - Grpc connection connect
2026-09-05 23:34:16.303 [main] INFO  com.alibaba.nacos.common.remote.client - [395dfc40-2dcd-4aab-8df2-67e02f9d652d] Register server push request handler:com.alibaba.nacos.common.remote.client.RpcClient$ConnectResetRequestHandler
2026-09-05 23:34:16.303 [main] INFO  com.alibaba.nacos.common.remote.client - [395dfc40-2dcd-4aab-8df2-67e02f9d652d] Register server push request handler:com.alibaba.nacos.common.remote.client.RpcClient$$Lambda$606/0x00000263ae4da2d8
2026-09-05 23:34:16.304 [main] INFO  com.alibaba.nacos.client.naming - [REGISTER-SERVICE] xiaohongshu registering service xiaohongshu-auth with instance Instance{instanceId='null', ip='192.168.0.103', port=8080, weight=1.0, healthy=true, enabled=true, ephemeral=true, clusterName='DEFAULT', serviceName='null', metadata={IPv6=null, preserved.register.source=SPRING_CLOUD}}
2026-09-05 23:34:16.315 [main] INFO  c.a.cloud.nacos.registry.NacosServiceRegistry - nacos registry, DEFAULT_GROUP xiaohongshu-auth 192.168.0.103:8080 register finished
2026-09-05 23:34:16.775 [main] INFO  c.g.xiaohongshu.auth.XiaohongshuAuthApplication - Started XiaohongshuAuthApplication in 8.194 seconds (process running for 8.865)
2026-09-05 23:34:16.777 [main] INFO  c.g.x.auth.runner.PushRolePermissions2RedisRunner - ==> 服务启动，开始同步角色权限数据到 Redis 中...
2026-09-05 23:34:17.274 [main] WARN  c.g.x.auth.runner.PushRolePermissions2RedisRunner - ==> 角色权限数据已经同步至 Redis 中，不再同步...
2026-09-05 23:34:17.277 [main] INFO  com.alibaba.nacos.client.config.impl.CacheData - nacos.cache.data.init.snapshot = true 
2026-09-05 23:34:17.277 [main] INFO  com.alibaba.nacos.client.config.impl.ClientWorker - [fixed-xiaohongshu-127.0.0.1_8848] [subscribe] xiaohongshu-auth.yaml+DEFAULT_GROUP+xiaohongshu
2026-09-05 23:34:17.283 [main] INFO  com.alibaba.nacos.client.config.impl.CacheData - [fixed-xiaohongshu-127.0.0.1_8848] [add-listener] ok, tenant=xiaohongshu, dataId=xiaohongshu-auth.yaml, group=DEFAULT_GROUP, cnt=1
2026-09-05 23:34:17.283 [main] INFO  c.a.cloud.nacos.refresh.NacosContextRefresher - [Nacos Config] Listening config: dataId=xiaohongshu-auth.yaml, group=DEFAULT_GROUP
2026-09-05 23:34:17.284 [main] INFO  com.alibaba.nacos.client.config.impl.ClientWorker - [fixed-xiaohongshu-127.0.0.1_8848] [subscribe] xiaohongshu-auth-dev.yaml+DEFAULT_GROUP+xiaohongshu
2026-09-05 23:34:17.284 [main] INFO  com.alibaba.nacos.client.config.impl.CacheData - [fixed-xiaohongshu-127.0.0.1_8848] [add-listener] ok, tenant=xiaohongshu, dataId=xiaohongshu-auth-dev.yaml, group=DEFAULT_GROUP, cnt=1
2026-09-05 23:34:17.284 [main] INFO  c.a.cloud.nacos.refresh.NacosContextRefresher - [Nacos Config] Listening config: dataId=xiaohongshu-auth-dev.yaml, group=DEFAULT_GROUP
2026-09-05 23:34:17.285 [main] INFO  com.alibaba.nacos.client.config.impl.ClientWorker - [fixed-xiaohongshu-127.0.0.1_8848] [subscribe] xiaohongshu-auth+DEFAULT_GROUP+xiaohongshu
2026-09-05 23:34:17.285 [main] INFO  com.alibaba.nacos.client.config.impl.CacheData - [fixed-xiaohongshu-127.0.0.1_8848] [add-listener] ok, tenant=xiaohongshu, dataId=xiaohongshu-auth, group=DEFAULT_GROUP, cnt=1
2026-09-05 23:34:17.285 [main] INFO  c.a.cloud.nacos.refresh.NacosContextRefresher - [Nacos Config] Listening config: dataId=xiaohongshu-auth, group=DEFAULT_GROUP
2026-09-05 23:42:23.373 [Thread-2] WARN  c.alibaba.nacos.common.http.HttpClientBeanHolder - [HttpClientBeanHolder] Start destroying common HttpClient
2026-09-05 23:42:23.373 [Thread-9] WARN  com.alibaba.nacos.common.notify.NotifyCenter - [NotifyCenter] Start destroying Publisher
2026-09-05 23:42:23.374 [Thread-9] WARN  com.alibaba.nacos.common.notify.NotifyCenter - [NotifyCenter] Destruction of the end
2026-09-05 23:42:23.375 [Thread-2] WARN  c.alibaba.nacos.common.http.HttpClientBeanHolder - [HttpClientBeanHolder] Destruction of the end
2026-09-05 23:42:23.421 [SpringApplicationShutdownHook] INFO  c.a.cloud.nacos.registry.NacosServiceRegistry - De-registering from Nacos Server now...
2026-09-05 23:42:23.421 [SpringApplicationShutdownHook] INFO  com.alibaba.nacos.client.naming - [DEREGISTER-SERVICE] xiaohongshu deregistering service xiaohongshu-auth with instance: Instance{instanceId='null', ip='192.168.0.103', port=8080, weight=1.0, healthy=true, enabled=true, ephemeral=true, clusterName='DEFAULT', serviceName='null', metadata={}}
2026-09-05 23:42:23.425 [SpringApplicationShutdownHook] INFO  c.a.cloud.nacos.registry.NacosServiceRegistry - De-registration finished.
2026-09-05 23:42:23.426 [SpringApplicationShutdownHook] INFO  com.alibaba.nacos.client.naming - com.alibaba.nacos.client.naming.cache.ServiceInfoHolder do shutdown begin
2026-09-05 23:42:23.426 [SpringApplicationShutdownHook] INFO  com.alibaba.nacos.client.naming - com.alibaba.nacos.client.naming.backups.FailoverReactor do shutdown begin
2026-09-05 23:42:23.426 [SpringApplicationShutdownHook] INFO  com.alibaba.nacos.client.naming - com.alibaba.nacos.client.naming.backups.FailoverReactor do shutdown stop
2026-09-05 23:42:23.426 [SpringApplicationShutdownHook] INFO  com.alibaba.nacos.client.naming - com.alibaba.nacos.client.naming.cache.ServiceInfoHolder do shutdown stop
2026-09-05 23:42:23.426 [SpringApplicationShutdownHook] INFO  com.alibaba.nacos.client.naming - com.alibaba.nacos.client.naming.remote.NamingClientProxyDelegate do shutdown begin
2026-09-05 23:42:23.426 [SpringApplicationShutdownHook] INFO  com.alibaba.nacos.client.naming - com.alibaba.nacos.client.naming.core.ServiceInfoUpdateService do shutdown begin
2026-09-05 23:42:23.426 [SpringApplicationShutdownHook] INFO  com.alibaba.nacos.client.naming - com.alibaba.nacos.client.naming.core.ServiceInfoUpdateService do shutdown stop
2026-09-05 23:42:23.426 [SpringApplicationShutdownHook] INFO  com.alibaba.nacos.client.naming - com.alibaba.nacos.client.naming.core.ServerListManager do shutdown begin
2026-09-05 23:42:23.427 [SpringApplicationShutdownHook] WARN  com.alibaba.nacos.client.naming - [NamingHttpClientManager] Start destroying NacosRestTemplate
2026-09-05 23:42:23.427 [SpringApplicationShutdownHook] WARN  com.alibaba.nacos.client.naming - [NamingHttpClientManager] Destruction of the end
2026-09-05 23:42:23.427 [SpringApplicationShutdownHook] INFO  com.alibaba.nacos.client.naming - com.alibaba.nacos.client.naming.core.ServerListManager do shutdown stop
2026-09-05 23:42:23.427 [SpringApplicationShutdownHook] INFO  com.alibaba.nacos.client.naming - com.alibaba.nacos.client.naming.remote.http.NamingHttpClientProxy do shutdown begin
2026-09-05 23:42:23.427 [SpringApplicationShutdownHook] WARN  com.alibaba.nacos.client.naming - [NamingHttpClientManager] Start destroying NacosRestTemplate
2026-09-05 23:42:23.427 [SpringApplicationShutdownHook] WARN  com.alibaba.nacos.client.naming - [NamingHttpClientManager] Destruction of the end
2026-09-05 23:42:23.427 [SpringApplicationShutdownHook] INFO  com.alibaba.nacos.client.naming - com.alibaba.nacos.client.naming.remote.http.NamingHttpClientProxy do shutdown stop
2026-09-05 23:42:23.427 [SpringApplicationShutdownHook] INFO  com.alibaba.nacos.common.remote.client - Shutdown rpc client, set status to shutdown
2026-09-05 23:42:23.427 [SpringApplicationShutdownHook] INFO  com.alibaba.nacos.common.remote.client - Shutdown client event executor java.util.concurrent.ScheduledThreadPoolExecutor@3a9f8897[Running, pool size = 2, active threads = 2, queued tasks = 0, completed tasks = 0]
2026-09-05 23:42:23.427 [SpringApplicationShutdownHook] INFO  com.alibaba.nacos.common.remote.client - Close current connection 1788622456186_172.17.0.1_36832
2026-09-05 23:42:23.430 [nacos-grpc-client-executor-127.0.0.1-109] WARN  c.a.nacos.common.remote.client.grpc.GrpcClient - [1788622456186_172.17.0.1_36832]Ignore error event,isRunning:false,isAbandon=false
2026-09-05 23:42:23.431 [SpringApplicationShutdownHook] INFO  c.a.nacos.common.remote.client.grpc.GrpcClient - Shutdown grpc executor java.util.concurrent.ThreadPoolExecutor@4dd60a5e[Running, pool size = 4, active threads = 0, queued tasks = 0, completed tasks = 110]
2026-09-05 23:42:23.431 [SpringApplicationShutdownHook] INFO  com.alibaba.nacos.client.naming - Shutdown grpc redo service executor java.util.concurrent.ScheduledThreadPoolExecutor@4e21c93a[Running, pool size = 1, active threads = 0, queued tasks = 1, completed tasks = 162]
2026-09-05 23:42:23.431 [SpringApplicationShutdownHook] INFO  c.a.n.client.auth.ram.identify.CredentialWatcher - [null] CredentialWatcher is stopped
2026-09-05 23:42:23.431 [SpringApplicationShutdownHook] INFO  c.a.n.client.auth.ram.identify.CredentialService - [null] CredentialService is freed
2026-09-05 23:42:23.432 [SpringApplicationShutdownHook] INFO  com.alibaba.nacos.client.naming - com.alibaba.nacos.client.naming.remote.NamingClientProxyDelegate do shutdown stop
2026-09-05 23:42:23.554 [SpringApplicationShutdownHook] INFO  com.alibaba.druid.pool.DruidDataSource - {dataSource-1} closing ...
2026-09-05 23:42:23.559 [SpringApplicationShutdownHook] INFO  com.alibaba.druid.pool.DruidDataSource - {dataSource-1} closed
2026-09-05 23:42:29.075 [main] WARN  com.alibaba.nacos.client.logging.NacosLogging - Load Logback Configuration of Nacos fail, message: Could not initialize Logback Nacos logging from classpath:nacos-logback.xml
2026-09-05 23:42:29.148 [main] WARN  com.alibaba.nacos.client.logging.NacosLogging - Load Logback Configuration of Nacos fail, message: Could not initialize Logback Nacos logging from classpath:nacos-logback.xml
2026-09-05 23:42:29.467 [main] WARN  com.alibaba.nacos.client.logging.NacosLogging - Load Logback Configuration of Nacos fail, message: Could not initialize Logback Nacos logging from classpath:nacos-logback.xml
2026-09-05 23:42:29.471 [main] INFO  com.alibaba.nacos.client.utils.ParamUtil - [settings] [req-serv] nacos-server port:8848
2026-09-05 23:42:29.471 [main] INFO  com.alibaba.nacos.client.utils.ParamUtil - [settings] [http-client] connect timeout:1000
2026-09-05 23:42:29.472 [main] INFO  com.alibaba.nacos.client.utils.ParamUtil - PER_TASK_CONFIG_SIZE: 3000.0
2026-09-05 23:42:29.510 [main] INFO  c.a.n.p.auth.spi.client.ClientAuthPluginManager - [ClientAuthPluginManager] Load ClientAuthService com.alibaba.nacos.client.auth.impl.NacosClientAuthServiceImpl success.
2026-09-05 23:42:29.511 [main] INFO  c.a.n.p.auth.spi.client.ClientAuthPluginManager - [ClientAuthPluginManager] Load ClientAuthService com.alibaba.nacos.client.auth.ram.RamClientAuthServiceImpl success.
2026-09-05 23:42:29.515 [main] INFO  c.a.n.client.auth.ram.identify.CredentialWatcher - null No credential found
2026-09-05 23:42:30.331 [main] WARN  com.alibaba.nacos.client.logging.NacosLogging - Load Logback Configuration of Nacos fail, message: Could not initialize Logback Nacos logging from classpath:nacos-logback.xml
2026-09-05 23:42:30.352 [main] INFO  c.a.n.client.config.impl.LocalConfigInfoProcessor - LOCAL_SNAPSHOT_PATH:C:\Users\Administrator\nacos\config
2026-09-05 23:42:30.359 [main] INFO  com.alibaba.nacos.common.remote.client - [RpcClientFactory] create a new rpc client of 95b1fe98-9b83-4092-9a55-8a413272763f_config-0
2026-09-05 23:42:30.387 [main] INFO  com.alibaba.nacos.common.remote.client - [95b1fe98-9b83-4092-9a55-8a413272763f_config-0] Register server push request handler:com.alibaba.nacos.client.config.impl.ClientWorker$ConfigRpcTransportClient$$Lambda$585/0x0000026501391830
2026-09-05 23:42:30.387 [main] INFO  com.alibaba.nacos.common.remote.client - [95b1fe98-9b83-4092-9a55-8a413272763f_config-0] Register server push request handler:com.alibaba.nacos.client.config.impl.ClientWorker$ConfigRpcTransportClient$$Lambda$586/0x0000026501391c50
2026-09-05 23:42:30.388 [main] INFO  com.alibaba.nacos.common.remote.client - [95b1fe98-9b83-4092-9a55-8a413272763f_config-0] Registry connection listener to current client:com.alibaba.nacos.client.config.impl.ClientWorker$ConfigRpcTransportClient$1
2026-09-05 23:42:30.388 [main] INFO  com.alibaba.nacos.common.remote.client - [95b1fe98-9b83-4092-9a55-8a413272763f_config-0] RpcClient init, ServerListFactory = com.alibaba.nacos.client.config.impl.ClientWorker$ConfigRpcTransportClient$2
2026-09-05 23:42:30.401 [main] INFO  com.alibaba.nacos.common.remote.client - [95b1fe98-9b83-4092-9a55-8a413272763f_config-0] Try to connect to server on start up, server: {serverIp = '127.0.0.1', server main port = 8848}
2026-09-05 23:42:30.482 [main] INFO  c.a.nacos.common.remote.client.grpc.GrpcClient - grpc client connection server:127.0.0.1 ip,serverPort:9848,grpcTslConfig:{"sslProvider":"OPENSSL","enableTls":false,"mutualAuthEnable":false,"trustAll":false}
2026-09-05 23:42:31.723 [main] INFO  com.alibaba.nacos.common.remote.client - [95b1fe98-9b83-4092-9a55-8a413272763f_config-0] Success to connect to server [127.0.0.1:8848] on start up, connectionId = 1788622951516_172.17.0.1_41318
2026-09-05 23:42:31.724 [com.alibaba.nacos.client.remote.worker] INFO  com.alibaba.nacos.common.remote.client - [95b1fe98-9b83-4092-9a55-8a413272763f_config-0] Notify connected event to listeners.
2026-09-05 23:42:31.724 [com.alibaba.nacos.client.remote.worker] INFO  com.alibaba.nacos.client.config.impl.ClientWorker - [95b1fe98-9b83-4092-9a55-8a413272763f_config-0] Connected,notify listen context...
2026-09-05 23:42:31.725 [main] INFO  com.alibaba.nacos.common.remote.client - [95b1fe98-9b83-4092-9a55-8a413272763f_config-0] Register server push request handler:com.alibaba.nacos.common.remote.client.RpcClient$ConnectResetRequestHandler
2026-09-05 23:42:31.725 [main] INFO  com.alibaba.nacos.common.remote.client - [95b1fe98-9b83-4092-9a55-8a413272763f_config-0] Register server push request handler:com.alibaba.nacos.common.remote.client.RpcClient$$Lambda$606/0x00000265014dac38
2026-09-05 23:42:31.771 [main] INFO  com.alibaba.nacos.client.config.impl.Limiter - limitTime:5.0
2026-09-05 23:42:32.123 [main] INFO  com.alibaba.nacos.client.config.utils.JvmUtil - isMultiInstance:false
2026-09-05 23:42:32.140 [main] WARN  c.a.cloud.nacos.client.NacosPropertySourceBuilder - Ignore the empty nacos configuration and get it based on dataId[xiaohongshu-auth.yaml] & group[DEFAULT_GROUP]
2026-09-05 23:42:32.164 [main] INFO  o.s.c.b.c.PropertySourceBootstrapConfiguration - Located property source: [BootstrapPropertySource {name='bootstrapProperties-xiaohongshu-auth-dev.yaml,DEFAULT_GROUP'}, BootstrapPropertySource {name='bootstrapProperties-xiaohongshu-auth.yaml,DEFAULT_GROUP'}, BootstrapPropertySource {name='bootstrapProperties-xiaohongshu-auth,DEFAULT_GROUP'}]
2026-09-05 23:42:32.192 [main] WARN  com.alibaba.nacos.client.logging.NacosLogging - Load Logback Configuration of Nacos fail, message: Could not initialize Logback Nacos logging from classpath:nacos-logback.xml
2026-09-05 23:42:32.193 [main] INFO  c.g.xiaohongshu.auth.XiaohongshuAuthApplication - The following 1 profile is active: "dev"
2026-09-05 23:42:32.879 [main] INFO  o.s.d.r.config.RepositoryConfigurationDelegate - Multiple Spring Data modules found, entering strict repository configuration mode
2026-09-05 23:42:32.882 [main] INFO  o.s.d.r.config.RepositoryConfigurationDelegate - Bootstrapping Spring Data Redis repositories in DEFAULT mode.
2026-09-05 23:42:32.905 [main] INFO  o.s.d.r.config.RepositoryConfigurationDelegate - Finished Spring Data repository scanning in 9 ms. Found 0 Redis repository interfaces.
2026-09-05 23:42:33.068 [main] INFO  o.springframework.cloud.context.scope.GenericScope - BeanFactory id=2d41976f-8878-33e3-b096-896e8e208f1f
2026-09-05 23:42:33.719 [main] INFO  o.s.boot.web.embedded.tomcat.TomcatWebServer - Tomcat initialized with port(s): 8080 (http)
2026-09-05 23:42:33.731 [main] INFO  org.apache.catalina.core.StandardService - Starting service [Tomcat]
2026-09-05 23:42:33.732 [main] INFO  org.apache.catalina.core.StandardEngine - Starting Servlet engine: [Apache Tomcat/10.1.5]
2026-09-05 23:42:33.838 [main] INFO  o.a.c.core.ContainerBase.[Tomcat].[localhost].[/] - Initializing Spring embedded WebApplicationContext
2026-09-05 23:42:33.838 [main] INFO  o.s.b.w.s.c.ServletWebServerApplicationContext - Root WebApplicationContext: initialization completed in 1626 ms
2026-09-05 23:42:33.963 [main] INFO  c.a.d.s.b.a.DruidDataSourceAutoConfigure - Init DruidDataSource
2026-09-05 23:42:34.389 [main] INFO  com.alibaba.druid.pool.DruidDataSource - {dataSource-1} inited
2026-09-05 23:42:37.051 [main] INFO  o.s.boot.web.embedded.tomcat.TomcatWebServer - Tomcat started on port(s): 8080 (http) with context path ''
2026-09-05 23:42:37.055 [main] INFO  com.alibaba.nacos.client.naming - initializer namespace from ans.namespace attribute : null
2026-09-05 23:42:37.056 [main] INFO  com.alibaba.nacos.client.naming - initializer namespace from ALIBABA_ALIWARE_NAMESPACE attribute :null
2026-09-05 23:42:37.056 [main] INFO  com.alibaba.nacos.client.naming - initializer namespace from namespace attribute :null
2026-09-05 23:42:37.064 [main] INFO  c.a.n.p.auth.spi.client.ClientAuthPluginManager - [ClientAuthPluginManager] Load ClientAuthService com.alibaba.nacos.client.auth.impl.NacosClientAuthServiceImpl success.
2026-09-05 23:42:37.064 [main] INFO  c.a.n.p.auth.spi.client.ClientAuthPluginManager - [ClientAuthPluginManager] Load ClientAuthService com.alibaba.nacos.client.auth.ram.RamClientAuthServiceImpl success.
2026-09-05 23:42:37.068 [main] INFO  com.alibaba.nacos.common.remote.client - [RpcClientFactory] create a new rpc client of 22dd1f65-f95c-43bf-bb36-45594e026c95
2026-09-05 23:42:37.070 [main] INFO  com.alibaba.nacos.common.remote.client - [22dd1f65-f95c-43bf-bb36-45594e026c95] RpcClient init, ServerListFactory = com.alibaba.nacos.client.naming.core.ServerListManager
2026-09-05 23:42:37.070 [main] INFO  com.alibaba.nacos.common.remote.client - [22dd1f65-f95c-43bf-bb36-45594e026c95] Registry connection listener to current client:com.alibaba.nacos.client.naming.remote.gprc.redo.NamingGrpcRedoService
2026-09-05 23:42:37.071 [main] INFO  com.alibaba.nacos.common.remote.client - [22dd1f65-f95c-43bf-bb36-45594e026c95] Register server push request handler:com.alibaba.nacos.client.naming.remote.gprc.NamingPushRequestHandler
2026-09-05 23:42:37.071 [main] INFO  com.alibaba.nacos.common.remote.client - [22dd1f65-f95c-43bf-bb36-45594e026c95] Try to connect to server on start up, server: {serverIp = '127.0.0.1', server main port = 8848}
2026-09-05 23:42:37.072 [main] INFO  c.a.nacos.common.remote.client.grpc.GrpcClient - grpc client connection server:127.0.0.1 ip,serverPort:9848,grpcTslConfig:{"sslProvider":"OPENSSL","enableTls":false,"mutualAuthEnable":false,"trustAll":false}
2026-09-05 23:42:37.202 [main] INFO  com.alibaba.nacos.common.remote.client - [22dd1f65-f95c-43bf-bb36-45594e026c95] Success to connect to server [127.0.0.1:8848] on start up, connectionId = 1788622957080_172.17.0.1_41362
2026-09-05 23:42:37.203 [com.alibaba.nacos.client.remote.worker] INFO  com.alibaba.nacos.common.remote.client - [22dd1f65-f95c-43bf-bb36-45594e026c95] Notify connected event to listeners.
2026-09-05 23:42:37.203 [main] INFO  com.alibaba.nacos.common.remote.client - [22dd1f65-f95c-43bf-bb36-45594e026c95] Register server push request handler:com.alibaba.nacos.common.remote.client.RpcClient$ConnectResetRequestHandler
2026-09-05 23:42:37.203 [com.alibaba.nacos.client.remote.worker] INFO  com.alibaba.nacos.client.naming - Grpc connection connect
2026-09-05 23:42:37.203 [main] INFO  com.alibaba.nacos.common.remote.client - [22dd1f65-f95c-43bf-bb36-45594e026c95] Register server push request handler:com.alibaba.nacos.common.remote.client.RpcClient$$Lambda$606/0x00000265014dac38
2026-09-05 23:42:37.203 [main] INFO  com.alibaba.nacos.client.naming - [REGISTER-SERVICE] xiaohongshu registering service xiaohongshu-auth with instance Instance{instanceId='null', ip='192.168.0.103', port=8080, weight=1.0, healthy=true, enabled=true, ephemeral=true, clusterName='DEFAULT', serviceName='null', metadata={IPv6=null, preserved.register.source=SPRING_CLOUD}}
2026-09-05 23:42:37.218 [main] INFO  c.a.cloud.nacos.registry.NacosServiceRegistry - nacos registry, DEFAULT_GROUP xiaohongshu-auth 192.168.0.103:8080 register finished
2026-09-05 23:42:37.703 [main] INFO  c.g.xiaohongshu.auth.XiaohongshuAuthApplication - Started XiaohongshuAuthApplication in 9.733 seconds (process running for 10.386)
2026-09-05 23:42:37.704 [main] INFO  c.g.x.auth.runner.PushRolePermissions2RedisRunner - ==> 服务启动，开始同步角色权限数据到 Redis 中...
2026-09-05 23:42:38.164 [main] WARN  c.g.x.auth.runner.PushRolePermissions2RedisRunner - ==> 角色权限数据已经同步至 Redis 中，不再同步...
2026-09-05 23:42:38.166 [main] INFO  com.alibaba.nacos.client.config.impl.CacheData - nacos.cache.data.init.snapshot = true 
2026-09-05 23:42:38.167 [main] INFO  com.alibaba.nacos.client.config.impl.ClientWorker - [fixed-xiaohongshu-127.0.0.1_8848] [subscribe] xiaohongshu-auth.yaml+DEFAULT_GROUP+xiaohongshu
2026-09-05 23:42:38.173 [main] INFO  com.alibaba.nacos.client.config.impl.CacheData - [fixed-xiaohongshu-127.0.0.1_8848] [add-listener] ok, tenant=xiaohongshu, dataId=xiaohongshu-auth.yaml, group=DEFAULT_GROUP, cnt=1
2026-09-05 23:42:38.173 [main] INFO  c.a.cloud.nacos.refresh.NacosContextRefresher - [Nacos Config] Listening config: dataId=xiaohongshu-auth.yaml, group=DEFAULT_GROUP
2026-09-05 23:42:38.174 [main] INFO  com.alibaba.nacos.client.config.impl.ClientWorker - [fixed-xiaohongshu-127.0.0.1_8848] [subscribe] xiaohongshu-auth-dev.yaml+DEFAULT_GROUP+xiaohongshu
2026-09-05 23:42:38.174 [main] INFO  com.alibaba.nacos.client.config.impl.CacheData - [fixed-xiaohongshu-127.0.0.1_8848] [add-listener] ok, tenant=xiaohongshu, dataId=xiaohongshu-auth-dev.yaml, group=DEFAULT_GROUP, cnt=1
2026-09-05 23:42:38.174 [main] INFO  c.a.cloud.nacos.refresh.NacosContextRefresher - [Nacos Config] Listening config: dataId=xiaohongshu-auth-dev.yaml, group=DEFAULT_GROUP
2026-09-05 23:42:38.175 [main] INFO  com.alibaba.nacos.client.config.impl.ClientWorker - [fixed-xiaohongshu-127.0.0.1_8848] [subscribe] xiaohongshu-auth+DEFAULT_GROUP+xiaohongshu
2026-09-05 23:42:38.175 [main] INFO  com.alibaba.nacos.client.config.impl.CacheData - [fixed-xiaohongshu-127.0.0.1_8848] [add-listener] ok, tenant=xiaohongshu, dataId=xiaohongshu-auth, group=DEFAULT_GROUP, cnt=1
2026-09-05 23:42:38.175 [main] INFO  c.a.cloud.nacos.refresh.NacosContextRefresher - [Nacos Config] Listening config: dataId=xiaohongshu-auth, group=DEFAULT_GROUP
2026-09-05 23:44:02.512 [http-nio-8080-exec-1] INFO  o.a.c.core.ContainerBase.[Tomcat].[localhost].[/] - Initializing Spring DispatcherServlet 'dispatcherServlet'
2026-09-05 23:44:02.512 [http-nio-8080-exec-1] INFO  org.springframework.web.servlet.DispatcherServlet - Initializing Servlet 'dispatcherServlet'
2026-09-05 23:44:02.514 [http-nio-8080-exec-1] INFO  org.springframework.web.servlet.DispatcherServlet - Completed initialization in 2 ms
2026-09-05 23:44:02.620 [http-nio-8080-exec-1] INFO  c.g.f.b.operationlog.aspect.ApiOperationLogAspect - ====== 请求开始: [发送短信验证码], 入参: {"phone":"19903236282"}, 请求类: VerificationCodeController, 请求方法: send =================================== 
2026-09-05 23:44:02.629 [http-nio-8080-exec-1] INFO  c.g.x.a.service.impl.VerificationCodeServiceImpl - ==> 手机号: 19903236282, 已生成验证码：【710289】
2026-09-05 23:44:02.630 [AuthExecutor-1] INFO  c.guoshisan.xiaohongshu.auth.sms.AliyunSmsHelper - ==> 开始短信发送, phone: 19903236282, signName: 速通互联验证码, templateCode: 100001, templateParam: {"code":"710289","min":"3"}
2026-09-05 23:44:02.635 [http-nio-8080-exec-1] INFO  c.g.f.b.operationlog.aspect.ApiOperationLogAspect - ====== 请求结束: [发送短信验证码], 耗时: 16ms, 出参: {"success":true,"message":null,"errorCode":null,"data":null} =================================== 
2026-09-05 23:44:03.612 [AuthExecutor-1] INFO  c.guoshisan.xiaohongshu.auth.sms.AliyunSmsHelper - ==> 短信发送成功, response: {"headers":{"access-control-allow-origin":"*","date":"Sat, 05 Sep 2026 15:44:03 GMT","content-length":"135","keep-alive":"timeout=25","x-acs-request-id":"01A0723D-BAB1-500D-9D0C-9A0C5DF01949","connection":"keep-alive","content-type":"application/json;charset=utf-8","etag":"1vCmZDog1uC3xkgY8Bre+OQ5","access-control-expose-headers":"*","x-acs-trace-id":"73c2d0ace51b025a22fc0163d58a44a7"},"statusCode":200,"body":{"accessDeniedDetail":null,"code":"OK","message":"OK","model":{"bizId":"816606388623043437^0","outId":null,"requestId":"985402b8-f2ed-469f-9825-0f5c439b0d44","verifyCode":null},"requestId":null,"success":true}}
2026-09-05 23:44:14.415 [http-nio-8080-exec-2] INFO  c.g.f.b.operationlog.aspect.ApiOperationLogAspect - ====== 请求开始: [用户登录/注册], 入参: {"phone":"19903236282","code":"710289","password":null,"type":1}, 请求类: UserController, 请求方法: loginAndRegister =================================== 
2026-09-05 23:44:14.767 [http-nio-8080-exec-2] INFO  c.g.xiaohongshu.auth.service.impl.UserServiceImpl - ==> 用户是否注册, phone: 19903236282, userDTO: {"id":8,"xiaohongshuId":null,"password":null,"nickname":null,"avatar":null,"birthday":null,"backgroundImg":null,"phone":null,"sex":null,"status":null,"introduction":null,"createTime":null,"updateTime":null,"isDeleted":null}
2026-09-05 23:44:14.845 [http-nio-8080-exec-2] INFO  c.g.f.b.operationlog.aspect.ApiOperationLogAspect - ====== 请求结束: [用户登录/注册], 耗时: 431ms, 出参: {"success":true,"message":null,"errorCode":null,"data":"fKdNu2theZm14PPlP7XpJtbFlea28CFZ8HSuIaQBNLSKABiW3W5xk6Q7cO4H2Fmfg80zZhHrIGLeZJjFFtQU8ROU6MPF5JfS1q5vuELpCQwhsPToDHvvxdtMRpjbD8qx"} =================================== 
2026-09-05 23:44:29.357 [http-nio-8080-exec-3] INFO  c.g.f.b.operationlog.aspect.ApiOperationLogAspect - ====== 请求开始: [修改密码], 入参: {"newPassword":"123456"}, 请求类: UserController, 请求方法: updatePassword =================================== 
2026-09-05 23:44:29.519 [http-nio-8080-exec-3] INFO  c.g.f.b.operationlog.aspect.ApiOperationLogAspect - ====== 请求结束: [修改密码], 耗时: 161ms, 出参: {"success":true,"message":null,"errorCode":null,"data":null} =================================== 
2026-09-05 23:46:04.805 [http-nio-8080-exec-5] INFO  c.g.f.b.operationlog.aspect.ApiOperationLogAspect - ====== 请求开始: [修改密码], 入参: {"newPassword":"123456"}, 请求类: UserController, 请求方法: updatePassword =================================== 
2026-09-05 23:46:04.898 [http-nio-8080-exec-5] INFO  c.g.f.b.operationlog.aspect.ApiOperationLogAspect - ====== 请求结束: [修改密码], 耗时: 93ms, 出参: {"success":true,"message":null,"errorCode":null,"data":null} =================================== 
2026-09-05 23:47:08.347 [http-nio-8080-exec-7] INFO  c.g.f.b.operationlog.aspect.ApiOperationLogAspect - ====== 请求开始: [修改密码], 入参: {"newPassword":"123456"}, 请求类: UserController, 请求方法: updatePassword =================================== 
2026-09-05 23:47:08.438 [http-nio-8080-exec-7] INFO  c.g.f.b.operationlog.aspect.ApiOperationLogAspect - ====== 请求结束: [修改密码], 耗时: 91ms, 出参: {"success":true,"message":null,"errorCode":null,"data":null} =================================== 
2026-09-05 23:47:12.980 [Thread-2] WARN  c.alibaba.nacos.common.http.HttpClientBeanHolder - [HttpClientBeanHolder] Start destroying common HttpClient
2026-09-05 23:47:12.980 [Thread-9] WARN  com.alibaba.nacos.common.notify.NotifyCenter - [NotifyCenter] Start destroying Publisher
2026-09-05 23:47:12.981 [Thread-9] WARN  com.alibaba.nacos.common.notify.NotifyCenter - [NotifyCenter] Destruction of the end
2026-09-05 23:47:12.981 [Thread-2] WARN  c.alibaba.nacos.common.http.HttpClientBeanHolder - [HttpClientBeanHolder] Destruction of the end
2026-09-05 23:47:13.023 [SpringApplicationShutdownHook] INFO  c.a.cloud.nacos.registry.NacosServiceRegistry - De-registering from Nacos Server now...
2026-09-05 23:47:13.023 [SpringApplicationShutdownHook] INFO  com.alibaba.nacos.client.naming - [DEREGISTER-SERVICE] xiaohongshu deregistering service xiaohongshu-auth with instance: Instance{instanceId='null', ip='192.168.0.103', port=8080, weight=1.0, healthy=true, enabled=true, ephemeral=true, clusterName='DEFAULT', serviceName='null', metadata={}}
2026-09-05 23:47:13.026 [SpringApplicationShutdownHook] INFO  c.a.cloud.nacos.registry.NacosServiceRegistry - De-registration finished.
2026-09-05 23:47:13.026 [SpringApplicationShutdownHook] INFO  com.alibaba.nacos.client.naming - com.alibaba.nacos.client.naming.cache.ServiceInfoHolder do shutdown begin
2026-09-05 23:47:13.026 [SpringApplicationShutdownHook] INFO  com.alibaba.nacos.client.naming - com.alibaba.nacos.client.naming.backups.FailoverReactor do shutdown begin
2026-09-05 23:47:13.027 [SpringApplicationShutdownHook] INFO  com.alibaba.nacos.client.naming - com.alibaba.nacos.client.naming.backups.FailoverReactor do shutdown stop
2026-09-05 23:47:13.027 [SpringApplicationShutdownHook] INFO  com.alibaba.nacos.client.naming - com.alibaba.nacos.client.naming.cache.ServiceInfoHolder do shutdown stop
2026-09-05 23:47:13.027 [SpringApplicationShutdownHook] INFO  com.alibaba.nacos.client.naming - com.alibaba.nacos.client.naming.remote.NamingClientProxyDelegate do shutdown begin
2026-09-05 23:47:13.027 [SpringApplicationShutdownHook] INFO  com.alibaba.nacos.client.naming - com.alibaba.nacos.client.naming.core.ServiceInfoUpdateService do shutdown begin
2026-09-05 23:47:13.027 [SpringApplicationShutdownHook] INFO  com.alibaba.nacos.client.naming - com.alibaba.nacos.client.naming.core.ServiceInfoUpdateService do shutdown stop
2026-09-05 23:47:13.027 [SpringApplicationShutdownHook] INFO  com.alibaba.nacos.client.naming - com.alibaba.nacos.client.naming.core.ServerListManager do shutdown begin
2026-09-05 23:47:13.027 [SpringApplicationShutdownHook] WARN  com.alibaba.nacos.client.naming - [NamingHttpClientManager] Start destroying NacosRestTemplate
2026-09-05 23:47:13.027 [SpringApplicationShutdownHook] WARN  com.alibaba.nacos.client.naming - [NamingHttpClientManager] Destruction of the end
2026-09-05 23:47:13.027 [SpringApplicationShutdownHook] INFO  com.alibaba.nacos.client.naming - com.alibaba.nacos.client.naming.core.ServerListManager do shutdown stop
2026-09-05 23:47:13.027 [SpringApplicationShutdownHook] INFO  com.alibaba.nacos.client.naming - com.alibaba.nacos.client.naming.remote.http.NamingHttpClientProxy do shutdown begin
2026-09-05 23:47:13.027 [SpringApplicationShutdownHook] WARN  com.alibaba.nacos.client.naming - [NamingHttpClientManager] Start destroying NacosRestTemplate
2026-09-05 23:47:13.027 [SpringApplicationShutdownHook] WARN  com.alibaba.nacos.client.naming - [NamingHttpClientManager] Destruction of the end
2026-09-05 23:47:13.027 [SpringApplicationShutdownHook] INFO  com.alibaba.nacos.client.naming - com.alibaba.nacos.client.naming.remote.http.NamingHttpClientProxy do shutdown stop
2026-09-05 23:47:13.027 [SpringApplicationShutdownHook] INFO  com.alibaba.nacos.common.remote.client - Shutdown rpc client, set status to shutdown
2026-09-05 23:47:13.027 [SpringApplicationShutdownHook] INFO  com.alibaba.nacos.common.remote.client - Shutdown client event executor java.util.concurrent.ScheduledThreadPoolExecutor@52076f9d[Running, pool size = 2, active threads = 2, queued tasks = 0, completed tasks = 0]
2026-09-05 23:47:13.027 [SpringApplicationShutdownHook] INFO  com.alibaba.nacos.common.remote.client - Close current connection 1788622957080_172.17.0.1_41362
2026-09-05 23:47:13.030 [nacos-grpc-client-executor-127.0.0.1-66] WARN  c.a.nacos.common.remote.client.grpc.GrpcClient - [1788622957080_172.17.0.1_41362]Ignore error event,isRunning:false,isAbandon=false
2026-09-05 23:47:13.031 [SpringApplicationShutdownHook] INFO  c.a.nacos.common.remote.client.grpc.GrpcClient - Shutdown grpc executor java.util.concurrent.ThreadPoolExecutor@6fc6fdbb[Running, pool size = 4, active threads = 0, queued tasks = 0, completed tasks = 67]
2026-09-05 23:47:13.032 [SpringApplicationShutdownHook] INFO  com.alibaba.nacos.client.naming - Shutdown grpc redo service executor java.util.concurrent.ScheduledThreadPoolExecutor@23faecf8[Running, pool size = 1, active threads = 0, queued tasks = 1, completed tasks = 91]
2026-09-05 23:47:13.032 [SpringApplicationShutdownHook] INFO  c.a.n.client.auth.ram.identify.CredentialWatcher - [null] CredentialWatcher is stopped
2026-09-05 23:47:13.032 [SpringApplicationShutdownHook] INFO  c.a.n.client.auth.ram.identify.CredentialService - [null] CredentialService is freed
2026-09-05 23:47:13.032 [SpringApplicationShutdownHook] INFO  com.alibaba.nacos.client.naming - com.alibaba.nacos.client.naming.remote.NamingClientProxyDelegate do shutdown stop
2026-09-05 23:47:13.147 [SpringApplicationShutdownHook] INFO  com.alibaba.druid.pool.DruidDataSource - {dataSource-1} closing ...
2026-09-05 23:47:13.153 [SpringApplicationShutdownHook] INFO  com.alibaba.druid.pool.DruidDataSource - {dataSource-1} closed
2026-09-05 23:47:16.902 [main] WARN  com.alibaba.nacos.client.logging.NacosLogging - Load Logback Configuration of Nacos fail, message: Could not initialize Logback Nacos logging from classpath:nacos-logback.xml
2026-09-05 23:47:16.953 [main] WARN  com.alibaba.nacos.client.logging.NacosLogging - Load Logback Configuration of Nacos fail, message: Could not initialize Logback Nacos logging from classpath:nacos-logback.xml
2026-09-05 23:47:17.141 [main] WARN  com.alibaba.nacos.client.logging.NacosLogging - Load Logback Configuration of Nacos fail, message: Could not initialize Logback Nacos logging from classpath:nacos-logback.xml
2026-09-05 23:47:17.142 [main] INFO  com.alibaba.nacos.client.utils.ParamUtil - [settings] [req-serv] nacos-server port:8848
2026-09-05 23:47:17.142 [main] INFO  com.alibaba.nacos.client.utils.ParamUtil - [settings] [http-client] connect timeout:1000
2026-09-05 23:47:17.143 [main] INFO  com.alibaba.nacos.client.utils.ParamUtil - PER_TASK_CONFIG_SIZE: 3000.0
2026-09-05 23:47:17.164 [main] INFO  c.a.n.p.auth.spi.client.ClientAuthPluginManager - [ClientAuthPluginManager] Load ClientAuthService com.alibaba.nacos.client.auth.impl.NacosClientAuthServiceImpl success.
2026-09-05 23:47:17.164 [main] INFO  c.a.n.p.auth.spi.client.ClientAuthPluginManager - [ClientAuthPluginManager] Load ClientAuthService com.alibaba.nacos.client.auth.ram.RamClientAuthServiceImpl success.
2026-09-05 23:47:17.166 [main] INFO  c.a.n.client.auth.ram.identify.CredentialWatcher - null No credential found
2026-09-05 23:47:17.745 [main] WARN  com.alibaba.nacos.client.logging.NacosLogging - Load Logback Configuration of Nacos fail, message: Could not initialize Logback Nacos logging from classpath:nacos-logback.xml
2026-09-05 23:47:17.755 [main] INFO  c.a.n.client.config.impl.LocalConfigInfoProcessor - LOCAL_SNAPSHOT_PATH:C:\Users\Administrator\nacos\config
2026-09-05 23:47:17.758 [main] INFO  com.alibaba.nacos.common.remote.client - [RpcClientFactory] create a new rpc client of 04e097e6-d2df-4639-8b31-2e165d04563e_config-0
2026-09-05 23:47:17.772 [main] INFO  com.alibaba.nacos.common.remote.client - [04e097e6-d2df-4639-8b31-2e165d04563e_config-0] Register server push request handler:com.alibaba.nacos.client.config.impl.ClientWorker$ConfigRpcTransportClient$$Lambda$584/0x00000230d2391258
2026-09-05 23:47:17.773 [main] INFO  com.alibaba.nacos.common.remote.client - [04e097e6-d2df-4639-8b31-2e165d04563e_config-0] Register server push request handler:com.alibaba.nacos.client.config.impl.ClientWorker$ConfigRpcTransportClient$$Lambda$585/0x00000230d2391678
2026-09-05 23:47:17.773 [main] INFO  com.alibaba.nacos.common.remote.client - [04e097e6-d2df-4639-8b31-2e165d04563e_config-0] Registry connection listener to current client:com.alibaba.nacos.client.config.impl.ClientWorker$ConfigRpcTransportClient$1
2026-09-05 23:47:17.773 [main] INFO  com.alibaba.nacos.common.remote.client - [04e097e6-d2df-4639-8b31-2e165d04563e_config-0] RpcClient init, ServerListFactory = com.alibaba.nacos.client.config.impl.ClientWorker$ConfigRpcTransportClient$2
2026-09-05 23:47:17.781 [main] INFO  com.alibaba.nacos.common.remote.client - [04e097e6-d2df-4639-8b31-2e165d04563e_config-0] Try to connect to server on start up, server: {serverIp = '127.0.0.1', server main port = 8848}
2026-09-05 23:47:17.822 [main] INFO  c.a.nacos.common.remote.client.grpc.GrpcClient - grpc client connection server:127.0.0.1 ip,serverPort:9848,grpcTslConfig:{"sslProvider":"OPENSSL","enableTls":false,"mutualAuthEnable":false,"trustAll":false}
2026-09-05 23:47:19.143 [main] INFO  com.alibaba.nacos.common.remote.client - [04e097e6-d2df-4639-8b31-2e165d04563e_config-0] Success to connect to server [127.0.0.1:8848] on start up, connectionId = 1788623238849_172.17.0.1_39472
2026-09-05 23:47:19.145 [com.alibaba.nacos.client.remote.worker] INFO  com.alibaba.nacos.common.remote.client - [04e097e6-d2df-4639-8b31-2e165d04563e_config-0] Notify connected event to listeners.
2026-09-05 23:47:19.145 [com.alibaba.nacos.client.remote.worker] INFO  com.alibaba.nacos.client.config.impl.ClientWorker - [04e097e6-d2df-4639-8b31-2e165d04563e_config-0] Connected,notify listen context...
2026-09-05 23:47:19.146 [main] INFO  com.alibaba.nacos.common.remote.client - [04e097e6-d2df-4639-8b31-2e165d04563e_config-0] Register server push request handler:com.alibaba.nacos.common.remote.client.RpcClient$ConnectResetRequestHandler
2026-09-05 23:47:19.147 [main] INFO  com.alibaba.nacos.common.remote.client - [04e097e6-d2df-4639-8b31-2e165d04563e_config-0] Register server push request handler:com.alibaba.nacos.common.remote.client.RpcClient$$Lambda$605/0x00000230d24d98d8
2026-09-05 23:47:19.221 [main] INFO  com.alibaba.nacos.client.config.impl.Limiter - limitTime:5.0
2026-09-05 23:47:19.513 [main] INFO  com.alibaba.nacos.client.config.utils.JvmUtil - isMultiInstance:false
2026-09-05 23:47:19.533 [main] WARN  c.a.cloud.nacos.client.NacosPropertySourceBuilder - Ignore the empty nacos configuration and get it based on dataId[xiaohongshu-auth.yaml] & group[DEFAULT_GROUP]
2026-09-05 23:47:19.562 [main] INFO  o.s.c.b.c.PropertySourceBootstrapConfiguration - Located property source: [BootstrapPropertySource {name='bootstrapProperties-xiaohongshu-auth-dev.yaml,DEFAULT_GROUP'}, BootstrapPropertySource {name='bootstrapProperties-xiaohongshu-auth.yaml,DEFAULT_GROUP'}, BootstrapPropertySource {name='bootstrapProperties-xiaohongshu-auth,DEFAULT_GROUP'}]
2026-09-05 23:47:19.616 [main] WARN  com.alibaba.nacos.client.logging.NacosLogging - Load Logback Configuration of Nacos fail, message: Could not initialize Logback Nacos logging from classpath:nacos-logback.xml
2026-09-05 23:47:19.619 [main] INFO  c.g.xiaohongshu.auth.XiaohongshuAuthApplication - The following 1 profile is active: "dev"
2026-09-05 23:47:20.440 [main] INFO  o.s.d.r.config.RepositoryConfigurationDelegate - Multiple Spring Data modules found, entering strict repository configuration mode
2026-09-05 23:47:20.444 [main] INFO  o.s.d.r.config.RepositoryConfigurationDelegate - Bootstrapping Spring Data Redis repositories in DEFAULT mode.
2026-09-05 23:47:20.470 [main] INFO  o.s.d.r.config.RepositoryConfigurationDelegate - Finished Spring Data repository scanning in 11 ms. Found 0 Redis repository interfaces.
2026-09-05 23:47:20.649 [main] INFO  o.springframework.cloud.context.scope.GenericScope - BeanFactory id=2d41976f-8878-33e3-b096-896e8e208f1f
2026-09-05 23:47:21.436 [main] INFO  o.s.boot.web.embedded.tomcat.TomcatWebServer - Tomcat initialized with port(s): 8080 (http)
2026-09-05 23:47:21.451 [main] INFO  org.apache.catalina.core.StandardService - Starting service [Tomcat]
2026-09-05 23:47:21.451 [main] INFO  org.apache.catalina.core.StandardEngine - Starting Servlet engine: [Apache Tomcat/10.1.5]
2026-09-05 23:47:21.556 [main] INFO  o.a.c.core.ContainerBase.[Tomcat].[localhost].[/] - Initializing Spring embedded WebApplicationContext
2026-09-05 23:47:21.557 [main] INFO  o.s.b.w.s.c.ServletWebServerApplicationContext - Root WebApplicationContext: initialization completed in 1910 ms
2026-09-05 23:47:21.685 [main] INFO  c.a.d.s.b.a.DruidDataSourceAutoConfigure - Init DruidDataSource
2026-09-05 23:47:22.074 [main] INFO  com.alibaba.druid.pool.DruidDataSource - {dataSource-1} inited
2026-09-05 23:47:24.646 [main] INFO  o.s.boot.web.embedded.tomcat.TomcatWebServer - Tomcat started on port(s): 8080 (http) with context path ''
2026-09-05 23:47:24.651 [main] INFO  com.alibaba.nacos.client.naming - initializer namespace from ans.namespace attribute : null
2026-09-05 23:47:24.652 [main] INFO  com.alibaba.nacos.client.naming - initializer namespace from ALIBABA_ALIWARE_NAMESPACE attribute :null
2026-09-05 23:47:24.652 [main] INFO  com.alibaba.nacos.client.naming - initializer namespace from namespace attribute :null
2026-09-05 23:47:24.661 [main] INFO  c.a.n.p.auth.spi.client.ClientAuthPluginManager - [ClientAuthPluginManager] Load ClientAuthService com.alibaba.nacos.client.auth.impl.NacosClientAuthServiceImpl success.
2026-09-05 23:47:24.661 [main] INFO  c.a.n.p.auth.spi.client.ClientAuthPluginManager - [ClientAuthPluginManager] Load ClientAuthService com.alibaba.nacos.client.auth.ram.RamClientAuthServiceImpl success.
2026-09-05 23:47:24.665 [main] INFO  com.alibaba.nacos.common.remote.client - [RpcClientFactory] create a new rpc client of 9ae3fa5e-4ea5-47a1-8be7-1467cb52782d
2026-09-05 23:47:24.667 [main] INFO  com.alibaba.nacos.common.remote.client - [9ae3fa5e-4ea5-47a1-8be7-1467cb52782d] RpcClient init, ServerListFactory = com.alibaba.nacos.client.naming.core.ServerListManager
2026-09-05 23:47:24.667 [main] INFO  com.alibaba.nacos.common.remote.client - [9ae3fa5e-4ea5-47a1-8be7-1467cb52782d] Registry connection listener to current client:com.alibaba.nacos.client.naming.remote.gprc.redo.NamingGrpcRedoService
2026-09-05 23:47:24.667 [main] INFO  com.alibaba.nacos.common.remote.client - [9ae3fa5e-4ea5-47a1-8be7-1467cb52782d] Register server push request handler:com.alibaba.nacos.client.naming.remote.gprc.NamingPushRequestHandler
2026-09-05 23:47:24.667 [main] INFO  com.alibaba.nacos.common.remote.client - [9ae3fa5e-4ea5-47a1-8be7-1467cb52782d] Try to connect to server on start up, server: {serverIp = '127.0.0.1', server main port = 8848}
2026-09-05 23:47:24.668 [main] INFO  c.a.nacos.common.remote.client.grpc.GrpcClient - grpc client connection server:127.0.0.1 ip,serverPort:9848,grpcTslConfig:{"sslProvider":"OPENSSL","enableTls":false,"mutualAuthEnable":false,"trustAll":false}
2026-09-05 23:47:24.788 [main] INFO  com.alibaba.nacos.common.remote.client - [9ae3fa5e-4ea5-47a1-8be7-1467cb52782d] Success to connect to server [127.0.0.1:8848] on start up, connectionId = 1788623244676_172.17.0.1_47518
2026-09-05 23:47:24.788 [com.alibaba.nacos.client.remote.worker] INFO  com.alibaba.nacos.common.remote.client - [9ae3fa5e-4ea5-47a1-8be7-1467cb52782d] Notify connected event to listeners.
2026-09-05 23:47:24.788 [com.alibaba.nacos.client.remote.worker] INFO  com.alibaba.nacos.client.naming - Grpc connection connect
2026-09-05 23:47:24.788 [main] INFO  com.alibaba.nacos.common.remote.client - [9ae3fa5e-4ea5-47a1-8be7-1467cb52782d] Register server push request handler:com.alibaba.nacos.common.remote.client.RpcClient$ConnectResetRequestHandler
2026-09-05 23:47:24.788 [main] INFO  com.alibaba.nacos.common.remote.client - [9ae3fa5e-4ea5-47a1-8be7-1467cb52782d] Register server push request handler:com.alibaba.nacos.common.remote.client.RpcClient$$Lambda$605/0x00000230d24d98d8
2026-09-05 23:47:24.790 [main] INFO  com.alibaba.nacos.client.naming - [REGISTER-SERVICE] xiaohongshu registering service xiaohongshu-auth with instance Instance{instanceId='null', ip='192.168.0.103', port=8080, weight=1.0, healthy=true, enabled=true, ephemeral=true, clusterName='DEFAULT', serviceName='null', metadata={IPv6=null, preserved.register.source=SPRING_CLOUD}}
2026-09-05 23:47:24.805 [main] INFO  c.a.cloud.nacos.registry.NacosServiceRegistry - nacos registry, DEFAULT_GROUP xiaohongshu-auth 192.168.0.103:8080 register finished
2026-09-05 23:47:25.297 [main] INFO  c.g.xiaohongshu.auth.XiaohongshuAuthApplication - Started XiaohongshuAuthApplication in 9.527 seconds (process running for 10.302)
2026-09-05 23:47:25.298 [main] INFO  c.g.x.auth.runner.PushRolePermissions2RedisRunner - ==> 服务启动，开始同步角色权限数据到 Redis 中...
2026-09-05 23:47:25.826 [main] WARN  c.g.x.auth.runner.PushRolePermissions2RedisRunner - ==> 角色权限数据已经同步至 Redis 中，不再同步...
2026-09-05 23:47:25.830 [main] INFO  com.alibaba.nacos.client.config.impl.CacheData - nacos.cache.data.init.snapshot = true 
2026-09-05 23:47:25.831 [main] INFO  com.alibaba.nacos.client.config.impl.ClientWorker - [fixed-xiaohongshu-127.0.0.1_8848] [subscribe] xiaohongshu-auth.yaml+DEFAULT_GROUP+xiaohongshu
2026-09-05 23:47:25.837 [main] INFO  com.alibaba.nacos.client.config.impl.CacheData - [fixed-xiaohongshu-127.0.0.1_8848] [add-listener] ok, tenant=xiaohongshu, dataId=xiaohongshu-auth.yaml, group=DEFAULT_GROUP, cnt=1
2026-09-05 23:47:25.837 [main] INFO  c.a.cloud.nacos.refresh.NacosContextRefresher - [Nacos Config] Listening config: dataId=xiaohongshu-auth.yaml, group=DEFAULT_GROUP
2026-09-05 23:47:25.838 [main] INFO  com.alibaba.nacos.client.config.impl.ClientWorker - [fixed-xiaohongshu-127.0.0.1_8848] [subscribe] xiaohongshu-auth-dev.yaml+DEFAULT_GROUP+xiaohongshu
2026-09-05 23:47:25.838 [main] INFO  com.alibaba.nacos.client.config.impl.CacheData - [fixed-xiaohongshu-127.0.0.1_8848] [add-listener] ok, tenant=xiaohongshu, dataId=xiaohongshu-auth-dev.yaml, group=DEFAULT_GROUP, cnt=1
2026-09-05 23:47:25.838 [main] INFO  c.a.cloud.nacos.refresh.NacosContextRefresher - [Nacos Config] Listening config: dataId=xiaohongshu-auth-dev.yaml, group=DEFAULT_GROUP
2026-09-05 23:47:25.839 [main] INFO  com.alibaba.nacos.client.config.impl.ClientWorker - [fixed-xiaohongshu-127.0.0.1_8848] [subscribe] xiaohongshu-auth+DEFAULT_GROUP+xiaohongshu
2026-09-05 23:47:25.839 [main] INFO  com.alibaba.nacos.client.config.impl.CacheData - [fixed-xiaohongshu-127.0.0.1_8848] [add-listener] ok, tenant=xiaohongshu, dataId=xiaohongshu-auth, group=DEFAULT_GROUP, cnt=1
2026-09-05 23:47:25.839 [main] INFO  c.a.cloud.nacos.refresh.NacosContextRefresher - [Nacos Config] Listening config: dataId=xiaohongshu-auth, group=DEFAULT_GROUP
2026-09-05 23:47:44.047 [http-nio-8080-exec-1] INFO  o.a.c.core.ContainerBase.[Tomcat].[localhost].[/] - Initializing Spring DispatcherServlet 'dispatcherServlet'
2026-09-05 23:47:44.047 [http-nio-8080-exec-1] INFO  org.springframework.web.servlet.DispatcherServlet - Initializing Servlet 'dispatcherServlet'
2026-09-05 23:47:44.048 [http-nio-8080-exec-1] INFO  org.springframework.web.servlet.DispatcherServlet - Completed initialization in 1 ms
2026-09-05 23:47:44.181 [http-nio-8080-exec-1] INFO  c.g.f.b.operationlog.aspect.ApiOperationLogAspect - ====== 请求开始: [修改密码], 入参: {"newPassword":"123456"}, 请求类: UserController, 请求方法: updatePassword =================================== 
2026-09-05 23:47:44.576 [http-nio-8080-exec-1] INFO  c.g.f.b.operationlog.aspect.ApiOperationLogAspect - ====== 请求结束: [修改密码], 耗时: 397ms, 出参: {"success":true,"message":null,"errorCode":null,"data":null} =================================== 
2026-09-05 23:47:53.698 [Thread-2] WARN  c.alibaba.nacos.common.http.HttpClientBeanHolder - [HttpClientBeanHolder] Start destroying common HttpClient
2026-09-05 23:47:53.698 [Thread-9] WARN  com.alibaba.nacos.common.notify.NotifyCenter - [NotifyCenter] Start destroying Publisher
2026-09-05 23:47:53.698 [Thread-9] WARN  com.alibaba.nacos.common.notify.NotifyCenter - [NotifyCenter] Destruction of the end
2026-09-05 23:47:53.699 [Thread-2] WARN  c.alibaba.nacos.common.http.HttpClientBeanHolder - [HttpClientBeanHolder] Destruction of the end
2026-09-05 23:47:53.737 [SpringApplicationShutdownHook] INFO  c.a.cloud.nacos.registry.NacosServiceRegistry - De-registering from Nacos Server now...
2026-09-05 23:47:53.737 [SpringApplicationShutdownHook] INFO  com.alibaba.nacos.client.naming - [DEREGISTER-SERVICE] xiaohongshu deregistering service xiaohongshu-auth with instance: Instance{instanceId='null', ip='192.168.0.103', port=8080, weight=1.0, healthy=true, enabled=true, ephemeral=true, clusterName='DEFAULT', serviceName='null', metadata={}}
2026-09-05 23:47:53.741 [SpringApplicationShutdownHook] INFO  c.a.cloud.nacos.registry.NacosServiceRegistry - De-registration finished.
2026-09-05 23:47:53.741 [SpringApplicationShutdownHook] INFO  com.alibaba.nacos.client.naming - com.alibaba.nacos.client.naming.cache.ServiceInfoHolder do shutdown begin
2026-09-05 23:47:53.741 [SpringApplicationShutdownHook] INFO  com.alibaba.nacos.client.naming - com.alibaba.nacos.client.naming.backups.FailoverReactor do shutdown begin
2026-09-05 23:47:53.742 [SpringApplicationShutdownHook] INFO  com.alibaba.nacos.client.naming - com.alibaba.nacos.client.naming.backups.FailoverReactor do shutdown stop
2026-09-05 23:47:53.742 [SpringApplicationShutdownHook] INFO  com.alibaba.nacos.client.naming - com.alibaba.nacos.client.naming.cache.ServiceInfoHolder do shutdown stop
2026-09-05 23:47:53.742 [SpringApplicationShutdownHook] INFO  com.alibaba.nacos.client.naming - com.alibaba.nacos.client.naming.remote.NamingClientProxyDelegate do shutdown begin
2026-09-05 23:47:53.742 [SpringApplicationShutdownHook] INFO  com.alibaba.nacos.client.naming - com.alibaba.nacos.client.naming.core.ServiceInfoUpdateService do shutdown begin
2026-09-05 23:47:53.742 [SpringApplicationShutdownHook] INFO  com.alibaba.nacos.client.naming - com.alibaba.nacos.client.naming.core.ServiceInfoUpdateService do shutdown stop
2026-09-05 23:47:53.742 [SpringApplicationShutdownHook] INFO  com.alibaba.nacos.client.naming - com.alibaba.nacos.client.naming.core.ServerListManager do shutdown begin
2026-09-05 23:47:53.742 [SpringApplicationShutdownHook] WARN  com.alibaba.nacos.client.naming - [NamingHttpClientManager] Start destroying NacosRestTemplate
2026-09-05 23:47:53.742 [SpringApplicationShutdownHook] WARN  com.alibaba.nacos.client.naming - [NamingHttpClientManager] Destruction of the end
2026-09-05 23:47:53.742 [SpringApplicationShutdownHook] INFO  com.alibaba.nacos.client.naming - com.alibaba.nacos.client.naming.core.ServerListManager do shutdown stop
2026-09-05 23:47:53.742 [SpringApplicationShutdownHook] INFO  com.alibaba.nacos.client.naming - com.alibaba.nacos.client.naming.remote.http.NamingHttpClientProxy do shutdown begin
2026-09-05 23:47:53.742 [SpringApplicationShutdownHook] WARN  com.alibaba.nacos.client.naming - [NamingHttpClientManager] Start destroying NacosRestTemplate
2026-09-05 23:47:53.742 [SpringApplicationShutdownHook] WARN  com.alibaba.nacos.client.naming - [NamingHttpClientManager] Destruction of the end
2026-09-05 23:47:53.742 [SpringApplicationShutdownHook] INFO  com.alibaba.nacos.client.naming - com.alibaba.nacos.client.naming.remote.http.NamingHttpClientProxy do shutdown stop
2026-09-05 23:47:53.742 [SpringApplicationShutdownHook] INFO  com.alibaba.nacos.common.remote.client - Shutdown rpc client, set status to shutdown
2026-09-05 23:47:53.743 [SpringApplicationShutdownHook] INFO  com.alibaba.nacos.common.remote.client - Shutdown client event executor java.util.concurrent.ScheduledThreadPoolExecutor@912335c[Running, pool size = 2, active threads = 2, queued tasks = 0, completed tasks = 0]
2026-09-05 23:47:53.743 [SpringApplicationShutdownHook] INFO  com.alibaba.nacos.common.remote.client - Close current connection 1788623244676_172.17.0.1_47518
2026-09-05 23:47:53.746 [nacos-grpc-client-executor-127.0.0.1-16] WARN  c.a.nacos.common.remote.client.grpc.GrpcClient - [1788623244676_172.17.0.1_47518]Ignore error event,isRunning:false,isAbandon=false
2026-09-05 23:47:53.748 [SpringApplicationShutdownHook] INFO  c.a.nacos.common.remote.client.grpc.GrpcClient - Shutdown grpc executor java.util.concurrent.ThreadPoolExecutor@449918ae[Running, pool size = 5, active threads = 0, queued tasks = 0, completed tasks = 17]
2026-09-05 23:47:53.748 [SpringApplicationShutdownHook] INFO  com.alibaba.nacos.client.naming - Shutdown grpc redo service executor java.util.concurrent.ScheduledThreadPoolExecutor@45f99705[Running, pool size = 1, active threads = 0, queued tasks = 1, completed tasks = 9]
2026-09-05 23:47:53.748 [SpringApplicationShutdownHook] INFO  c.a.n.client.auth.ram.identify.CredentialWatcher - [null] CredentialWatcher is stopped
2026-09-05 23:47:53.748 [SpringApplicationShutdownHook] INFO  c.a.n.client.auth.ram.identify.CredentialService - [null] CredentialService is freed
2026-09-05 23:47:53.749 [SpringApplicationShutdownHook] INFO  com.alibaba.nacos.client.naming - com.alibaba.nacos.client.naming.remote.NamingClientProxyDelegate do shutdown stop
2026-09-05 23:47:53.895 [SpringApplicationShutdownHook] INFO  com.alibaba.druid.pool.DruidDataSource - {dataSource-1} closing ...
2026-09-05 23:47:53.906 [SpringApplicationShutdownHook] INFO  com.alibaba.druid.pool.DruidDataSource - {dataSource-1} closed
2026-09-05 23:47:56.855 [main] WARN  com.alibaba.nacos.client.logging.NacosLogging - Load Logback Configuration of Nacos fail, message: Could not initialize Logback Nacos logging from classpath:nacos-logback.xml
2026-09-05 23:47:56.913 [main] WARN  com.alibaba.nacos.client.logging.NacosLogging - Load Logback Configuration of Nacos fail, message: Could not initialize Logback Nacos logging from classpath:nacos-logback.xml
2026-09-05 23:47:57.113 [main] WARN  com.alibaba.nacos.client.logging.NacosLogging - Load Logback Configuration of Nacos fail, message: Could not initialize Logback Nacos logging from classpath:nacos-logback.xml
2026-09-05 23:47:57.115 [main] INFO  com.alibaba.nacos.client.utils.ParamUtil - [settings] [req-serv] nacos-server port:8848
2026-09-05 23:47:57.115 [main] INFO  com.alibaba.nacos.client.utils.ParamUtil - [settings] [http-client] connect timeout:1000
2026-09-05 23:47:57.116 [main] INFO  com.alibaba.nacos.client.utils.ParamUtil - PER_TASK_CONFIG_SIZE: 3000.0
2026-09-05 23:47:57.139 [main] INFO  c.a.n.p.auth.spi.client.ClientAuthPluginManager - [ClientAuthPluginManager] Load ClientAuthService com.alibaba.nacos.client.auth.impl.NacosClientAuthServiceImpl success.
2026-09-05 23:47:57.140 [main] INFO  c.a.n.p.auth.spi.client.ClientAuthPluginManager - [ClientAuthPluginManager] Load ClientAuthService com.alibaba.nacos.client.auth.ram.RamClientAuthServiceImpl success.
2026-09-05 23:47:57.142 [main] INFO  c.a.n.client.auth.ram.identify.CredentialWatcher - null No credential found
2026-09-05 23:47:57.782 [main] WARN  com.alibaba.nacos.client.logging.NacosLogging - Load Logback Configuration of Nacos fail, message: Could not initialize Logback Nacos logging from classpath:nacos-logback.xml
2026-09-05 23:47:57.797 [main] INFO  c.a.n.client.config.impl.LocalConfigInfoProcessor - LOCAL_SNAPSHOT_PATH:C:\Users\Administrator\nacos\config
2026-09-05 23:47:57.802 [main] INFO  com.alibaba.nacos.common.remote.client - [RpcClientFactory] create a new rpc client of 7e55e0de-86a4-4014-b67b-b4a499a28d2e_config-0
2026-09-05 23:47:57.819 [main] INFO  com.alibaba.nacos.common.remote.client - [7e55e0de-86a4-4014-b67b-b4a499a28d2e_config-0] Register server push request handler:com.alibaba.nacos.client.config.impl.ClientWorker$ConfigRpcTransportClient$$Lambda$585/0x0000022181391540
2026-09-05 23:47:57.819 [main] INFO  com.alibaba.nacos.common.remote.client - [7e55e0de-86a4-4014-b67b-b4a499a28d2e_config-0] Register server push request handler:com.alibaba.nacos.client.config.impl.ClientWorker$ConfigRpcTransportClient$$Lambda$586/0x0000022181391960
2026-09-05 23:47:57.819 [main] INFO  com.alibaba.nacos.common.remote.client - [7e55e0de-86a4-4014-b67b-b4a499a28d2e_config-0] Registry connection listener to current client:com.alibaba.nacos.client.config.impl.ClientWorker$ConfigRpcTransportClient$1
2026-09-05 23:47:57.820 [main] INFO  com.alibaba.nacos.common.remote.client - [7e55e0de-86a4-4014-b67b-b4a499a28d2e_config-0] RpcClient init, ServerListFactory = com.alibaba.nacos.client.config.impl.ClientWorker$ConfigRpcTransportClient$2
2026-09-05 23:47:57.826 [main] INFO  com.alibaba.nacos.common.remote.client - [7e55e0de-86a4-4014-b67b-b4a499a28d2e_config-0] Try to connect to server on start up, server: {serverIp = '127.0.0.1', server main port = 8848}
2026-09-05 23:47:57.876 [main] INFO  c.a.nacos.common.remote.client.grpc.GrpcClient - grpc client connection server:127.0.0.1 ip,serverPort:9848,grpcTslConfig:{"sslProvider":"OPENSSL","enableTls":false,"mutualAuthEnable":false,"trustAll":false}
2026-09-05 23:47:59.106 [main] INFO  com.alibaba.nacos.common.remote.client - [7e55e0de-86a4-4014-b67b-b4a499a28d2e_config-0] Success to connect to server [127.0.0.1:8848] on start up, connectionId = 1788623278902_172.17.0.1_52996
2026-09-05 23:47:59.107 [com.alibaba.nacos.client.remote.worker] INFO  com.alibaba.nacos.common.remote.client - [7e55e0de-86a4-4014-b67b-b4a499a28d2e_config-0] Notify connected event to listeners.
2026-09-05 23:47:59.107 [com.alibaba.nacos.client.remote.worker] INFO  com.alibaba.nacos.client.config.impl.ClientWorker - [7e55e0de-86a4-4014-b67b-b4a499a28d2e_config-0] Connected,notify listen context...
2026-09-05 23:47:59.107 [main] INFO  com.alibaba.nacos.common.remote.client - [7e55e0de-86a4-4014-b67b-b4a499a28d2e_config-0] Register server push request handler:com.alibaba.nacos.common.remote.client.RpcClient$ConnectResetRequestHandler
2026-09-05 23:47:59.108 [main] INFO  com.alibaba.nacos.common.remote.client - [7e55e0de-86a4-4014-b67b-b4a499a28d2e_config-0] Register server push request handler:com.alibaba.nacos.common.remote.client.RpcClient$$Lambda$606/0x00000221814d9ed8
2026-09-05 23:47:59.152 [main] INFO  com.alibaba.nacos.client.config.impl.Limiter - limitTime:5.0
2026-09-05 23:47:59.271 [main] INFO  com.alibaba.nacos.client.config.utils.JvmUtil - isMultiInstance:false
2026-09-05 23:47:59.429 [main] WARN  c.a.cloud.nacos.client.NacosPropertySourceBuilder - Ignore the empty nacos configuration and get it based on dataId[xiaohongshu-auth.yaml] & group[DEFAULT_GROUP]
2026-09-05 23:47:59.449 [main] INFO  o.s.c.b.c.PropertySourceBootstrapConfiguration - Located property source: [BootstrapPropertySource {name='bootstrapProperties-xiaohongshu-auth-dev.yaml,DEFAULT_GROUP'}, BootstrapPropertySource {name='bootstrapProperties-xiaohongshu-auth.yaml,DEFAULT_GROUP'}, BootstrapPropertySource {name='bootstrapProperties-xiaohongshu-auth,DEFAULT_GROUP'}]
2026-09-05 23:47:59.473 [main] WARN  com.alibaba.nacos.client.logging.NacosLogging - Load Logback Configuration of Nacos fail, message: Could not initialize Logback Nacos logging from classpath:nacos-logback.xml
2026-09-05 23:47:59.473 [main] INFO  c.g.xiaohongshu.auth.XiaohongshuAuthApplication - The following 1 profile is active: "dev"
2026-09-05 23:48:00.205 [main] INFO  o.s.d.r.config.RepositoryConfigurationDelegate - Multiple Spring Data modules found, entering strict repository configuration mode
2026-09-05 23:48:00.209 [main] INFO  o.s.d.r.config.RepositoryConfigurationDelegate - Bootstrapping Spring Data Redis repositories in DEFAULT mode.
2026-09-05 23:48:00.232 [main] INFO  o.s.d.r.config.RepositoryConfigurationDelegate - Finished Spring Data repository scanning in 10 ms. Found 0 Redis repository interfaces.
2026-09-05 23:48:00.363 [main] INFO  o.springframework.cloud.context.scope.GenericScope - BeanFactory id=2d41976f-8878-33e3-b096-896e8e208f1f
2026-09-05 23:48:00.933 [main] INFO  o.s.boot.web.embedded.tomcat.TomcatWebServer - Tomcat initialized with port(s): 8080 (http)
2026-09-05 23:48:00.947 [main] INFO  org.apache.catalina.core.StandardService - Starting service [Tomcat]
2026-09-05 23:48:00.947 [main] INFO  org.apache.catalina.core.StandardEngine - Starting Servlet engine: [Apache Tomcat/10.1.5]
2026-09-05 23:48:01.041 [main] INFO  o.a.c.core.ContainerBase.[Tomcat].[localhost].[/] - Initializing Spring embedded WebApplicationContext
2026-09-05 23:48:01.042 [main] INFO  o.s.b.w.s.c.ServletWebServerApplicationContext - Root WebApplicationContext: initialization completed in 1550 ms
2026-09-05 23:48:01.170 [main] INFO  c.a.d.s.b.a.DruidDataSourceAutoConfigure - Init DruidDataSource
2026-09-05 23:48:01.580 [main] INFO  com.alibaba.druid.pool.DruidDataSource - {dataSource-1} inited
2026-09-05 23:48:03.817 [main] INFO  o.s.boot.web.embedded.tomcat.TomcatWebServer - Tomcat started on port(s): 8080 (http) with context path ''
2026-09-05 23:48:03.821 [main] INFO  com.alibaba.nacos.client.naming - initializer namespace from ans.namespace attribute : null
2026-09-05 23:48:03.821 [main] INFO  com.alibaba.nacos.client.naming - initializer namespace from ALIBABA_ALIWARE_NAMESPACE attribute :null
2026-09-05 23:48:03.822 [main] INFO  com.alibaba.nacos.client.naming - initializer namespace from namespace attribute :null
2026-09-05 23:48:03.829 [main] INFO  c.a.n.p.auth.spi.client.ClientAuthPluginManager - [ClientAuthPluginManager] Load ClientAuthService com.alibaba.nacos.client.auth.impl.NacosClientAuthServiceImpl success.
2026-09-05 23:48:03.829 [main] INFO  c.a.n.p.auth.spi.client.ClientAuthPluginManager - [ClientAuthPluginManager] Load ClientAuthService com.alibaba.nacos.client.auth.ram.RamClientAuthServiceImpl success.
2026-09-05 23:48:03.833 [main] INFO  com.alibaba.nacos.common.remote.client - [RpcClientFactory] create a new rpc client of 5c8bfb4b-97ee-4fa8-a9e7-74d4cbaf495f
2026-09-05 23:48:03.835 [main] INFO  com.alibaba.nacos.common.remote.client - [5c8bfb4b-97ee-4fa8-a9e7-74d4cbaf495f] RpcClient init, ServerListFactory = com.alibaba.nacos.client.naming.core.ServerListManager
2026-09-05 23:48:03.835 [main] INFO  com.alibaba.nacos.common.remote.client - [5c8bfb4b-97ee-4fa8-a9e7-74d4cbaf495f] Registry connection listener to current client:com.alibaba.nacos.client.naming.remote.gprc.redo.NamingGrpcRedoService
2026-09-05 23:48:03.835 [main] INFO  com.alibaba.nacos.common.remote.client - [5c8bfb4b-97ee-4fa8-a9e7-74d4cbaf495f] Register server push request handler:com.alibaba.nacos.client.naming.remote.gprc.NamingPushRequestHandler
2026-09-05 23:48:03.836 [main] INFO  com.alibaba.nacos.common.remote.client - [5c8bfb4b-97ee-4fa8-a9e7-74d4cbaf495f] Try to connect to server on start up, server: {serverIp = '127.0.0.1', server main port = 8848}
2026-09-05 23:48:03.836 [main] INFO  c.a.nacos.common.remote.client.grpc.GrpcClient - grpc client connection server:127.0.0.1 ip,serverPort:9848,grpcTslConfig:{"sslProvider":"OPENSSL","enableTls":false,"mutualAuthEnable":false,"trustAll":false}
2026-09-05 23:48:03.982 [main] INFO  com.alibaba.nacos.common.remote.client - [5c8bfb4b-97ee-4fa8-a9e7-74d4cbaf495f] Success to connect to server [127.0.0.1:8848] on start up, connectionId = 1788623283864_172.17.0.1_37222
2026-09-05 23:48:03.982 [com.alibaba.nacos.client.remote.worker] INFO  com.alibaba.nacos.common.remote.client - [5c8bfb4b-97ee-4fa8-a9e7-74d4cbaf495f] Notify connected event to listeners.
2026-09-05 23:48:03.982 [main] INFO  com.alibaba.nacos.common.remote.client - [5c8bfb4b-97ee-4fa8-a9e7-74d4cbaf495f] Register server push request handler:com.alibaba.nacos.common.remote.client.RpcClient$ConnectResetRequestHandler
2026-09-05 23:48:03.982 [main] INFO  com.alibaba.nacos.common.remote.client - [5c8bfb4b-97ee-4fa8-a9e7-74d4cbaf495f] Register server push request handler:com.alibaba.nacos.common.remote.client.RpcClient$$Lambda$606/0x00000221814d9ed8
2026-09-05 23:48:03.982 [com.alibaba.nacos.client.remote.worker] INFO  com.alibaba.nacos.client.naming - Grpc connection connect
2026-09-05 23:48:03.983 [main] INFO  com.alibaba.nacos.client.naming - [REGISTER-SERVICE] xiaohongshu registering service xiaohongshu-auth with instance Instance{instanceId='null', ip='192.168.0.103', port=8080, weight=1.0, healthy=true, enabled=true, ephemeral=true, clusterName='DEFAULT', serviceName='null', metadata={IPv6=null, preserved.register.source=SPRING_CLOUD}}
2026-09-05 23:48:03.998 [main] INFO  c.a.cloud.nacos.registry.NacosServiceRegistry - nacos registry, DEFAULT_GROUP xiaohongshu-auth 192.168.0.103:8080 register finished
2026-09-05 23:48:04.453 [main] INFO  c.g.xiaohongshu.auth.XiaohongshuAuthApplication - Started XiaohongshuAuthApplication in 8.578 seconds (process running for 9.325)
2026-09-05 23:48:04.454 [main] INFO  c.g.x.auth.runner.PushRolePermissions2RedisRunner - ==> 服务启动，开始同步角色权限数据到 Redis 中...
2026-09-05 23:48:04.944 [main] WARN  c.g.x.auth.runner.PushRolePermissions2RedisRunner - ==> 角色权限数据已经同步至 Redis 中，不再同步...
2026-09-05 23:48:04.947 [main] INFO  com.alibaba.nacos.client.config.impl.CacheData - nacos.cache.data.init.snapshot = true 
2026-09-05 23:48:04.947 [main] INFO  com.alibaba.nacos.client.config.impl.ClientWorker - [fixed-xiaohongshu-127.0.0.1_8848] [subscribe] xiaohongshu-auth.yaml+DEFAULT_GROUP+xiaohongshu
2026-09-05 23:48:04.953 [main] INFO  com.alibaba.nacos.client.config.impl.CacheData - [fixed-xiaohongshu-127.0.0.1_8848] [add-listener] ok, tenant=xiaohongshu, dataId=xiaohongshu-auth.yaml, group=DEFAULT_GROUP, cnt=1
2026-09-05 23:48:04.953 [main] INFO  c.a.cloud.nacos.refresh.NacosContextRefresher - [Nacos Config] Listening config: dataId=xiaohongshu-auth.yaml, group=DEFAULT_GROUP
2026-09-05 23:48:04.954 [main] INFO  com.alibaba.nacos.client.config.impl.ClientWorker - [fixed-xiaohongshu-127.0.0.1_8848] [subscribe] xiaohongshu-auth-dev.yaml+DEFAULT_GROUP+xiaohongshu
2026-09-05 23:48:04.954 [main] INFO  com.alibaba.nacos.client.config.impl.CacheData - [fixed-xiaohongshu-127.0.0.1_8848] [add-listener] ok, tenant=xiaohongshu, dataId=xiaohongshu-auth-dev.yaml, group=DEFAULT_GROUP, cnt=1
2026-09-05 23:48:04.954 [main] INFO  c.a.cloud.nacos.refresh.NacosContextRefresher - [Nacos Config] Listening config: dataId=xiaohongshu-auth-dev.yaml, group=DEFAULT_GROUP
2026-09-05 23:48:04.955 [main] INFO  com.alibaba.nacos.client.config.impl.ClientWorker - [fixed-xiaohongshu-127.0.0.1_8848] [subscribe] xiaohongshu-auth+DEFAULT_GROUP+xiaohongshu
2026-09-05 23:48:04.955 [main] INFO  com.alibaba.nacos.client.config.impl.CacheData - [fixed-xiaohongshu-127.0.0.1_8848] [add-listener] ok, tenant=xiaohongshu, dataId=xiaohongshu-auth, group=DEFAULT_GROUP, cnt=1
2026-09-05 23:48:04.955 [main] INFO  c.a.cloud.nacos.refresh.NacosContextRefresher - [Nacos Config] Listening config: dataId=xiaohongshu-auth, group=DEFAULT_GROUP
2026-09-05 23:50:03.656 [http-nio-8080-exec-1] INFO  o.a.c.core.ContainerBase.[Tomcat].[localhost].[/] - Initializing Spring DispatcherServlet 'dispatcherServlet'
2026-09-05 23:50:03.657 [http-nio-8080-exec-1] INFO  org.springframework.web.servlet.DispatcherServlet - Initializing Servlet 'dispatcherServlet'
2026-09-05 23:50:03.658 [http-nio-8080-exec-1] INFO  org.springframework.web.servlet.DispatcherServlet - Completed initialization in 1 ms
2026-09-05 23:50:03.807 [http-nio-8080-exec-1] INFO  c.g.f.b.operationlog.aspect.ApiOperationLogAspect - ====== 请求开始: [修改密码], 入参: {"newPassword":"123456"}, 请求类: UserController, 请求方法: updatePassword =================================== 
2026-09-05 23:50:04.251 [http-nio-8080-exec-1] INFO  c.g.f.b.operationlog.aspect.ApiOperationLogAspect - ====== 请求结束: [修改密码], 耗时: 444ms, 出参: {"success":true,"message":null,"errorCode":null,"data":null} =================================== 
2026-09-05 23:51:21.077 [Thread-2] WARN  c.alibaba.nacos.common.http.HttpClientBeanHolder - [HttpClientBeanHolder] Start destroying common HttpClient
2026-09-05 23:51:21.077 [Thread-9] WARN  com.alibaba.nacos.common.notify.NotifyCenter - [NotifyCenter] Start destroying Publisher
2026-09-05 23:51:21.077 [Thread-9] WARN  com.alibaba.nacos.common.notify.NotifyCenter - [NotifyCenter] Destruction of the end
2026-09-05 23:51:21.078 [Thread-2] WARN  c.alibaba.nacos.common.http.HttpClientBeanHolder - [HttpClientBeanHolder] Destruction of the end
2026-09-05 23:51:21.120 [SpringApplicationShutdownHook] INFO  c.a.cloud.nacos.registry.NacosServiceRegistry - De-registering from Nacos Server now...
2026-09-05 23:51:21.120 [SpringApplicationShutdownHook] INFO  com.alibaba.nacos.client.naming - [DEREGISTER-SERVICE] xiaohongshu deregistering service xiaohongshu-auth with instance: Instance{instanceId='null', ip='192.168.0.103', port=8080, weight=1.0, healthy=true, enabled=true, ephemeral=true, clusterName='DEFAULT', serviceName='null', metadata={}}
2026-09-05 23:51:21.125 [SpringApplicationShutdownHook] INFO  c.a.cloud.nacos.registry.NacosServiceRegistry - De-registration finished.
2026-09-05 23:51:21.126 [SpringApplicationShutdownHook] INFO  com.alibaba.nacos.client.naming - com.alibaba.nacos.client.naming.cache.ServiceInfoHolder do shutdown begin
2026-09-05 23:51:21.126 [SpringApplicationShutdownHook] INFO  com.alibaba.nacos.client.naming - com.alibaba.nacos.client.naming.backups.FailoverReactor do shutdown begin
2026-09-05 23:51:21.126 [SpringApplicationShutdownHook] INFO  com.alibaba.nacos.client.naming - com.alibaba.nacos.client.naming.backups.FailoverReactor do shutdown stop
2026-09-05 23:51:21.126 [SpringApplicationShutdownHook] INFO  com.alibaba.nacos.client.naming - com.alibaba.nacos.client.naming.cache.ServiceInfoHolder do shutdown stop
2026-09-05 23:51:21.126 [SpringApplicationShutdownHook] INFO  com.alibaba.nacos.client.naming - com.alibaba.nacos.client.naming.remote.NamingClientProxyDelegate do shutdown begin
2026-09-05 23:51:21.126 [SpringApplicationShutdownHook] INFO  com.alibaba.nacos.client.naming - com.alibaba.nacos.client.naming.core.ServiceInfoUpdateService do shutdown begin
2026-09-05 23:51:21.126 [SpringApplicationShutdownHook] INFO  com.alibaba.nacos.client.naming - com.alibaba.nacos.client.naming.core.ServiceInfoUpdateService do shutdown stop
2026-09-05 23:51:21.126 [SpringApplicationShutdownHook] INFO  com.alibaba.nacos.client.naming - com.alibaba.nacos.client.naming.core.ServerListManager do shutdown begin
2026-09-05 23:51:21.126 [SpringApplicationShutdownHook] WARN  com.alibaba.nacos.client.naming - [NamingHttpClientManager] Start destroying NacosRestTemplate
2026-09-05 23:51:21.126 [SpringApplicationShutdownHook] WARN  com.alibaba.nacos.client.naming - [NamingHttpClientManager] Destruction of the end
2026-09-05 23:51:21.126 [SpringApplicationShutdownHook] INFO  com.alibaba.nacos.client.naming - com.alibaba.nacos.client.naming.core.ServerListManager do shutdown stop
2026-09-05 23:51:21.126 [SpringApplicationShutdownHook] INFO  com.alibaba.nacos.client.naming - com.alibaba.nacos.client.naming.remote.http.NamingHttpClientProxy do shutdown begin
2026-09-05 23:51:21.126 [SpringApplicationShutdownHook] WARN  com.alibaba.nacos.client.naming - [NamingHttpClientManager] Start destroying NacosRestTemplate
2026-09-05 23:51:21.127 [SpringApplicationShutdownHook] WARN  com.alibaba.nacos.client.naming - [NamingHttpClientManager] Destruction of the end
2026-09-05 23:51:21.127 [SpringApplicationShutdownHook] INFO  com.alibaba.nacos.client.naming - com.alibaba.nacos.client.naming.remote.http.NamingHttpClientProxy do shutdown stop
2026-09-05 23:51:21.127 [SpringApplicationShutdownHook] INFO  com.alibaba.nacos.common.remote.client - Shutdown rpc client, set status to shutdown
2026-09-05 23:51:21.127 [SpringApplicationShutdownHook] INFO  com.alibaba.nacos.common.remote.client - Shutdown client event executor java.util.concurrent.ScheduledThreadPoolExecutor@1806bb57[Running, pool size = 2, active threads = 2, queued tasks = 0, completed tasks = 0]
2026-09-05 23:51:21.127 [SpringApplicationShutdownHook] INFO  com.alibaba.nacos.common.remote.client - Close current connection 1788623283864_172.17.0.1_37222
2026-09-05 23:51:21.131 [nacos-grpc-client-executor-127.0.0.1-52] WARN  c.a.nacos.common.remote.client.grpc.GrpcClient - [1788623283864_172.17.0.1_37222]Ignore error event,isRunning:false,isAbandon=false
2026-09-05 23:51:21.132 [SpringApplicationShutdownHook] INFO  c.a.nacos.common.remote.client.grpc.GrpcClient - Shutdown grpc executor java.util.concurrent.ThreadPoolExecutor@3c837bdb[Running, pool size = 4, active threads = 0, queued tasks = 0, completed tasks = 53]
2026-09-05 23:51:21.132 [SpringApplicationShutdownHook] INFO  com.alibaba.nacos.client.naming - Shutdown grpc redo service executor java.util.concurrent.ScheduledThreadPoolExecutor@66bbe682[Running, pool size = 1, active threads = 0, queued tasks = 1, completed tasks = 65]
2026-09-05 23:51:21.132 [SpringApplicationShutdownHook] INFO  c.a.n.client.auth.ram.identify.CredentialWatcher - [null] CredentialWatcher is stopped
2026-09-05 23:51:21.132 [SpringApplicationShutdownHook] INFO  c.a.n.client.auth.ram.identify.CredentialService - [null] CredentialService is freed
2026-09-05 23:51:21.132 [SpringApplicationShutdownHook] INFO  com.alibaba.nacos.client.naming - com.alibaba.nacos.client.naming.remote.NamingClientProxyDelegate do shutdown stop
2026-09-05 23:51:21.259 [SpringApplicationShutdownHook] INFO  com.alibaba.druid.pool.DruidDataSource - {dataSource-1} closing ...
2026-09-05 23:51:21.278 [SpringApplicationShutdownHook] INFO  com.alibaba.druid.pool.DruidDataSource - {dataSource-1} closed
2026-09-05 23:51:25.540 [main] WARN  com.alibaba.nacos.client.logging.NacosLogging - Load Logback Configuration of Nacos fail, message: Could not initialize Logback Nacos logging from classpath:nacos-logback.xml
2026-09-05 23:51:25.601 [main] WARN  com.alibaba.nacos.client.logging.NacosLogging - Load Logback Configuration of Nacos fail, message: Could not initialize Logback Nacos logging from classpath:nacos-logback.xml
2026-09-05 23:51:25.810 [main] WARN  com.alibaba.nacos.client.logging.NacosLogging - Load Logback Configuration of Nacos fail, message: Could not initialize Logback Nacos logging from classpath:nacos-logback.xml
2026-09-05 23:51:25.812 [main] INFO  com.alibaba.nacos.client.utils.ParamUtil - [settings] [req-serv] nacos-server port:8848
2026-09-05 23:51:25.813 [main] INFO  com.alibaba.nacos.client.utils.ParamUtil - [settings] [http-client] connect timeout:1000
2026-09-05 23:51:25.814 [main] INFO  com.alibaba.nacos.client.utils.ParamUtil - PER_TASK_CONFIG_SIZE: 3000.0
2026-09-05 23:51:25.841 [main] INFO  c.a.n.p.auth.spi.client.ClientAuthPluginManager - [ClientAuthPluginManager] Load ClientAuthService com.alibaba.nacos.client.auth.impl.NacosClientAuthServiceImpl success.
2026-09-05 23:51:25.841 [main] INFO  c.a.n.p.auth.spi.client.ClientAuthPluginManager - [ClientAuthPluginManager] Load ClientAuthService com.alibaba.nacos.client.auth.ram.RamClientAuthServiceImpl success.
2026-09-05 23:51:25.844 [main] INFO  c.a.n.client.auth.ram.identify.CredentialWatcher - null No credential found
2026-09-05 23:51:26.383 [main] WARN  com.alibaba.nacos.client.logging.NacosLogging - Load Logback Configuration of Nacos fail, message: Could not initialize Logback Nacos logging from classpath:nacos-logback.xml
2026-09-05 23:51:26.394 [main] INFO  c.a.n.client.config.impl.LocalConfigInfoProcessor - LOCAL_SNAPSHOT_PATH:C:\Users\Administrator\nacos\config
2026-09-05 23:51:26.397 [main] INFO  com.alibaba.nacos.common.remote.client - [RpcClientFactory] create a new rpc client of fb1a2c20-58af-44af-8f8f-7ee1241560b7_config-0
2026-09-05 23:51:26.411 [main] INFO  com.alibaba.nacos.common.remote.client - [fb1a2c20-58af-44af-8f8f-7ee1241560b7_config-0] Register server push request handler:com.alibaba.nacos.client.config.impl.ClientWorker$ConfigRpcTransportClient$$Lambda$584/0x000002d93a3ccfb8
2026-09-05 23:51:26.412 [main] INFO  com.alibaba.nacos.common.remote.client - [fb1a2c20-58af-44af-8f8f-7ee1241560b7_config-0] Register server push request handler:com.alibaba.nacos.client.config.impl.ClientWorker$ConfigRpcTransportClient$$Lambda$585/0x000002d93a3cd3d8
2026-09-05 23:51:26.412 [main] INFO  com.alibaba.nacos.common.remote.client - [fb1a2c20-58af-44af-8f8f-7ee1241560b7_config-0] Registry connection listener to current client:com.alibaba.nacos.client.config.impl.ClientWorker$ConfigRpcTransportClient$1
2026-09-05 23:51:26.412 [main] INFO  com.alibaba.nacos.common.remote.client - [fb1a2c20-58af-44af-8f8f-7ee1241560b7_config-0] RpcClient init, ServerListFactory = com.alibaba.nacos.client.config.impl.ClientWorker$ConfigRpcTransportClient$2
2026-09-05 23:51:26.419 [main] INFO  com.alibaba.nacos.common.remote.client - [fb1a2c20-58af-44af-8f8f-7ee1241560b7_config-0] Try to connect to server on start up, server: {serverIp = '127.0.0.1', server main port = 8848}
2026-09-05 23:51:26.452 [main] INFO  c.a.nacos.common.remote.client.grpc.GrpcClient - grpc client connection server:127.0.0.1 ip,serverPort:9848,grpcTslConfig:{"sslProvider":"OPENSSL","enableTls":false,"mutualAuthEnable":false,"trustAll":false}
2026-09-05 23:51:27.597 [main] INFO  com.alibaba.nacos.common.remote.client - [fb1a2c20-58af-44af-8f8f-7ee1241560b7_config-0] Success to connect to server [127.0.0.1:8848] on start up, connectionId = 1788623487357_172.17.0.1_37644
2026-09-05 23:51:27.599 [main] INFO  com.alibaba.nacos.common.remote.client - [fb1a2c20-58af-44af-8f8f-7ee1241560b7_config-0] Register server push request handler:com.alibaba.nacos.common.remote.client.RpcClient$ConnectResetRequestHandler
2026-09-05 23:51:27.600 [main] INFO  com.alibaba.nacos.common.remote.client - [fb1a2c20-58af-44af-8f8f-7ee1241560b7_config-0] Register server push request handler:com.alibaba.nacos.common.remote.client.RpcClient$$Lambda$605/0x000002d93a5151f0
2026-09-05 23:51:27.604 [com.alibaba.nacos.client.remote.worker] INFO  com.alibaba.nacos.common.remote.client - [fb1a2c20-58af-44af-8f8f-7ee1241560b7_config-0] Notify connected event to listeners.
2026-09-05 23:51:27.604 [com.alibaba.nacos.client.remote.worker] INFO  com.alibaba.nacos.client.config.impl.ClientWorker - [fb1a2c20-58af-44af-8f8f-7ee1241560b7_config-0] Connected,notify listen context...
2026-09-05 23:51:27.653 [main] INFO  com.alibaba.nacos.client.config.impl.Limiter - limitTime:5.0
2026-09-05 23:51:27.953 [main] INFO  com.alibaba.nacos.client.config.utils.JvmUtil - isMultiInstance:false
2026-09-05 23:51:27.967 [main] WARN  c.a.cloud.nacos.client.NacosPropertySourceBuilder - Ignore the empty nacos configuration and get it based on dataId[xiaohongshu-auth.yaml] & group[DEFAULT_GROUP]
2026-09-05 23:51:27.987 [main] INFO  o.s.c.b.c.PropertySourceBootstrapConfiguration - Located property source: [BootstrapPropertySource {name='bootstrapProperties-xiaohongshu-auth-dev.yaml,DEFAULT_GROUP'}, BootstrapPropertySource {name='bootstrapProperties-xiaohongshu-auth.yaml,DEFAULT_GROUP'}, BootstrapPropertySource {name='bootstrapProperties-xiaohongshu-auth,DEFAULT_GROUP'}]
2026-09-05 23:51:28.016 [main] WARN  com.alibaba.nacos.client.logging.NacosLogging - Load Logback Configuration of Nacos fail, message: Could not initialize Logback Nacos logging from classpath:nacos-logback.xml
2026-09-05 23:51:28.017 [main] INFO  c.g.xiaohongshu.auth.XiaohongshuAuthApplication - The following 1 profile is active: "dev"
2026-09-05 23:51:28.673 [main] INFO  o.s.d.r.config.RepositoryConfigurationDelegate - Multiple Spring Data modules found, entering strict repository configuration mode
2026-09-05 23:51:28.679 [main] INFO  o.s.d.r.config.RepositoryConfigurationDelegate - Bootstrapping Spring Data Redis repositories in DEFAULT mode.
2026-09-05 23:51:28.706 [main] INFO  o.s.d.r.config.RepositoryConfigurationDelegate - Finished Spring Data repository scanning in 10 ms. Found 0 Redis repository interfaces.
2026-09-05 23:51:28.845 [main] INFO  o.springframework.cloud.context.scope.GenericScope - BeanFactory id=2d41976f-8878-33e3-b096-896e8e208f1f
2026-09-05 23:51:29.487 [main] INFO  o.s.boot.web.embedded.tomcat.TomcatWebServer - Tomcat initialized with port(s): 8080 (http)
2026-09-05 23:51:29.504 [main] INFO  org.apache.catalina.core.StandardService - Starting service [Tomcat]
2026-09-05 23:51:29.504 [main] INFO  org.apache.catalina.core.StandardEngine - Starting Servlet engine: [Apache Tomcat/10.1.5]
2026-09-05 23:51:29.616 [main] INFO  o.a.c.core.ContainerBase.[Tomcat].[localhost].[/] - Initializing Spring embedded WebApplicationContext
2026-09-05 23:51:29.617 [main] INFO  o.s.b.w.s.c.ServletWebServerApplicationContext - Root WebApplicationContext: initialization completed in 1580 ms
2026-09-05 23:51:29.763 [main] INFO  c.a.d.s.b.a.DruidDataSourceAutoConfigure - Init DruidDataSource
2026-09-05 23:51:30.151 [main] INFO  com.alibaba.druid.pool.DruidDataSource - {dataSource-1} inited
2026-09-05 23:51:32.469 [main] INFO  o.s.boot.web.embedded.tomcat.TomcatWebServer - Tomcat started on port(s): 8080 (http) with context path ''
2026-09-05 23:51:32.473 [main] INFO  com.alibaba.nacos.client.naming - initializer namespace from ans.namespace attribute : null
2026-09-05 23:51:32.474 [main] INFO  com.alibaba.nacos.client.naming - initializer namespace from ALIBABA_ALIWARE_NAMESPACE attribute :null
2026-09-05 23:51:32.474 [main] INFO  com.alibaba.nacos.client.naming - initializer namespace from namespace attribute :null
2026-09-05 23:51:32.483 [main] INFO  c.a.n.p.auth.spi.client.ClientAuthPluginManager - [ClientAuthPluginManager] Load ClientAuthService com.alibaba.nacos.client.auth.impl.NacosClientAuthServiceImpl success.
2026-09-05 23:51:32.484 [main] INFO  c.a.n.p.auth.spi.client.ClientAuthPluginManager - [ClientAuthPluginManager] Load ClientAuthService com.alibaba.nacos.client.auth.ram.RamClientAuthServiceImpl success.
2026-09-05 23:51:32.488 [main] INFO  com.alibaba.nacos.common.remote.client - [RpcClientFactory] create a new rpc client of 353cb40c-0562-46be-9986-ffb751b48f6d
2026-09-05 23:51:32.490 [main] INFO  com.alibaba.nacos.common.remote.client - [353cb40c-0562-46be-9986-ffb751b48f6d] RpcClient init, ServerListFactory = com.alibaba.nacos.client.naming.core.ServerListManager
2026-09-05 23:51:32.490 [main] INFO  com.alibaba.nacos.common.remote.client - [353cb40c-0562-46be-9986-ffb751b48f6d] Registry connection listener to current client:com.alibaba.nacos.client.naming.remote.gprc.redo.NamingGrpcRedoService
2026-09-05 23:51:32.490 [main] INFO  com.alibaba.nacos.common.remote.client - [353cb40c-0562-46be-9986-ffb751b48f6d] Register server push request handler:com.alibaba.nacos.client.naming.remote.gprc.NamingPushRequestHandler
2026-09-05 23:51:32.491 [main] INFO  com.alibaba.nacos.common.remote.client - [353cb40c-0562-46be-9986-ffb751b48f6d] Try to connect to server on start up, server: {serverIp = '127.0.0.1', server main port = 8848}
2026-09-05 23:51:32.491 [main] INFO  c.a.nacos.common.remote.client.grpc.GrpcClient - grpc client connection server:127.0.0.1 ip,serverPort:9848,grpcTslConfig:{"sslProvider":"OPENSSL","enableTls":false,"mutualAuthEnable":false,"trustAll":false}
2026-09-05 23:51:32.617 [main] INFO  com.alibaba.nacos.common.remote.client - [353cb40c-0562-46be-9986-ffb751b48f6d] Success to connect to server [127.0.0.1:8848] on start up, connectionId = 1788623492497_172.17.0.1_37654
2026-09-05 23:51:32.617 [com.alibaba.nacos.client.remote.worker] INFO  com.alibaba.nacos.common.remote.client - [353cb40c-0562-46be-9986-ffb751b48f6d] Notify connected event to listeners.
2026-09-05 23:51:32.617 [main] INFO  com.alibaba.nacos.common.remote.client - [353cb40c-0562-46be-9986-ffb751b48f6d] Register server push request handler:com.alibaba.nacos.common.remote.client.RpcClient$ConnectResetRequestHandler
2026-09-05 23:51:32.617 [com.alibaba.nacos.client.remote.worker] INFO  com.alibaba.nacos.client.naming - Grpc connection connect
2026-09-05 23:51:32.617 [main] INFO  com.alibaba.nacos.common.remote.client - [353cb40c-0562-46be-9986-ffb751b48f6d] Register server push request handler:com.alibaba.nacos.common.remote.client.RpcClient$$Lambda$605/0x000002d93a5151f0
2026-09-05 23:51:32.618 [main] INFO  com.alibaba.nacos.client.naming - [REGISTER-SERVICE] xiaohongshu registering service xiaohongshu-auth with instance Instance{instanceId='null', ip='192.168.0.103', port=8080, weight=1.0, healthy=true, enabled=true, ephemeral=true, clusterName='DEFAULT', serviceName='null', metadata={IPv6=null, preserved.register.source=SPRING_CLOUD}}
2026-09-05 23:51:32.630 [main] INFO  c.a.cloud.nacos.registry.NacosServiceRegistry - nacos registry, DEFAULT_GROUP xiaohongshu-auth 192.168.0.103:8080 register finished
2026-09-05 23:51:33.072 [main] INFO  c.g.xiaohongshu.auth.XiaohongshuAuthApplication - Started XiaohongshuAuthApplication in 8.469 seconds (process running for 9.96)
2026-09-05 23:51:33.073 [main] INFO  c.g.x.auth.runner.PushRolePermissions2RedisRunner - ==> 服务启动，开始同步角色权限数据到 Redis 中...
2026-09-05 23:51:33.542 [main] WARN  c.g.x.auth.runner.PushRolePermissions2RedisRunner - ==> 角色权限数据已经同步至 Redis 中，不再同步...
2026-09-05 23:51:33.544 [main] INFO  com.alibaba.nacos.client.config.impl.CacheData - nacos.cache.data.init.snapshot = true 
2026-09-05 23:51:33.544 [main] INFO  com.alibaba.nacos.client.config.impl.ClientWorker - [fixed-xiaohongshu-127.0.0.1_8848] [subscribe] xiaohongshu-auth.yaml+DEFAULT_GROUP+xiaohongshu
2026-09-05 23:51:33.550 [main] INFO  com.alibaba.nacos.client.config.impl.CacheData - [fixed-xiaohongshu-127.0.0.1_8848] [add-listener] ok, tenant=xiaohongshu, dataId=xiaohongshu-auth.yaml, group=DEFAULT_GROUP, cnt=1
2026-09-05 23:51:33.551 [main] INFO  c.a.cloud.nacos.refresh.NacosContextRefresher - [Nacos Config] Listening config: dataId=xiaohongshu-auth.yaml, group=DEFAULT_GROUP
2026-09-05 23:51:33.551 [main] INFO  com.alibaba.nacos.client.config.impl.ClientWorker - [fixed-xiaohongshu-127.0.0.1_8848] [subscribe] xiaohongshu-auth-dev.yaml+DEFAULT_GROUP+xiaohongshu
2026-09-05 23:51:33.552 [main] INFO  com.alibaba.nacos.client.config.impl.CacheData - [fixed-xiaohongshu-127.0.0.1_8848] [add-listener] ok, tenant=xiaohongshu, dataId=xiaohongshu-auth-dev.yaml, group=DEFAULT_GROUP, cnt=1
2026-09-05 23:51:33.552 [main] INFO  c.a.cloud.nacos.refresh.NacosContextRefresher - [Nacos Config] Listening config: dataId=xiaohongshu-auth-dev.yaml, group=DEFAULT_GROUP
2026-09-05 23:51:33.553 [main] INFO  com.alibaba.nacos.client.config.impl.ClientWorker - [fixed-xiaohongshu-127.0.0.1_8848] [subscribe] xiaohongshu-auth+DEFAULT_GROUP+xiaohongshu
2026-09-05 23:51:33.553 [main] INFO  com.alibaba.nacos.client.config.impl.CacheData - [fixed-xiaohongshu-127.0.0.1_8848] [add-listener] ok, tenant=xiaohongshu, dataId=xiaohongshu-auth, group=DEFAULT_GROUP, cnt=1
2026-09-05 23:51:33.553 [main] INFO  c.a.cloud.nacos.refresh.NacosContextRefresher - [Nacos Config] Listening config: dataId=xiaohongshu-auth, group=DEFAULT_GROUP
2026-09-05 23:51:37.893 [http-nio-8080-exec-1] INFO  o.a.c.core.ContainerBase.[Tomcat].[localhost].[/] - Initializing Spring DispatcherServlet 'dispatcherServlet'
2026-09-05 23:51:37.893 [http-nio-8080-exec-1] INFO  org.springframework.web.servlet.DispatcherServlet - Initializing Servlet 'dispatcherServlet'
2026-09-05 23:51:37.894 [http-nio-8080-exec-1] INFO  org.springframework.web.servlet.DispatcherServlet - Completed initialization in 1 ms
2026-09-05 23:51:38.003 [http-nio-8080-exec-1] INFO  c.g.f.b.operationlog.aspect.ApiOperationLogAspect - ====== 请求开始: [修改密码], 入参: {"newPassword":"123456"}, 请求类: UserController, 请求方法: updatePassword =================================== 
2026-09-05 23:54:57.174 [Thread-2] WARN  c.alibaba.nacos.common.http.HttpClientBeanHolder - [HttpClientBeanHolder] Start destroying common HttpClient
2026-09-05 23:54:57.177 [Thread-2] WARN  c.alibaba.nacos.common.http.HttpClientBeanHolder - [HttpClientBeanHolder] Destruction of the end
2026-09-05 23:54:57.179 [Thread-9] WARN  com.alibaba.nacos.common.notify.NotifyCenter - [NotifyCenter] Start destroying Publisher
2026-09-05 23:54:57.179 [Thread-9] WARN  com.alibaba.nacos.common.notify.NotifyCenter - [NotifyCenter] Destruction of the end
2026-09-05 23:54:57.958 [http-nio-8080-exec-1] INFO  c.g.f.b.operationlog.aspect.ApiOperationLogAspect - ====== 请求结束: [修改密码], 耗时: 199954ms, 出参: {"success":true,"message":null,"errorCode":null,"data":null} =================================== 
2026-09-05 23:54:58.093 [SpringApplicationShutdownHook] INFO  c.a.cloud.nacos.registry.NacosServiceRegistry - De-registering from Nacos Server now...
2026-09-05 23:54:58.094 [SpringApplicationShutdownHook] INFO  com.alibaba.nacos.client.naming - [DEREGISTER-SERVICE] xiaohongshu deregistering service xiaohongshu-auth with instance: Instance{instanceId='null', ip='192.168.0.103', port=8080, weight=1.0, healthy=true, enabled=true, ephemeral=true, clusterName='DEFAULT', serviceName='null', metadata={}}
2026-09-05 23:54:58.099 [SpringApplicationShutdownHook] INFO  c.a.cloud.nacos.registry.NacosServiceRegistry - De-registration finished.
2026-09-05 23:54:58.100 [SpringApplicationShutdownHook] INFO  com.alibaba.nacos.client.naming - com.alibaba.nacos.client.naming.cache.ServiceInfoHolder do shutdown begin
2026-09-05 23:54:58.100 [SpringApplicationShutdownHook] INFO  com.alibaba.nacos.client.naming - com.alibaba.nacos.client.naming.backups.FailoverReactor do shutdown begin
2026-09-05 23:54:58.100 [SpringApplicationShutdownHook] INFO  com.alibaba.nacos.client.naming - com.alibaba.nacos.client.naming.backups.FailoverReactor do shutdown stop
2026-09-05 23:54:58.100 [SpringApplicationShutdownHook] INFO  com.alibaba.nacos.client.naming - com.alibaba.nacos.client.naming.cache.ServiceInfoHolder do shutdown stop
2026-09-05 23:54:58.101 [SpringApplicationShutdownHook] INFO  com.alibaba.nacos.client.naming - com.alibaba.nacos.client.naming.remote.NamingClientProxyDelegate do shutdown begin
2026-09-05 23:54:58.101 [SpringApplicationShutdownHook] INFO  com.alibaba.nacos.client.naming - com.alibaba.nacos.client.naming.core.ServiceInfoUpdateService do shutdown begin
2026-09-05 23:54:58.101 [SpringApplicationShutdownHook] INFO  com.alibaba.nacos.client.naming - com.alibaba.nacos.client.naming.core.ServiceInfoUpdateService do shutdown stop
2026-09-05 23:54:58.101 [SpringApplicationShutdownHook] INFO  com.alibaba.nacos.client.naming - com.alibaba.nacos.client.naming.core.ServerListManager do shutdown begin
2026-09-05 23:54:58.101 [SpringApplicationShutdownHook] WARN  com.alibaba.nacos.client.naming - [NamingHttpClientManager] Start destroying NacosRestTemplate
2026-09-05 23:54:58.101 [SpringApplicationShutdownHook] WARN  com.alibaba.nacos.client.naming - [NamingHttpClientManager] Destruction of the end
2026-09-05 23:54:58.101 [SpringApplicationShutdownHook] INFO  com.alibaba.nacos.client.naming - com.alibaba.nacos.client.naming.core.ServerListManager do shutdown stop
2026-09-05 23:54:58.101 [SpringApplicationShutdownHook] INFO  com.alibaba.nacos.client.naming - com.alibaba.nacos.client.naming.remote.http.NamingHttpClientProxy do shutdown begin
2026-09-05 23:54:58.101 [SpringApplicationShutdownHook] WARN  com.alibaba.nacos.client.naming - [NamingHttpClientManager] Start destroying NacosRestTemplate
2026-09-05 23:54:58.101 [SpringApplicationShutdownHook] WARN  com.alibaba.nacos.client.naming - [NamingHttpClientManager] Destruction of the end
2026-09-05 23:54:58.101 [SpringApplicationShutdownHook] INFO  com.alibaba.nacos.client.naming - com.alibaba.nacos.client.naming.remote.http.NamingHttpClientProxy do shutdown stop
2026-09-05 23:54:58.101 [SpringApplicationShutdownHook] INFO  com.alibaba.nacos.common.remote.client - Shutdown rpc client, set status to shutdown
2026-09-05 23:54:58.101 [SpringApplicationShutdownHook] INFO  com.alibaba.nacos.common.remote.client - Shutdown client event executor java.util.concurrent.ScheduledThreadPoolExecutor@1dfebd4d[Running, pool size = 2, active threads = 2, queued tasks = 0, completed tasks = 0]
2026-09-05 23:54:58.101 [SpringApplicationShutdownHook] INFO  com.alibaba.nacos.common.remote.client - Close current connection 1788623492497_172.17.0.1_37654
2026-09-05 23:54:58.106 [nacos-grpc-client-executor-127.0.0.1-9] WARN  c.a.nacos.common.remote.client.grpc.GrpcClient - [1788623492497_172.17.0.1_37654]Ignore error event,isRunning:false,isAbandon=false
2026-09-05 23:54:58.108 [SpringApplicationShutdownHook] INFO  c.a.nacos.common.remote.client.grpc.GrpcClient - Shutdown grpc executor java.util.concurrent.ThreadPoolExecutor@42dcccd9[Running, pool size = 3, active threads = 0, queued tasks = 0, completed tasks = 10]
2026-09-05 23:54:58.108 [SpringApplicationShutdownHook] INFO  com.alibaba.nacos.client.naming - Shutdown grpc redo service executor java.util.concurrent.ScheduledThreadPoolExecutor@6a90cca2[Running, pool size = 1, active threads = 0, queued tasks = 1, completed tasks = 3]
2026-09-05 23:54:58.108 [SpringApplicationShutdownHook] INFO  c.a.n.client.auth.ram.identify.CredentialWatcher - [null] CredentialWatcher is stopped
2026-09-05 23:54:58.108 [SpringApplicationShutdownHook] INFO  c.a.n.client.auth.ram.identify.CredentialService - [null] CredentialService is freed
2026-09-05 23:54:58.108 [SpringApplicationShutdownHook] INFO  com.alibaba.nacos.client.naming - com.alibaba.nacos.client.naming.remote.NamingClientProxyDelegate do shutdown stop
2026-09-05 23:54:58.261 [SpringApplicationShutdownHook] INFO  com.alibaba.druid.pool.DruidDataSource - {dataSource-1} closing ...
2026-09-05 23:54:58.267 [SpringApplicationShutdownHook] INFO  com.alibaba.druid.pool.DruidDataSource - {dataSource-1} closed
2026-09-05 23:55:36.368 [main] WARN  com.alibaba.nacos.client.logging.NacosLogging - Load Logback Configuration of Nacos fail, message: Could not initialize Logback Nacos logging from classpath:nacos-logback.xml
2026-09-05 23:55:36.419 [main] WARN  com.alibaba.nacos.client.logging.NacosLogging - Load Logback Configuration of Nacos fail, message: Could not initialize Logback Nacos logging from classpath:nacos-logback.xml
2026-09-05 23:55:36.642 [main] WARN  com.alibaba.nacos.client.logging.NacosLogging - Load Logback Configuration of Nacos fail, message: Could not initialize Logback Nacos logging from classpath:nacos-logback.xml
2026-09-05 23:55:36.644 [main] INFO  com.alibaba.nacos.client.utils.ParamUtil - [settings] [req-serv] nacos-server port:8848
2026-09-05 23:55:36.644 [main] INFO  com.alibaba.nacos.client.utils.ParamUtil - [settings] [http-client] connect timeout:1000
2026-09-05 23:55:36.645 [main] INFO  com.alibaba.nacos.client.utils.ParamUtil - PER_TASK_CONFIG_SIZE: 3000.0
2026-09-05 23:55:36.670 [main] INFO  c.a.n.p.auth.spi.client.ClientAuthPluginManager - [ClientAuthPluginManager] Load ClientAuthService com.alibaba.nacos.client.auth.impl.NacosClientAuthServiceImpl success.
2026-09-05 23:55:36.670 [main] INFO  c.a.n.p.auth.spi.client.ClientAuthPluginManager - [ClientAuthPluginManager] Load ClientAuthService com.alibaba.nacos.client.auth.ram.RamClientAuthServiceImpl success.
2026-09-05 23:55:36.673 [main] INFO  c.a.n.client.auth.ram.identify.CredentialWatcher - null No credential found
2026-09-05 23:55:37.216 [main] WARN  com.alibaba.nacos.client.logging.NacosLogging - Load Logback Configuration of Nacos fail, message: Could not initialize Logback Nacos logging from classpath:nacos-logback.xml
2026-09-05 23:55:37.228 [main] INFO  c.a.n.client.config.impl.LocalConfigInfoProcessor - LOCAL_SNAPSHOT_PATH:C:\Users\Administrator\nacos\config
2026-09-05 23:55:37.231 [main] INFO  com.alibaba.nacos.common.remote.client - [RpcClientFactory] create a new rpc client of 52b2caba-15b0-4ff0-a598-f54465786ff6_config-0
2026-09-05 23:55:37.246 [main] INFO  com.alibaba.nacos.common.remote.client - [52b2caba-15b0-4ff0-a598-f54465786ff6_config-0] Register server push request handler:com.alibaba.nacos.client.config.impl.ClientWorker$ConfigRpcTransportClient$$Lambda$584/0x00000184d73ce420
2026-09-05 23:55:37.246 [main] INFO  com.alibaba.nacos.common.remote.client - [52b2caba-15b0-4ff0-a598-f54465786ff6_config-0] Register server push request handler:com.alibaba.nacos.client.config.impl.ClientWorker$ConfigRpcTransportClient$$Lambda$585/0x00000184d73ce840
2026-09-05 23:55:37.247 [main] INFO  com.alibaba.nacos.common.remote.client - [52b2caba-15b0-4ff0-a598-f54465786ff6_config-0] Registry connection listener to current client:com.alibaba.nacos.client.config.impl.ClientWorker$ConfigRpcTransportClient$1
2026-09-05 23:55:37.247 [main] INFO  com.alibaba.nacos.common.remote.client - [52b2caba-15b0-4ff0-a598-f54465786ff6_config-0] RpcClient init, ServerListFactory = com.alibaba.nacos.client.config.impl.ClientWorker$ConfigRpcTransportClient$2
2026-09-05 23:55:37.253 [main] INFO  com.alibaba.nacos.common.remote.client - [52b2caba-15b0-4ff0-a598-f54465786ff6_config-0] Try to connect to server on start up, server: {serverIp = '127.0.0.1', server main port = 8848}
2026-09-05 23:55:37.287 [main] INFO  c.a.nacos.common.remote.client.grpc.GrpcClient - grpc client connection server:127.0.0.1 ip,serverPort:9848,grpcTslConfig:{"sslProvider":"OPENSSL","enableTls":false,"mutualAuthEnable":false,"trustAll":false}
2026-09-05 23:55:38.951 [main] INFO  com.alibaba.nacos.common.remote.client - [52b2caba-15b0-4ff0-a598-f54465786ff6_config-0] Success to connect to server [127.0.0.1:8848] on start up, connectionId = 1788623738699_172.17.0.1_53814
2026-09-05 23:55:38.952 [com.alibaba.nacos.client.remote.worker] INFO  com.alibaba.nacos.common.remote.client - [52b2caba-15b0-4ff0-a598-f54465786ff6_config-0] Notify connected event to listeners.
2026-09-05 23:55:38.952 [com.alibaba.nacos.client.remote.worker] INFO  com.alibaba.nacos.client.config.impl.ClientWorker - [52b2caba-15b0-4ff0-a598-f54465786ff6_config-0] Connected,notify listen context...
2026-09-05 23:55:38.952 [main] INFO  com.alibaba.nacos.common.remote.client - [52b2caba-15b0-4ff0-a598-f54465786ff6_config-0] Register server push request handler:com.alibaba.nacos.common.remote.client.RpcClient$ConnectResetRequestHandler
2026-09-05 23:55:38.953 [main] INFO  com.alibaba.nacos.common.remote.client - [52b2caba-15b0-4ff0-a598-f54465786ff6_config-0] Register server push request handler:com.alibaba.nacos.common.remote.client.RpcClient$$Lambda$605/0x00000184d7514890
2026-09-05 23:55:39.011 [main] INFO  com.alibaba.nacos.client.config.impl.Limiter - limitTime:5.0
2026-09-05 23:55:39.045 [main] INFO  com.alibaba.nacos.client.config.utils.JvmUtil - isMultiInstance:false
2026-09-05 23:55:39.067 [main] WARN  c.a.cloud.nacos.client.NacosPropertySourceBuilder - Ignore the empty nacos configuration and get it based on dataId[xiaohongshu-auth.yaml] & group[DEFAULT_GROUP]
2026-09-05 23:55:39.090 [main] INFO  o.s.c.b.c.PropertySourceBootstrapConfiguration - Located property source: [BootstrapPropertySource {name='bootstrapProperties-xiaohongshu-auth-dev.yaml,DEFAULT_GROUP'}, BootstrapPropertySource {name='bootstrapProperties-xiaohongshu-auth.yaml,DEFAULT_GROUP'}, BootstrapPropertySource {name='bootstrapProperties-xiaohongshu-auth,DEFAULT_GROUP'}]
2026-09-05 23:55:39.124 [main] WARN  com.alibaba.nacos.client.logging.NacosLogging - Load Logback Configuration of Nacos fail, message: Could not initialize Logback Nacos logging from classpath:nacos-logback.xml
2026-09-05 23:55:39.126 [main] INFO  c.g.xiaohongshu.auth.XiaohongshuAuthApplication - The following 1 profile is active: "dev"
2026-09-05 23:55:39.945 [main] INFO  o.s.d.r.config.RepositoryConfigurationDelegate - Multiple Spring Data modules found, entering strict repository configuration mode
2026-09-05 23:55:39.948 [main] INFO  o.s.d.r.config.RepositoryConfigurationDelegate - Bootstrapping Spring Data Redis repositories in DEFAULT mode.
2026-09-05 23:55:39.973 [main] INFO  o.s.d.r.config.RepositoryConfigurationDelegate - Finished Spring Data repository scanning in 10 ms. Found 0 Redis repository interfaces.
2026-09-05 23:55:40.107 [main] INFO  o.springframework.cloud.context.scope.GenericScope - BeanFactory id=2d41976f-8878-33e3-b096-896e8e208f1f
2026-09-05 23:55:40.814 [main] INFO  o.s.boot.web.embedded.tomcat.TomcatWebServer - Tomcat initialized with port(s): 8080 (http)
2026-09-05 23:55:40.827 [main] INFO  org.apache.catalina.core.StandardService - Starting service [Tomcat]
2026-09-05 23:55:40.827 [main] INFO  org.apache.catalina.core.StandardEngine - Starting Servlet engine: [Apache Tomcat/10.1.5]
2026-09-05 23:55:40.930 [main] INFO  o.a.c.core.ContainerBase.[Tomcat].[localhost].[/] - Initializing Spring embedded WebApplicationContext
2026-09-05 23:55:40.931 [main] INFO  o.s.b.w.s.c.ServletWebServerApplicationContext - Root WebApplicationContext: initialization completed in 1778 ms
2026-09-05 23:55:41.077 [main] INFO  c.a.d.s.b.a.DruidDataSourceAutoConfigure - Init DruidDataSource
2026-09-05 23:55:41.444 [main] INFO  com.alibaba.druid.pool.DruidDataSource - {dataSource-1} inited
2026-09-05 23:55:43.875 [main] INFO  o.s.boot.web.embedded.tomcat.TomcatWebServer - Tomcat started on port(s): 8080 (http) with context path ''
2026-09-05 23:55:43.879 [main] INFO  com.alibaba.nacos.client.naming - initializer namespace from ans.namespace attribute : null
2026-09-05 23:55:43.880 [main] INFO  com.alibaba.nacos.client.naming - initializer namespace from ALIBABA_ALIWARE_NAMESPACE attribute :null
2026-09-05 23:55:43.880 [main] INFO  com.alibaba.nacos.client.naming - initializer namespace from namespace attribute :null
2026-09-05 23:55:43.890 [main] INFO  c.a.n.p.auth.spi.client.ClientAuthPluginManager - [ClientAuthPluginManager] Load ClientAuthService com.alibaba.nacos.client.auth.impl.NacosClientAuthServiceImpl success.
2026-09-05 23:55:43.890 [main] INFO  c.a.n.p.auth.spi.client.ClientAuthPluginManager - [ClientAuthPluginManager] Load ClientAuthService com.alibaba.nacos.client.auth.ram.RamClientAuthServiceImpl success.
2026-09-05 23:55:43.894 [main] INFO  com.alibaba.nacos.common.remote.client - [RpcClientFactory] create a new rpc client of 84ca6dac-f1a8-4a4b-92ab-3b5924cc498d
2026-09-05 23:55:43.897 [main] INFO  com.alibaba.nacos.common.remote.client - [84ca6dac-f1a8-4a4b-92ab-3b5924cc498d] RpcClient init, ServerListFactory = com.alibaba.nacos.client.naming.core.ServerListManager
2026-09-05 23:55:43.897 [main] INFO  com.alibaba.nacos.common.remote.client - [84ca6dac-f1a8-4a4b-92ab-3b5924cc498d] Registry connection listener to current client:com.alibaba.nacos.client.naming.remote.gprc.redo.NamingGrpcRedoService
2026-09-05 23:55:43.897 [main] INFO  com.alibaba.nacos.common.remote.client - [84ca6dac-f1a8-4a4b-92ab-3b5924cc498d] Register server push request handler:com.alibaba.nacos.client.naming.remote.gprc.NamingPushRequestHandler
2026-09-05 23:55:43.897 [main] INFO  com.alibaba.nacos.common.remote.client - [84ca6dac-f1a8-4a4b-92ab-3b5924cc498d] Try to connect to server on start up, server: {serverIp = '127.0.0.1', server main port = 8848}
2026-09-05 23:55:43.897 [main] INFO  c.a.nacos.common.remote.client.grpc.GrpcClient - grpc client connection server:127.0.0.1 ip,serverPort:9848,grpcTslConfig:{"sslProvider":"OPENSSL","enableTls":false,"mutualAuthEnable":false,"trustAll":false}
2026-09-05 23:55:44.020 [main] INFO  com.alibaba.nacos.common.remote.client - [84ca6dac-f1a8-4a4b-92ab-3b5924cc498d] Success to connect to server [127.0.0.1:8848] on start up, connectionId = 1788623743906_172.17.0.1_42280
2026-09-05 23:55:44.020 [com.alibaba.nacos.client.remote.worker] INFO  com.alibaba.nacos.common.remote.client - [84ca6dac-f1a8-4a4b-92ab-3b5924cc498d] Notify connected event to listeners.
2026-09-05 23:55:44.020 [com.alibaba.nacos.client.remote.worker] INFO  com.alibaba.nacos.client.naming - Grpc connection connect
2026-09-05 23:55:44.020 [main] INFO  com.alibaba.nacos.common.remote.client - [84ca6dac-f1a8-4a4b-92ab-3b5924cc498d] Register server push request handler:com.alibaba.nacos.common.remote.client.RpcClient$ConnectResetRequestHandler
2026-09-05 23:55:44.020 [main] INFO  com.alibaba.nacos.common.remote.client - [84ca6dac-f1a8-4a4b-92ab-3b5924cc498d] Register server push request handler:com.alibaba.nacos.common.remote.client.RpcClient$$Lambda$605/0x00000184d7514890
2026-09-05 23:55:44.021 [main] INFO  com.alibaba.nacos.client.naming - [REGISTER-SERVICE] xiaohongshu registering service xiaohongshu-auth with instance Instance{instanceId='null', ip='192.168.0.103', port=8080, weight=1.0, healthy=true, enabled=true, ephemeral=true, clusterName='DEFAULT', serviceName='null', metadata={IPv6=null, preserved.register.source=SPRING_CLOUD}}
2026-09-05 23:55:44.036 [main] INFO  c.a.cloud.nacos.registry.NacosServiceRegistry - nacos registry, DEFAULT_GROUP xiaohongshu-auth 192.168.0.103:8080 register finished
2026-09-05 23:55:44.562 [main] INFO  c.g.xiaohongshu.auth.XiaohongshuAuthApplication - Started XiaohongshuAuthApplication in 9.088 seconds (process running for 9.938)
2026-09-05 23:55:44.563 [main] INFO  c.g.x.auth.runner.PushRolePermissions2RedisRunner - ==> 服务启动，开始同步角色权限数据到 Redis 中...
2026-09-05 23:55:45.050 [main] WARN  c.g.x.auth.runner.PushRolePermissions2RedisRunner - ==> 角色权限数据已经同步至 Redis 中，不再同步...
2026-09-05 23:55:45.053 [main] INFO  com.alibaba.nacos.client.config.impl.CacheData - nacos.cache.data.init.snapshot = true 
2026-09-05 23:55:45.053 [main] INFO  com.alibaba.nacos.client.config.impl.ClientWorker - [fixed-xiaohongshu-127.0.0.1_8848] [subscribe] xiaohongshu-auth.yaml+DEFAULT_GROUP+xiaohongshu
2026-09-05 23:55:45.059 [main] INFO  com.alibaba.nacos.client.config.impl.CacheData - [fixed-xiaohongshu-127.0.0.1_8848] [add-listener] ok, tenant=xiaohongshu, dataId=xiaohongshu-auth.yaml, group=DEFAULT_GROUP, cnt=1
2026-09-05 23:55:45.059 [main] INFO  c.a.cloud.nacos.refresh.NacosContextRefresher - [Nacos Config] Listening config: dataId=xiaohongshu-auth.yaml, group=DEFAULT_GROUP
2026-09-05 23:55:45.061 [main] INFO  com.alibaba.nacos.client.config.impl.ClientWorker - [fixed-xiaohongshu-127.0.0.1_8848] [subscribe] xiaohongshu-auth-dev.yaml+DEFAULT_GROUP+xiaohongshu
2026-09-05 23:55:45.061 [main] INFO  com.alibaba.nacos.client.config.impl.CacheData - [fixed-xiaohongshu-127.0.0.1_8848] [add-listener] ok, tenant=xiaohongshu, dataId=xiaohongshu-auth-dev.yaml, group=DEFAULT_GROUP, cnt=1
2026-09-05 23:55:45.061 [main] INFO  c.a.cloud.nacos.refresh.NacosContextRefresher - [Nacos Config] Listening config: dataId=xiaohongshu-auth-dev.yaml, group=DEFAULT_GROUP
2026-09-05 23:55:45.062 [main] INFO  com.alibaba.nacos.client.config.impl.ClientWorker - [fixed-xiaohongshu-127.0.0.1_8848] [subscribe] xiaohongshu-auth+DEFAULT_GROUP+xiaohongshu
2026-09-05 23:55:45.062 [main] INFO  com.alibaba.nacos.client.config.impl.CacheData - [fixed-xiaohongshu-127.0.0.1_8848] [add-listener] ok, tenant=xiaohongshu, dataId=xiaohongshu-auth, group=DEFAULT_GROUP, cnt=1
2026-09-05 23:55:45.062 [main] INFO  c.a.cloud.nacos.refresh.NacosContextRefresher - [Nacos Config] Listening config: dataId=xiaohongshu-auth, group=DEFAULT_GROUP
2026-09-05 23:55:49.693 [http-nio-8080-exec-1] INFO  o.a.c.core.ContainerBase.[Tomcat].[localhost].[/] - Initializing Spring DispatcherServlet 'dispatcherServlet'
2026-09-05 23:55:49.694 [http-nio-8080-exec-1] INFO  org.springframework.web.servlet.DispatcherServlet - Initializing Servlet 'dispatcherServlet'
2026-09-05 23:55:49.695 [http-nio-8080-exec-1] INFO  org.springframework.web.servlet.DispatcherServlet - Completed initialization in 1 ms
2026-09-05 23:55:49.810 [http-nio-8080-exec-1] INFO  c.g.f.b.operationlog.aspect.ApiOperationLogAspect - ====== 请求开始: [修改密码], 入参: {"newPassword":"123456"}, 请求类: UserController, 请求方法: updatePassword =================================== 
