2026-09-02 20:40:36.241 [main] WARN  com.alibaba.nacos.client.logging.NacosLogging - Load Logback Configuration of Nacos fail, message: Could not initialize Logback Nacos logging from classpath:nacos-logback.xml
2026-09-02 20:40:36.308 [main] WARN  com.alibaba.nacos.client.logging.NacosLogging - Load Logback Configuration of Nacos fail, message: Could not initialize Logback Nacos logging from classpath:nacos-logback.xml
2026-09-02 20:40:36.534 [main] WARN  com.alibaba.nacos.client.logging.NacosLogging - Load Logback Configuration of Nacos fail, message: Could not initialize Logback Nacos logging from classpath:nacos-logback.xml
2026-09-02 20:40:36.535 [main] INFO  com.alibaba.nacos.client.utils.ParamUtil - [settings] [req-serv] nacos-server port:8848
2026-09-02 20:40:36.535 [main] INFO  com.alibaba.nacos.client.utils.ParamUtil - [settings] [http-client] connect timeout:1000
2026-09-02 20:40:36.536 [main] INFO  com.alibaba.nacos.client.utils.ParamUtil - PER_TASK_CONFIG_SIZE: 3000.0
2026-09-02 20:40:36.562 [main] INFO  c.a.n.p.auth.spi.client.ClientAuthPluginManager - [ClientAuthPluginManager] Load ClientAuthService com.alibaba.nacos.client.auth.impl.NacosClientAuthServiceImpl success.
2026-09-02 20:40:36.562 [main] INFO  c.a.n.p.auth.spi.client.ClientAuthPluginManager - [ClientAuthPluginManager] Load ClientAuthService com.alibaba.nacos.client.auth.ram.RamClientAuthServiceImpl success.
2026-09-02 20:40:36.565 [main] INFO  c.a.n.client.auth.ram.identify.CredentialWatcher - null No credential found
2026-09-02 20:40:37.196 [main] WARN  com.alibaba.nacos.client.logging.NacosLogging - Load Logback Configuration of Nacos fail, message: Could not initialize Logback Nacos logging from classpath:nacos-logback.xml
2026-09-02 20:40:37.212 [main] INFO  c.a.n.client.config.impl.LocalConfigInfoProcessor - LOCAL_SNAPSHOT_PATH:C:\Users\Administrator\nacos\config
2026-09-02 20:40:37.216 [main] INFO  com.alibaba.nacos.common.remote.client - [RpcClientFactory] create a new rpc client of bb74e94b-b1e8-4612-a15a-79a26fcb0999_config-0
2026-09-02 20:40:37.239 [main] INFO  com.alibaba.nacos.common.remote.client - [bb74e94b-b1e8-4612-a15a-79a26fcb0999_config-0] Register server push request handler:com.alibaba.nacos.client.config.impl.ClientWorker$ConfigRpcTransportClient$$Lambda$585/0x000002aa3c391540
2026-09-02 20:40:37.239 [main] INFO  com.alibaba.nacos.common.remote.client - [bb74e94b-b1e8-4612-a15a-79a26fcb0999_config-0] Register server push request handler:com.alibaba.nacos.client.config.impl.ClientWorker$ConfigRpcTransportClient$$Lambda$586/0x000002aa3c391960
2026-09-02 20:40:37.240 [main] INFO  com.alibaba.nacos.common.remote.client - [bb74e94b-b1e8-4612-a15a-79a26fcb0999_config-0] Registry connection listener to current client:com.alibaba.nacos.client.config.impl.ClientWorker$ConfigRpcTransportClient$1
2026-09-02 20:40:37.240 [main] INFO  com.alibaba.nacos.common.remote.client - [bb74e94b-b1e8-4612-a15a-79a26fcb0999_config-0] RpcClient init, ServerListFactory = com.alibaba.nacos.client.config.impl.ClientWorker$ConfigRpcTransportClient$2
2026-09-02 20:40:37.251 [main] INFO  com.alibaba.nacos.common.remote.client - [bb74e94b-b1e8-4612-a15a-79a26fcb0999_config-0] Try to connect to server on start up, server: {serverIp = '127.0.0.1', server main port = 8848}
2026-09-02 20:40:37.308 [main] INFO  c.a.nacos.common.remote.client.grpc.GrpcClient - grpc client connection server:127.0.0.1 ip,serverPort:9848,grpcTslConfig:{"sslProvider":"OPENSSL","enableTls":false,"mutualAuthEnable":false,"trustAll":false}
2026-09-02 20:40:38.719 [main] INFO  com.alibaba.nacos.common.remote.client - [bb74e94b-b1e8-4612-a15a-79a26fcb0999_config-0] Success to connect to server [127.0.0.1:8848] on start up, connectionId = 1788352838474_172.17.0.1_49388
2026-09-02 20:40:38.720 [com.alibaba.nacos.client.remote.worker] INFO  com.alibaba.nacos.common.remote.client - [bb74e94b-b1e8-4612-a15a-79a26fcb0999_config-0] Notify connected event to listeners.
2026-09-02 20:40:38.720 [com.alibaba.nacos.client.remote.worker] INFO  com.alibaba.nacos.client.config.impl.ClientWorker - [bb74e94b-b1e8-4612-a15a-79a26fcb0999_config-0] Connected,notify listen context...
2026-09-02 20:40:38.720 [main] INFO  com.alibaba.nacos.common.remote.client - [bb74e94b-b1e8-4612-a15a-79a26fcb0999_config-0] Register server push request handler:com.alibaba.nacos.common.remote.client.RpcClient$ConnectResetRequestHandler
2026-09-02 20:40:38.721 [main] INFO  com.alibaba.nacos.common.remote.client - [bb74e94b-b1e8-4612-a15a-79a26fcb0999_config-0] Register server push request handler:com.alibaba.nacos.common.remote.client.RpcClient$$Lambda$606/0x000002aa3c4da4e0
2026-09-02 20:40:38.770 [main] INFO  com.alibaba.nacos.client.config.impl.Limiter - limitTime:5.0
2026-09-02 20:40:38.842 [main] INFO  com.alibaba.nacos.client.config.utils.JvmUtil - isMultiInstance:false
2026-09-02 20:40:38.864 [main] WARN  c.a.cloud.nacos.client.NacosPropertySourceBuilder - Ignore the empty nacos configuration and get it based on dataId[xiaohongshu-auth.yaml] & group[DEFAULT_GROUP]
2026-09-02 20:40:38.890 [main] INFO  o.s.c.b.c.PropertySourceBootstrapConfiguration - Located property source: [BootstrapPropertySource {name='bootstrapProperties-xiaohongshu-auth-dev.yaml,DEFAULT_GROUP'}, BootstrapPropertySource {name='bootstrapProperties-xiaohongshu-auth.yaml,DEFAULT_GROUP'}, BootstrapPropertySource {name='bootstrapProperties-xiaohongshu-auth,DEFAULT_GROUP'}]
2026-09-02 20:40:38.916 [main] WARN  com.alibaba.nacos.client.logging.NacosLogging - Load Logback Configuration of Nacos fail, message: Could not initialize Logback Nacos logging from classpath:nacos-logback.xml
2026-09-02 20:40:38.917 [main] INFO  c.g.xiaohongshu.auth.XiaohongshuAuthApplication - The following 1 profile is active: "dev"
2026-09-02 20:40:39.703 [main] INFO  o.s.d.r.config.RepositoryConfigurationDelegate - Multiple Spring Data modules found, entering strict repository configuration mode
2026-09-02 20:40:39.706 [main] INFO  o.s.d.r.config.RepositoryConfigurationDelegate - Bootstrapping Spring Data Redis repositories in DEFAULT mode.
2026-09-02 20:40:39.730 [main] INFO  o.s.d.r.config.RepositoryConfigurationDelegate - Finished Spring Data repository scanning in 10 ms. Found 0 Redis repository interfaces.
2026-09-02 20:40:39.882 [main] INFO  o.springframework.cloud.context.scope.GenericScope - BeanFactory id=e975a4a9-1ce7-3108-84ca-3ebf7bd491e7
2026-09-02 20:40:40.566 [main] INFO  o.s.boot.web.embedded.tomcat.TomcatWebServer - Tomcat initialized with port(s): 8080 (http)
2026-09-02 20:40:40.576 [main] INFO  org.apache.catalina.core.StandardService - Starting service [Tomcat]
2026-09-02 20:40:40.577 [main] INFO  org.apache.catalina.core.StandardEngine - Starting Servlet engine: [Apache Tomcat/10.1.5]
2026-09-02 20:40:40.670 [main] INFO  o.a.c.core.ContainerBase.[Tomcat].[localhost].[/] - Initializing Spring embedded WebApplicationContext
2026-09-02 20:40:40.670 [main] INFO  o.s.b.w.s.c.ServletWebServerApplicationContext - Root WebApplicationContext: initialization completed in 1729 ms
2026-09-02 20:40:40.789 [main] INFO  c.a.d.s.b.a.DruidDataSourceAutoConfigure - Init DruidDataSource
2026-09-02 20:40:41.214 [main] INFO  com.alibaba.druid.pool.DruidDataSource - {dataSource-1} inited
2026-09-02 20:40:43.675 [main] INFO  o.s.boot.web.embedded.tomcat.TomcatWebServer - Tomcat started on port(s): 8080 (http) with context path ''
2026-09-02 20:40:43.680 [main] INFO  com.alibaba.nacos.client.naming - initializer namespace from ans.namespace attribute : null
2026-09-02 20:40:43.681 [main] INFO  com.alibaba.nacos.client.naming - initializer namespace from ALIBABA_ALIWARE_NAMESPACE attribute :null
2026-09-02 20:40:43.681 [main] INFO  com.alibaba.nacos.client.naming - initializer namespace from namespace attribute :null
2026-09-02 20:40:43.690 [main] INFO  c.a.n.p.auth.spi.client.ClientAuthPluginManager - [ClientAuthPluginManager] Load ClientAuthService com.alibaba.nacos.client.auth.impl.NacosClientAuthServiceImpl success.
2026-09-02 20:40:43.690 [main] INFO  c.a.n.p.auth.spi.client.ClientAuthPluginManager - [ClientAuthPluginManager] Load ClientAuthService com.alibaba.nacos.client.auth.ram.RamClientAuthServiceImpl success.
2026-09-02 20:40:43.694 [main] INFO  com.alibaba.nacos.common.remote.client - [RpcClientFactory] create a new rpc client of 6ec36d02-0d4e-4b76-aa0a-d9096cfe0551
2026-09-02 20:40:43.696 [main] INFO  com.alibaba.nacos.common.remote.client - [6ec36d02-0d4e-4b76-aa0a-d9096cfe0551] RpcClient init, ServerListFactory = com.alibaba.nacos.client.naming.core.ServerListManager
2026-09-02 20:40:43.696 [main] INFO  com.alibaba.nacos.common.remote.client - [6ec36d02-0d4e-4b76-aa0a-d9096cfe0551] Registry connection listener to current client:com.alibaba.nacos.client.naming.remote.gprc.redo.NamingGrpcRedoService
2026-09-02 20:40:43.697 [main] INFO  com.alibaba.nacos.common.remote.client - [6ec36d02-0d4e-4b76-aa0a-d9096cfe0551] Register server push request handler:com.alibaba.nacos.client.naming.remote.gprc.NamingPushRequestHandler
2026-09-02 20:40:43.697 [main] INFO  com.alibaba.nacos.common.remote.client - [6ec36d02-0d4e-4b76-aa0a-d9096cfe0551] Try to connect to server on start up, server: {serverIp = '127.0.0.1', server main port = 8848}
2026-09-02 20:40:43.698 [main] INFO  c.a.nacos.common.remote.client.grpc.GrpcClient - grpc client connection server:127.0.0.1 ip,serverPort:9848,grpcTslConfig:{"sslProvider":"OPENSSL","enableTls":false,"mutualAuthEnable":false,"trustAll":false}
2026-09-02 20:40:43.836 [main] INFO  com.alibaba.nacos.common.remote.client - [6ec36d02-0d4e-4b76-aa0a-d9096cfe0551] Success to connect to server [127.0.0.1:8848] on start up, connectionId = 1788352843713_172.17.0.1_41202
2026-09-02 20:40:43.836 [main] INFO  com.alibaba.nacos.common.remote.client - [6ec36d02-0d4e-4b76-aa0a-d9096cfe0551] Register server push request handler:com.alibaba.nacos.common.remote.client.RpcClient$ConnectResetRequestHandler
2026-09-02 20:40:43.836 [com.alibaba.nacos.client.remote.worker] INFO  com.alibaba.nacos.common.remote.client - [6ec36d02-0d4e-4b76-aa0a-d9096cfe0551] Notify connected event to listeners.
2026-09-02 20:40:43.836 [main] INFO  com.alibaba.nacos.common.remote.client - [6ec36d02-0d4e-4b76-aa0a-d9096cfe0551] Register server push request handler:com.alibaba.nacos.common.remote.client.RpcClient$$Lambda$606/0x000002aa3c4da4e0
2026-09-02 20:40:43.836 [com.alibaba.nacos.client.remote.worker] INFO  com.alibaba.nacos.client.naming - Grpc connection connect
2026-09-02 20:40:43.837 [main] INFO  com.alibaba.nacos.client.naming - [REGISTER-SERVICE] xiaohongshu registering service xiaohongshu-auth with instance Instance{instanceId='null', ip='192.168.0.103', port=8080, weight=1.0, healthy=true, enabled=true, ephemeral=true, clusterName='DEFAULT', serviceName='null', metadata={IPv6=null, preserved.register.source=SPRING_CLOUD}}
2026-09-02 20:40:44.047 [main] INFO  c.a.cloud.nacos.registry.NacosServiceRegistry - nacos registry, DEFAULT_GROUP xiaohongshu-auth 192.168.0.103:8080 register finished
2026-09-02 20:40:44.389 [main] INFO  c.g.xiaohongshu.auth.XiaohongshuAuthApplication - Started XiaohongshuAuthApplication in 9.442 seconds (process running for 10.311)
2026-09-02 20:40:44.390 [main] INFO  c.g.x.auth.runner.PushRolePermissions2RedisRunner - ==> 服务启动，开始同步角色权限数据到 Redis 中...
2026-09-02 20:40:45.085 [main] ERROR c.g.x.auth.runner.PushRolePermissions2RedisRunner - ==> 同步角色权限数据到 Redis 中失败: 
org.mybatis.spring.MyBatisSystemException: null
	at org.mybatis.spring.MyBatisExceptionTranslator.translateExceptionIfPossible(MyBatisExceptionTranslator.java:97)
	at org.mybatis.spring.SqlSessionTemplate$SqlSessionInterceptor.invoke(SqlSessionTemplate.java:439)
	at jdk.proxy2/jdk.proxy2.$Proxy92.selectList(Unknown Source)
	at org.mybatis.spring.SqlSessionTemplate.selectList(SqlSessionTemplate.java:224)
	at org.apache.ibatis.binding.MapperMethod.executeForMany(MapperMethod.java:147)
	at org.apache.ibatis.binding.MapperMethod.execute(MapperMethod.java:80)
	at org.apache.ibatis.binding.MapperProxy$PlainMethodInvoker.invoke(MapperProxy.java:145)
	at org.apache.ibatis.binding.MapperProxy.invoke(MapperProxy.java:86)
	at jdk.proxy2/jdk.proxy2.$Proxy103.selectByRoleIds(Unknown Source)
	at com.guoshisan.xiaohongshu.auth.runner.PushRolePermissions2RedisRunner.run(PushRolePermissions2RedisRunner.java:70)
	at org.springframework.boot.SpringApplication.callRunner(SpringApplication.java:758)
	at org.springframework.boot.SpringApplication.callRunners(SpringApplication.java:748)
	at org.springframework.boot.SpringApplication.run(SpringApplication.java:315)
	at org.springframework.boot.SpringApplication.run(SpringApplication.java:1302)
	at org.springframework.boot.SpringApplication.run(SpringApplication.java:1291)
	at com.guoshisan.xiaohongshu.auth.XiaohongshuAuthApplication.main(XiaohongshuAuthApplication.java:14)
Caused by: org.apache.ibatis.binding.BindingException: Parameter 'roleIds' not found. Available parameters are [arg0, collection, list]
	at org.apache.ibatis.binding.MapperMethod$ParamMap.get(MapperMethod.java:212)
	at org.apache.ibatis.scripting.xmltags.DynamicContext$ContextAccessor.getProperty(DynamicContext.java:120)
	at org.apache.ibatis.ognl.OgnlRuntime.getProperty(OgnlRuntime.java:3344)
	at org.apache.ibatis.ognl.ASTProperty.getValueBody(ASTProperty.java:121)
	at org.apache.ibatis.ognl.SimpleNode.evaluateGetValueBody(SimpleNode.java:212)
	at org.apache.ibatis.ognl.SimpleNode.getValue(SimpleNode.java:258)
	at org.apache.ibatis.ognl.Ognl.getValue(Ognl.java:586)
	at org.apache.ibatis.ognl.Ognl.getValue(Ognl.java:550)
	at org.apache.ibatis.scripting.xmltags.OgnlCache.getValue(OgnlCache.java:46)
	at org.apache.ibatis.scripting.xmltags.ExpressionEvaluator.evaluateIterable(ExpressionEvaluator.java:54)
	at org.apache.ibatis.scripting.xmltags.ForEachSqlNode.apply(ForEachSqlNode.java:68)
	at org.apache.ibatis.scripting.xmltags.MixedSqlNode.lambda$apply$0(MixedSqlNode.java:32)
	at java.base/java.util.ArrayList.forEach(ArrayList.java:1511)
	at org.apache.ibatis.scripting.xmltags.MixedSqlNode.apply(MixedSqlNode.java:32)
	at org.apache.ibatis.scripting.xmltags.DynamicSqlSource.getBoundSql(DynamicSqlSource.java:39)
	at org.apache.ibatis.mapping.MappedStatement.getBoundSql(MappedStatement.java:305)
	at org.apache.ibatis.executor.CachingExecutor.query(CachingExecutor.java:87)
	at org.apache.ibatis.session.defaults.DefaultSqlSession.selectList(DefaultSqlSession.java:151)
	at org.apache.ibatis.session.defaults.DefaultSqlSession.selectList(DefaultSqlSession.java:145)
	at org.apache.ibatis.session.defaults.DefaultSqlSession.selectList(DefaultSqlSession.java:140)
	at java.base/jdk.internal.reflect.NativeMethodAccessorImpl.invoke0(Native Method)
	at java.base/jdk.internal.reflect.NativeMethodAccessorImpl.invoke(NativeMethodAccessorImpl.java:77)
	at java.base/jdk.internal.reflect.DelegatingMethodAccessorImpl.invoke(DelegatingMethodAccessorImpl.java:43)
	at java.base/java.lang.reflect.Method.invoke(Method.java:568)
	at org.mybatis.spring.SqlSessionTemplate$SqlSessionInterceptor.invoke(SqlSessionTemplate.java:425)
	... 14 common frames omitted
2026-09-02 20:40:45.091 [main] INFO  com.alibaba.nacos.client.config.impl.CacheData - nacos.cache.data.init.snapshot = true 
2026-09-02 20:40:45.091 [main] INFO  com.alibaba.nacos.client.config.impl.ClientWorker - [fixed-xiaohongshu-127.0.0.1_8848] [subscribe] xiaohongshu-auth.yaml+DEFAULT_GROUP+xiaohongshu
2026-09-02 20:40:45.099 [main] INFO  com.alibaba.nacos.client.config.impl.CacheData - [fixed-xiaohongshu-127.0.0.1_8848] [add-listener] ok, tenant=xiaohongshu, dataId=xiaohongshu-auth.yaml, group=DEFAULT_GROUP, cnt=1
2026-09-02 20:40:45.099 [main] INFO  c.a.cloud.nacos.refresh.NacosContextRefresher - [Nacos Config] Listening config: dataId=xiaohongshu-auth.yaml, group=DEFAULT_GROUP
2026-09-02 20:40:45.101 [main] INFO  com.alibaba.nacos.client.config.impl.ClientWorker - [fixed-xiaohongshu-127.0.0.1_8848] [subscribe] xiaohongshu-auth-dev.yaml+DEFAULT_GROUP+xiaohongshu
2026-09-02 20:40:45.101 [main] INFO  com.alibaba.nacos.client.config.impl.CacheData - [fixed-xiaohongshu-127.0.0.1_8848] [add-listener] ok, tenant=xiaohongshu, dataId=xiaohongshu-auth-dev.yaml, group=DEFAULT_GROUP, cnt=1
2026-09-02 20:40:45.101 [main] INFO  c.a.cloud.nacos.refresh.NacosContextRefresher - [Nacos Config] Listening config: dataId=xiaohongshu-auth-dev.yaml, group=DEFAULT_GROUP
2026-09-02 20:40:45.102 [main] INFO  com.alibaba.nacos.client.config.impl.ClientWorker - [fixed-xiaohongshu-127.0.0.1_8848] [subscribe] xiaohongshu-auth+DEFAULT_GROUP+xiaohongshu
2026-09-02 20:40:45.102 [main] INFO  com.alibaba.nacos.client.config.impl.CacheData - [fixed-xiaohongshu-127.0.0.1_8848] [add-listener] ok, tenant=xiaohongshu, dataId=xiaohongshu-auth, group=DEFAULT_GROUP, cnt=1
2026-09-02 20:40:45.102 [main] INFO  c.a.cloud.nacos.refresh.NacosContextRefresher - [Nacos Config] Listening config: dataId=xiaohongshu-auth, group=DEFAULT_GROUP
2026-09-02 20:41:40.671 [http-nio-8080-exec-2] INFO  o.a.c.core.ContainerBase.[Tomcat].[localhost].[/] - Initializing Spring DispatcherServlet 'dispatcherServlet'
2026-09-02 20:41:40.671 [http-nio-8080-exec-2] INFO  org.springframework.web.servlet.DispatcherServlet - Initializing Servlet 'dispatcherServlet'
2026-09-02 20:41:40.673 [http-nio-8080-exec-2] INFO  org.springframework.web.servlet.DispatcherServlet - Completed initialization in 2 ms
2026-09-02 20:41:40.825 [http-nio-8080-exec-2] INFO  c.g.f.b.operationlog.aspect.ApiOperationLogAspect - ====== 请求开始: [发送短信验证码], 入参: {"phone":"19903236282"}, 请求类: VerificationCodeController, 请求方法: send =================================== 
2026-09-02 20:41:40.839 [http-nio-8080-exec-2] INFO  c.g.x.a.service.impl.VerificationCodeServiceImpl - ==> 手机号: 19903236282, 已生成验证码：【710725】
2026-09-02 20:41:40.841 [AuthExecutor-1] INFO  c.guoshisan.xiaohongshu.auth.sms.AliyunSmsHelper - ==> 开始短信发送, phone: 19903236282, signName: 速通互联验证码, templateCode: 100001, templateParam: {"code":"710725","min":"3"}
2026-09-02 20:41:40.847 [http-nio-8080-exec-2] INFO  c.g.f.b.operationlog.aspect.ApiOperationLogAspect - ====== 请求结束: [发送短信验证码], 耗时: 23ms, 出参: {"success":true,"message":null,"errorCode":null,"data":null} =================================== 
2026-09-02 20:41:41.978 [AuthExecutor-1] INFO  c.guoshisan.xiaohongshu.auth.sms.AliyunSmsHelper - ==> 短信发送成功, response: {"headers":{"access-control-allow-origin":"*","date":"Wed, 02 Sep 2026 12:43:11 GMT","content-length":"135","keep-alive":"timeout=25","x-acs-request-id":"01A06225-1055-5750-80E7-FB51CFDCDFD4","connection":"keep-alive","content-type":"application/json;charset=utf-8","etag":"1Z4fqntFsACyHsuLuLWywWQ5","access-control-expose-headers":"*","x-acs-trace-id":"8e7d14c7722f132d9d832ede6a37d995"},"statusCode":200,"body":{"accessDeniedDetail":null,"code":"OK","message":"OK","model":{"bizId":"238225388352991510^0","outId":null,"requestId":"8284895e-297e-41c3-83e2-d50f7bc159bf","verifyCode":null},"requestId":null,"success":true}}
2026-09-02 20:42:06.086 [http-nio-8080-exec-3] INFO  c.g.f.b.operationlog.aspect.ApiOperationLogAspect - ====== 请求开始: [用户登录/注册], 入参: {"phone":"19903236282","code":"710725","password":null,"type":1}, 请求类: UserController, 请求方法: loginAndRegister =================================== 
2026-09-02 20:42:06.108 [http-nio-8080-exec-3] INFO  c.g.xiaohongshu.auth.service.impl.UserServiceImpl - ==> 用户是否注册, phone: 19903236282, userDO: {"id":3,"xiaohongshuId":null,"password":null,"nickname":null,"avatar":null,"birthday":null,"backgroundImg":null,"phone":null,"sex":null,"status":null,"introduction":null,"createTime":null,"updateTime":null,"isDeleted":null}
2026-09-02 20:42:06.191 [http-nio-8080-exec-3] INFO  c.g.f.b.operationlog.aspect.ApiOperationLogAspect - ====== 请求结束: [用户登录/注册], 耗时: 105ms, 出参: {"success":true,"message":null,"errorCode":null,"data":"M5F5MItKQudwbiB3tiTZE9uh0ooXqeK5sSRPs0QFyS7HCxkSPMKDkh2m7s1dTWNQLuWGKaAYZLEaMOIKFV7rYqJvU9kWT22jp3gUwyvTilQEHq297qw8G7hq3yk182Zz"} =================================== 
2026-09-02 20:42:28.643 [http-nio-8080-exec-5] INFO  c.g.f.b.operationlog.aspect.ApiOperationLogAspect - ====== 请求开始: [账号登出], 入参: , 请求类: UserController, 请求方法: logout =================================== 
2026-09-02 20:42:28.662 [http-nio-8080-exec-5] INFO  c.g.f.b.operationlog.aspect.ApiOperationLogAspect - ====== 请求结束: [账号登出], 耗时: 20ms, 出参: {"success":true,"message":null,"errorCode":null,"data":null} =================================== 
2026-09-02 20:48:07.826 [http-nio-8080-exec-9] INFO  c.g.f.b.operationlog.aspect.ApiOperationLogAspect - ====== 请求开始: [发送短信验证码], 入参: {"phone":"19903236282"}, 请求类: VerificationCodeController, 请求方法: send =================================== 
2026-09-02 20:48:07.828 [http-nio-8080-exec-9] INFO  c.g.x.a.service.impl.VerificationCodeServiceImpl - ==> 手机号: 19903236282, 已生成验证码：【914194】
2026-09-02 20:48:07.829 [AuthExecutor-2] INFO  c.guoshisan.xiaohongshu.auth.sms.AliyunSmsHelper - ==> 开始短信发送, phone: 19903236282, signName: 速通互联验证码, templateCode: 100001, templateParam: {"code":"914194","min":"3"}
2026-09-02 20:48:07.831 [http-nio-8080-exec-9] INFO  c.g.f.b.operationlog.aspect.ApiOperationLogAspect - ====== 请求结束: [发送短信验证码], 耗时: 5ms, 出参: {"success":true,"message":null,"errorCode":null,"data":null} =================================== 
2026-09-02 20:48:08.196 [AuthExecutor-2] INFO  c.guoshisan.xiaohongshu.auth.sms.AliyunSmsHelper - ==> 短信发送成功, response: {"headers":{"access-control-allow-origin":"*","date":"Wed, 02 Sep 2026 12:49:37 GMT","content-length":"135","keep-alive":"timeout=25","x-acs-request-id":"01A0622A-F540-528B-BEA9-11DCA1E48B70","connection":"keep-alive","content-type":"application/json;charset=utf-8","etag":"1RIatuy/HVjKerVyx2POKmw5","access-control-expose-headers":"*","x-acs-trace-id":"41b62af2893f1388cb91ed939c4a9572"},"statusCode":200,"body":{"accessDeniedDetail":null,"code":"OK","message":"OK","model":{"bizId":"795511288353377735^0","outId":null,"requestId":"a898ba97-f520-4719-9133-6b9f22ff34de","verifyCode":null},"requestId":null,"success":true}}
2026-09-02 20:48:36.948 [http-nio-8080-exec-10] INFO  c.g.f.b.operationlog.aspect.ApiOperationLogAspect - ====== 请求开始: [发送短信验证码], 入参: {"phone":"15033632536"}, 请求类: VerificationCodeController, 请求方法: send =================================== 
2026-09-02 20:48:36.951 [http-nio-8080-exec-10] INFO  c.g.x.a.service.impl.VerificationCodeServiceImpl - ==> 手机号: 15033632536, 已生成验证码：【115010】
2026-09-02 20:48:36.951 [AuthExecutor-3] INFO  c.guoshisan.xiaohongshu.auth.sms.AliyunSmsHelper - ==> 开始短信发送, phone: 15033632536, signName: 速通互联验证码, templateCode: 100001, templateParam: {"code":"115010","min":"3"}
2026-09-02 20:48:36.954 [http-nio-8080-exec-10] INFO  c.g.f.b.operationlog.aspect.ApiOperationLogAspect - ====== 请求结束: [发送短信验证码], 耗时: 6ms, 出参: {"success":true,"message":null,"errorCode":null,"data":null} =================================== 
2026-09-02 20:48:37.336 [AuthExecutor-3] INFO  c.guoshisan.xiaohongshu.auth.sms.AliyunSmsHelper - ==> 短信发送成功, response: {"headers":{"access-control-allow-origin":"*","date":"Wed, 02 Sep 2026 12:50:07 GMT","content-length":"135","keep-alive":"timeout=25","x-acs-request-id":"01A0622B-671A-5A6D-9486-B526CB8E0D95","connection":"keep-alive","content-type":"application/json;charset=utf-8","etag":"153SXWrKtMJ6CzzjGDSYynQ5","access-control-expose-headers":"*","x-acs-trace-id":"1aa0e2f31d0650731e2c6d4e454507a0"},"statusCode":200,"body":{"accessDeniedDetail":null,"code":"OK","message":"OK","model":{"bizId":"765407888353406870^0","outId":null,"requestId":"1ecd144f-1dbf-4d4e-ade9-0229fc7c514d","verifyCode":null},"requestId":null,"success":true}}
2026-09-02 20:49:03.609 [http-nio-8080-exec-1] INFO  c.g.f.b.operationlog.aspect.ApiOperationLogAspect - ====== 请求开始: [用户登录/注册], 入参: {"phone":"19903236282","code":"914194","password":null,"type":1}, 请求类: UserController, 请求方法: loginAndRegister =================================== 
2026-09-02 20:49:03.615 [http-nio-8080-exec-1] INFO  c.g.xiaohongshu.auth.service.impl.UserServiceImpl - ==> 用户是否注册, phone: 19903236282, userDO: {"id":3,"xiaohongshuId":null,"password":null,"nickname":null,"avatar":null,"birthday":null,"backgroundImg":null,"phone":null,"sex":null,"status":null,"introduction":null,"createTime":null,"updateTime":null,"isDeleted":null}
2026-09-02 20:49:03.639 [http-nio-8080-exec-1] INFO  c.g.f.b.operationlog.aspect.ApiOperationLogAspect - ====== 请求结束: [用户登录/注册], 耗时: 30ms, 出参: {"success":true,"message":null,"errorCode":null,"data":"fOjKEaRcTsYBD9EN960gsWjHmnOlBAhhgP5tPHMHWKrSO4TYdVdcFWUuMiity3cCCP1qkLfumn4R4EYVPTNWgTGePLXQv6bWZLA5Y0dlNbKQrLKFmhFIRN3zhguzbqLC"} =================================== 
2026-09-02 21:08:00.245 [http-nio-8080-exec-5] INFO  c.g.f.b.operationlog.aspect.ApiOperationLogAspect - ====== 请求开始: [发送短信验证码], 入参: {"phone":"15033632536"}, 请求类: VerificationCodeController, 请求方法: send =================================== 
2026-09-02 21:08:00.247 [http-nio-8080-exec-5] INFO  c.g.x.a.service.impl.VerificationCodeServiceImpl - ==> 手机号: 15033632536, 已生成验证码：【137969】
2026-09-02 21:08:00.248 [AuthExecutor-4] INFO  c.guoshisan.xiaohongshu.auth.sms.AliyunSmsHelper - ==> 开始短信发送, phone: 15033632536, signName: 速通互联验证码, templateCode: 100001, templateParam: {"code":"137969","min":"3"}
2026-09-02 21:08:00.251 [http-nio-8080-exec-5] INFO  c.g.f.b.operationlog.aspect.ApiOperationLogAspect - ====== 请求结束: [发送短信验证码], 耗时: 5ms, 出参: {"success":true,"message":null,"errorCode":null,"data":null} =================================== 
2026-09-02 21:08:00.648 [AuthExecutor-4] INFO  c.guoshisan.xiaohongshu.auth.sms.AliyunSmsHelper - ==> 短信发送成功, response: {"headers":{"access-control-allow-origin":"*","date":"Wed, 02 Sep 2026 13:09:30 GMT","content-length":"135","keep-alive":"timeout=25","x-acs-request-id":"01A0623D-2722-5684-AAC0-90B15311B95E","connection":"keep-alive","content-type":"application/json;charset=utf-8","etag":"1UL7qlkAB/SR4uut6cMT6jA5","access-control-expose-headers":"*","x-acs-trace-id":"0518b275740d5717ecc4dd129cf9c50c"},"statusCode":200,"body":{"accessDeniedDetail":null,"code":"OK","message":"OK","model":{"bizId":"890825088354570175^0","outId":null,"requestId":"da4c4c6f-9393-4e4c-a74b-a2ed78a9ce16","verifyCode":null},"requestId":null,"success":true}}
2026-09-02 21:08:22.623 [http-nio-8080-exec-8] INFO  c.g.f.b.operationlog.aspect.ApiOperationLogAspect - ====== 请求开始: [用户登录/注册], 入参: {"phone":"15033632536","code":"173969","password":null,"type":1}, 请求类: UserController, 请求方法: loginAndRegister =================================== 
2026-09-02 21:08:22.629 [http-nio-8080-exec-8] WARN  c.g.x.auth.exception.GlobalExceptionHandler - /user/login request fail, errorCode: AUTH-20001, errorMessage: 验证码错误
2026-09-02 21:08:48.873 [http-nio-8080-exec-6] INFO  c.g.f.b.operationlog.aspect.ApiOperationLogAspect - ====== 请求开始: [用户登录/注册], 入参: {"phone":"15033632536","code":"137969","password":null,"type":1}, 请求类: UserController, 请求方法: loginAndRegister =================================== 
2026-09-02 21:08:48.894 [http-nio-8080-exec-6] INFO  c.g.xiaohongshu.auth.service.impl.UserServiceImpl - ==> 用户是否注册, phone: 15033632536, userDO: null
2026-09-02 21:08:49.185 [http-nio-8080-exec-6] INFO  c.g.f.b.operationlog.aspect.ApiOperationLogAspect - ====== 请求结束: [用户登录/注册], 耗时: 311ms, 出参: {"success":true,"message":null,"errorCode":null,"data":"1HizLxcz8YZJaCDVVeviiRZyrSR2jbWAhKTAW5CpbpueESynPRr84Pkc0pvYbzneHLXjexkXoTwFyTWlLSyvDXpGU8thoSYcgnutBueBDX4ufFyUX7iq6AJZkghvUf9T"} =================================== 
2026-09-02 21:09:42.989 [Thread-2] WARN  c.alibaba.nacos.common.http.HttpClientBeanHolder - [HttpClientBeanHolder] Start destroying common HttpClient
2026-09-02 21:09:42.990 [Thread-9] WARN  com.alibaba.nacos.common.notify.NotifyCenter - [NotifyCenter] Start destroying Publisher
2026-09-02 21:09:42.990 [Thread-9] WARN  com.alibaba.nacos.common.notify.NotifyCenter - [NotifyCenter] Destruction of the end
2026-09-02 21:09:42.990 [Thread-2] WARN  c.alibaba.nacos.common.http.HttpClientBeanHolder - [HttpClientBeanHolder] Destruction of the end
2026-09-02 21:09:43.058 [SpringApplicationShutdownHook] INFO  c.a.cloud.nacos.registry.NacosServiceRegistry - De-registering from Nacos Server now...
2026-09-02 21:09:43.058 [SpringApplicationShutdownHook] INFO  com.alibaba.nacos.client.naming - [DEREGISTER-SERVICE] xiaohongshu deregistering service xiaohongshu-auth with instance: Instance{instanceId='null', ip='192.168.0.103', port=8080, weight=1.0, healthy=true, enabled=true, ephemeral=true, clusterName='DEFAULT', serviceName='null', metadata={}}
2026-09-02 21:09:43.061 [SpringApplicationShutdownHook] INFO  c.a.cloud.nacos.registry.NacosServiceRegistry - De-registration finished.
2026-09-02 21:09:43.061 [SpringApplicationShutdownHook] INFO  com.alibaba.nacos.client.naming - com.alibaba.nacos.client.naming.cache.ServiceInfoHolder do shutdown begin
2026-09-02 21:09:43.062 [SpringApplicationShutdownHook] INFO  com.alibaba.nacos.client.naming - com.alibaba.nacos.client.naming.backups.FailoverReactor do shutdown begin
2026-09-02 21:09:43.062 [SpringApplicationShutdownHook] INFO  com.alibaba.nacos.client.naming - com.alibaba.nacos.client.naming.backups.FailoverReactor do shutdown stop
2026-09-02 21:09:43.062 [SpringApplicationShutdownHook] INFO  com.alibaba.nacos.client.naming - com.alibaba.nacos.client.naming.cache.ServiceInfoHolder do shutdown stop
2026-09-02 21:09:43.062 [SpringApplicationShutdownHook] INFO  com.alibaba.nacos.client.naming - com.alibaba.nacos.client.naming.remote.NamingClientProxyDelegate do shutdown begin
2026-09-02 21:09:43.062 [SpringApplicationShutdownHook] INFO  com.alibaba.nacos.client.naming - com.alibaba.nacos.client.naming.core.ServiceInfoUpdateService do shutdown begin
2026-09-02 21:09:43.062 [SpringApplicationShutdownHook] INFO  com.alibaba.nacos.client.naming - com.alibaba.nacos.client.naming.core.ServiceInfoUpdateService do shutdown stop
2026-09-02 21:09:43.062 [SpringApplicationShutdownHook] INFO  com.alibaba.nacos.client.naming - com.alibaba.nacos.client.naming.core.ServerListManager do shutdown begin
2026-09-02 21:09:43.062 [SpringApplicationShutdownHook] WARN  com.alibaba.nacos.client.naming - [NamingHttpClientManager] Start destroying NacosRestTemplate
2026-09-02 21:09:43.063 [SpringApplicationShutdownHook] WARN  com.alibaba.nacos.client.naming - [NamingHttpClientManager] Destruction of the end
2026-09-02 21:09:43.063 [SpringApplicationShutdownHook] INFO  com.alibaba.nacos.client.naming - com.alibaba.nacos.client.naming.core.ServerListManager do shutdown stop
2026-09-02 21:09:43.063 [SpringApplicationShutdownHook] INFO  com.alibaba.nacos.client.naming - com.alibaba.nacos.client.naming.remote.http.NamingHttpClientProxy do shutdown begin
2026-09-02 21:09:43.063 [SpringApplicationShutdownHook] WARN  com.alibaba.nacos.client.naming - [NamingHttpClientManager] Start destroying NacosRestTemplate
2026-09-02 21:09:43.063 [SpringApplicationShutdownHook] WARN  com.alibaba.nacos.client.naming - [NamingHttpClientManager] Destruction of the end
2026-09-02 21:09:43.063 [SpringApplicationShutdownHook] INFO  com.alibaba.nacos.client.naming - com.alibaba.nacos.client.naming.remote.http.NamingHttpClientProxy do shutdown stop
2026-09-02 21:09:43.063 [SpringApplicationShutdownHook] INFO  com.alibaba.nacos.common.remote.client - Shutdown rpc client, set status to shutdown
2026-09-02 21:09:43.063 [SpringApplicationShutdownHook] INFO  com.alibaba.nacos.common.remote.client - Shutdown client event executor java.util.concurrent.ScheduledThreadPoolExecutor@5bfd77d2[Running, pool size = 2, active threads = 2, queued tasks = 0, completed tasks = 0]
2026-09-02 21:09:43.063 [SpringApplicationShutdownHook] INFO  com.alibaba.nacos.common.remote.client - Close current connection 1788352843713_172.17.0.1_41202
2026-09-02 21:09:43.065 [nacos-grpc-client-executor-127.0.0.1-374] INFO  c.a.nacos.common.remote.client.grpc.GrpcClient - [1788352843713_172.17.0.1_41202]Ignore complete event,isRunning:false,isAbandon=false
2026-09-02 21:09:43.066 [SpringApplicationShutdownHook] INFO  c.a.nacos.common.remote.client.grpc.GrpcClient - Shutdown grpc executor java.util.concurrent.ThreadPoolExecutor@19def19a[Running, pool size = 4, active threads = 0, queued tasks = 0, completed tasks = 375]
2026-09-02 21:09:43.066 [SpringApplicationShutdownHook] INFO  com.alibaba.nacos.client.naming - Shutdown grpc redo service executor java.util.concurrent.ScheduledThreadPoolExecutor@2920c141[Running, pool size = 1, active threads = 0, queued tasks = 1, completed tasks = 578]
2026-09-02 21:09:43.066 [SpringApplicationShutdownHook] INFO  c.a.n.client.auth.ram.identify.CredentialWatcher - [null] CredentialWatcher is stopped
2026-09-02 21:09:43.066 [SpringApplicationShutdownHook] INFO  c.a.n.client.auth.ram.identify.CredentialService - [null] CredentialService is freed
2026-09-02 21:09:43.066 [SpringApplicationShutdownHook] INFO  com.alibaba.nacos.client.naming - com.alibaba.nacos.client.naming.remote.NamingClientProxyDelegate do shutdown stop
2026-09-02 21:09:43.185 [SpringApplicationShutdownHook] INFO  com.alibaba.druid.pool.DruidDataSource - {dataSource-1} closing ...
2026-09-02 21:09:43.188 [SpringApplicationShutdownHook] INFO  com.alibaba.druid.pool.DruidDataSource - {dataSource-1} closed
2026-09-02 21:09:48.097 [main] WARN  com.alibaba.nacos.client.logging.NacosLogging - Load Logback Configuration of Nacos fail, message: Could not initialize Logback Nacos logging from classpath:nacos-logback.xml
2026-09-02 21:09:48.150 [main] WARN  com.alibaba.nacos.client.logging.NacosLogging - Load Logback Configuration of Nacos fail, message: Could not initialize Logback Nacos logging from classpath:nacos-logback.xml
2026-09-02 21:09:48.343 [main] WARN  com.alibaba.nacos.client.logging.NacosLogging - Load Logback Configuration of Nacos fail, message: Could not initialize Logback Nacos logging from classpath:nacos-logback.xml
2026-09-02 21:09:48.344 [main] INFO  com.alibaba.nacos.client.utils.ParamUtil - [settings] [req-serv] nacos-server port:8848
2026-09-02 21:09:48.344 [main] INFO  com.alibaba.nacos.client.utils.ParamUtil - [settings] [http-client] connect timeout:1000
2026-09-02 21:09:48.345 [main] INFO  com.alibaba.nacos.client.utils.ParamUtil - PER_TASK_CONFIG_SIZE: 3000.0
2026-09-02 21:09:48.369 [main] INFO  c.a.n.p.auth.spi.client.ClientAuthPluginManager - [ClientAuthPluginManager] Load ClientAuthService com.alibaba.nacos.client.auth.impl.NacosClientAuthServiceImpl success.
2026-09-02 21:09:48.369 [main] INFO  c.a.n.p.auth.spi.client.ClientAuthPluginManager - [ClientAuthPluginManager] Load ClientAuthService com.alibaba.nacos.client.auth.ram.RamClientAuthServiceImpl success.
2026-09-02 21:09:48.371 [main] INFO  c.a.n.client.auth.ram.identify.CredentialWatcher - null No credential found
2026-09-02 21:09:48.900 [main] WARN  com.alibaba.nacos.client.logging.NacosLogging - Load Logback Configuration of Nacos fail, message: Could not initialize Logback Nacos logging from classpath:nacos-logback.xml
2026-09-02 21:09:48.910 [main] INFO  c.a.n.client.config.impl.LocalConfigInfoProcessor - LOCAL_SNAPSHOT_PATH:C:\Users\Administrator\nacos\config
2026-09-02 21:09:48.913 [main] INFO  com.alibaba.nacos.common.remote.client - [RpcClientFactory] create a new rpc client of f0f7c2e8-0510-45ae-8e05-1a5fb6d7de3f_config-0
2026-09-02 21:09:48.926 [main] INFO  com.alibaba.nacos.common.remote.client - [f0f7c2e8-0510-45ae-8e05-1a5fb6d7de3f_config-0] Register server push request handler:com.alibaba.nacos.client.config.impl.ClientWorker$ConfigRpcTransportClient$$Lambda$585/0x000001d001391258
2026-09-02 21:09:48.926 [main] INFO  com.alibaba.nacos.common.remote.client - [f0f7c2e8-0510-45ae-8e05-1a5fb6d7de3f_config-0] Register server push request handler:com.alibaba.nacos.client.config.impl.ClientWorker$ConfigRpcTransportClient$$Lambda$586/0x000001d001391678
2026-09-02 21:09:48.926 [main] INFO  com.alibaba.nacos.common.remote.client - [f0f7c2e8-0510-45ae-8e05-1a5fb6d7de3f_config-0] Registry connection listener to current client:com.alibaba.nacos.client.config.impl.ClientWorker$ConfigRpcTransportClient$1
2026-09-02 21:09:48.927 [main] INFO  com.alibaba.nacos.common.remote.client - [f0f7c2e8-0510-45ae-8e05-1a5fb6d7de3f_config-0] RpcClient init, ServerListFactory = com.alibaba.nacos.client.config.impl.ClientWorker$ConfigRpcTransportClient$2
2026-09-02 21:09:48.937 [main] INFO  com.alibaba.nacos.common.remote.client - [f0f7c2e8-0510-45ae-8e05-1a5fb6d7de3f_config-0] Try to connect to server on start up, server: {serverIp = '127.0.0.1', server main port = 8848}
2026-09-02 21:09:48.977 [main] INFO  c.a.nacos.common.remote.client.grpc.GrpcClient - grpc client connection server:127.0.0.1 ip,serverPort:9848,grpcTslConfig:{"sslProvider":"OPENSSL","enableTls":false,"mutualAuthEnable":false,"trustAll":false}
2026-09-02 21:09:49.968 [main] INFO  com.alibaba.nacos.common.remote.client - [f0f7c2e8-0510-45ae-8e05-1a5fb6d7de3f_config-0] Success to connect to server [127.0.0.1:8848] on start up, connectionId = 1788354589779_172.17.0.1_47678
2026-09-02 21:09:49.968 [com.alibaba.nacos.client.remote.worker] INFO  com.alibaba.nacos.common.remote.client - [f0f7c2e8-0510-45ae-8e05-1a5fb6d7de3f_config-0] Notify connected event to listeners.
2026-09-02 21:09:49.968 [com.alibaba.nacos.client.remote.worker] INFO  com.alibaba.nacos.client.config.impl.ClientWorker - [f0f7c2e8-0510-45ae-8e05-1a5fb6d7de3f_config-0] Connected,notify listen context...
2026-09-02 21:09:49.968 [main] INFO  com.alibaba.nacos.common.remote.client - [f0f7c2e8-0510-45ae-8e05-1a5fb6d7de3f_config-0] Register server push request handler:com.alibaba.nacos.common.remote.client.RpcClient$ConnectResetRequestHandler
2026-09-02 21:09:49.968 [main] INFO  com.alibaba.nacos.common.remote.client - [f0f7c2e8-0510-45ae-8e05-1a5fb6d7de3f_config-0] Register server push request handler:com.alibaba.nacos.common.remote.client.RpcClient$$Lambda$606/0x000001d0014d9448
2026-09-02 21:09:50.015 [main] INFO  com.alibaba.nacos.client.config.impl.Limiter - limitTime:5.0
2026-09-02 21:09:50.041 [main] INFO  com.alibaba.nacos.client.config.utils.JvmUtil - isMultiInstance:false
2026-09-02 21:09:50.053 [main] WARN  c.a.cloud.nacos.client.NacosPropertySourceBuilder - Ignore the empty nacos configuration and get it based on dataId[xiaohongshu-auth.yaml] & group[DEFAULT_GROUP]
2026-09-02 21:09:50.075 [main] INFO  o.s.c.b.c.PropertySourceBootstrapConfiguration - Located property source: [BootstrapPropertySource {name='bootstrapProperties-xiaohongshu-auth-dev.yaml,DEFAULT_GROUP'}, BootstrapPropertySource {name='bootstrapProperties-xiaohongshu-auth.yaml,DEFAULT_GROUP'}, BootstrapPropertySource {name='bootstrapProperties-xiaohongshu-auth,DEFAULT_GROUP'}]
2026-09-02 21:09:50.098 [main] WARN  com.alibaba.nacos.client.logging.NacosLogging - Load Logback Configuration of Nacos fail, message: Could not initialize Logback Nacos logging from classpath:nacos-logback.xml
2026-09-02 21:09:50.099 [main] INFO  c.g.xiaohongshu.auth.XiaohongshuAuthApplication - The following 1 profile is active: "dev"
2026-09-02 21:09:50.689 [main] INFO  o.s.d.r.config.RepositoryConfigurationDelegate - Multiple Spring Data modules found, entering strict repository configuration mode
2026-09-02 21:09:50.692 [main] INFO  o.s.d.r.config.RepositoryConfigurationDelegate - Bootstrapping Spring Data Redis repositories in DEFAULT mode.
2026-09-02 21:09:50.715 [main] INFO  o.s.d.r.config.RepositoryConfigurationDelegate - Finished Spring Data repository scanning in 10 ms. Found 0 Redis repository interfaces.
2026-09-02 21:09:50.842 [main] INFO  o.springframework.cloud.context.scope.GenericScope - BeanFactory id=e975a4a9-1ce7-3108-84ca-3ebf7bd491e7
2026-09-02 21:09:51.332 [main] INFO  o.s.boot.web.embedded.tomcat.TomcatWebServer - Tomcat initialized with port(s): 8080 (http)
2026-09-02 21:09:51.342 [main] INFO  org.apache.catalina.core.StandardService - Starting service [Tomcat]
2026-09-02 21:09:51.342 [main] INFO  org.apache.catalina.core.StandardEngine - Starting Servlet engine: [Apache Tomcat/10.1.5]
2026-09-02 21:09:51.411 [main] INFO  o.a.c.core.ContainerBase.[Tomcat].[localhost].[/] - Initializing Spring embedded WebApplicationContext
2026-09-02 21:09:51.411 [main] INFO  o.s.b.w.s.c.ServletWebServerApplicationContext - Root WebApplicationContext: initialization completed in 1297 ms
2026-09-02 21:09:51.497 [main] INFO  c.a.d.s.b.a.DruidDataSourceAutoConfigure - Init DruidDataSource
2026-09-02 21:09:51.855 [main] INFO  com.alibaba.druid.pool.DruidDataSource - {dataSource-1} inited
2026-09-02 21:09:53.838 [main] INFO  o.s.boot.web.embedded.tomcat.TomcatWebServer - Tomcat started on port(s): 8080 (http) with context path ''
2026-09-02 21:09:53.841 [main] INFO  com.alibaba.nacos.client.naming - initializer namespace from ans.namespace attribute : null
2026-09-02 21:09:53.842 [main] INFO  com.alibaba.nacos.client.naming - initializer namespace from ALIBABA_ALIWARE_NAMESPACE attribute :null
2026-09-02 21:09:53.842 [main] INFO  com.alibaba.nacos.client.naming - initializer namespace from namespace attribute :null
2026-09-02 21:09:53.848 [main] INFO  c.a.n.p.auth.spi.client.ClientAuthPluginManager - [ClientAuthPluginManager] Load ClientAuthService com.alibaba.nacos.client.auth.impl.NacosClientAuthServiceImpl success.
2026-09-02 21:09:53.848 [main] INFO  c.a.n.p.auth.spi.client.ClientAuthPluginManager - [ClientAuthPluginManager] Load ClientAuthService com.alibaba.nacos.client.auth.ram.RamClientAuthServiceImpl success.
2026-09-02 21:09:53.851 [main] INFO  com.alibaba.nacos.common.remote.client - [RpcClientFactory] create a new rpc client of e860058a-f39d-44d6-8c82-143605d5c591
2026-09-02 21:09:53.852 [main] INFO  com.alibaba.nacos.common.remote.client - [e860058a-f39d-44d6-8c82-143605d5c591] RpcClient init, ServerListFactory = com.alibaba.nacos.client.naming.core.ServerListManager
2026-09-02 21:09:53.852 [main] INFO  com.alibaba.nacos.common.remote.client - [e860058a-f39d-44d6-8c82-143605d5c591] Registry connection listener to current client:com.alibaba.nacos.client.naming.remote.gprc.redo.NamingGrpcRedoService
2026-09-02 21:09:53.852 [main] INFO  com.alibaba.nacos.common.remote.client - [e860058a-f39d-44d6-8c82-143605d5c591] Register server push request handler:com.alibaba.nacos.client.naming.remote.gprc.NamingPushRequestHandler
2026-09-02 21:09:53.853 [main] INFO  com.alibaba.nacos.common.remote.client - [e860058a-f39d-44d6-8c82-143605d5c591] Try to connect to server on start up, server: {serverIp = '127.0.0.1', server main port = 8848}
2026-09-02 21:09:53.853 [main] INFO  c.a.nacos.common.remote.client.grpc.GrpcClient - grpc client connection server:127.0.0.1 ip,serverPort:9848,grpcTslConfig:{"sslProvider":"OPENSSL","enableTls":false,"mutualAuthEnable":false,"trustAll":false}
2026-09-02 21:09:53.969 [main] INFO  com.alibaba.nacos.common.remote.client - [e860058a-f39d-44d6-8c82-143605d5c591] Success to connect to server [127.0.0.1:8848] on start up, connectionId = 1788354593860_172.17.0.1_35382
2026-09-02 21:09:53.969 [com.alibaba.nacos.client.remote.worker] INFO  com.alibaba.nacos.common.remote.client - [e860058a-f39d-44d6-8c82-143605d5c591] Notify connected event to listeners.
2026-09-02 21:09:53.969 [main] INFO  com.alibaba.nacos.common.remote.client - [e860058a-f39d-44d6-8c82-143605d5c591] Register server push request handler:com.alibaba.nacos.common.remote.client.RpcClient$ConnectResetRequestHandler
2026-09-02 21:09:53.970 [com.alibaba.nacos.client.remote.worker] INFO  com.alibaba.nacos.client.naming - Grpc connection connect
2026-09-02 21:09:53.970 [main] INFO  com.alibaba.nacos.common.remote.client - [e860058a-f39d-44d6-8c82-143605d5c591] Register server push request handler:com.alibaba.nacos.common.remote.client.RpcClient$$Lambda$606/0x000001d0014d9448
2026-09-02 21:09:53.972 [main] INFO  com.alibaba.nacos.client.naming - [REGISTER-SERVICE] xiaohongshu registering service xiaohongshu-auth with instance Instance{instanceId='null', ip='192.168.0.103', port=8080, weight=1.0, healthy=true, enabled=true, ephemeral=true, clusterName='DEFAULT', serviceName='null', metadata={IPv6=null, preserved.register.source=SPRING_CLOUD}}
2026-09-02 21:09:54.001 [main] INFO  c.a.cloud.nacos.registry.NacosServiceRegistry - nacos registry, DEFAULT_GROUP xiaohongshu-auth 192.168.0.103:8080 register finished
2026-09-02 21:09:54.362 [main] INFO  c.g.xiaohongshu.auth.XiaohongshuAuthApplication - Started XiaohongshuAuthApplication in 7.116 seconds (process running for 7.677)
2026-09-02 21:09:54.363 [main] INFO  c.g.x.auth.runner.PushRolePermissions2RedisRunner - ==> 服务启动，开始同步角色权限数据到 Redis 中...
2026-09-02 21:09:54.745 [main] WARN  c.g.x.auth.runner.PushRolePermissions2RedisRunner - ==> 角色权限数据已经同步至 Redis 中，不再同步...
2026-09-02 21:09:54.747 [main] INFO  com.alibaba.nacos.client.config.impl.CacheData - nacos.cache.data.init.snapshot = true 
2026-09-02 21:09:54.747 [main] INFO  com.alibaba.nacos.client.config.impl.ClientWorker - [fixed-xiaohongshu-127.0.0.1_8848] [subscribe] xiaohongshu-auth.yaml+DEFAULT_GROUP+xiaohongshu
2026-09-02 21:09:54.753 [main] INFO  com.alibaba.nacos.client.config.impl.CacheData - [fixed-xiaohongshu-127.0.0.1_8848] [add-listener] ok, tenant=xiaohongshu, dataId=xiaohongshu-auth.yaml, group=DEFAULT_GROUP, cnt=1
2026-09-02 21:09:54.753 [main] INFO  c.a.cloud.nacos.refresh.NacosContextRefresher - [Nacos Config] Listening config: dataId=xiaohongshu-auth.yaml, group=DEFAULT_GROUP
2026-09-02 21:09:54.754 [main] INFO  com.alibaba.nacos.client.config.impl.ClientWorker - [fixed-xiaohongshu-127.0.0.1_8848] [subscribe] xiaohongshu-auth-dev.yaml+DEFAULT_GROUP+xiaohongshu
2026-09-02 21:09:54.754 [main] INFO  com.alibaba.nacos.client.config.impl.CacheData - [fixed-xiaohongshu-127.0.0.1_8848] [add-listener] ok, tenant=xiaohongshu, dataId=xiaohongshu-auth-dev.yaml, group=DEFAULT_GROUP, cnt=1
2026-09-02 21:09:54.754 [main] INFO  c.a.cloud.nacos.refresh.NacosContextRefresher - [Nacos Config] Listening config: dataId=xiaohongshu-auth-dev.yaml, group=DEFAULT_GROUP
2026-09-02 21:09:54.755 [main] INFO  com.alibaba.nacos.client.config.impl.ClientWorker - [fixed-xiaohongshu-127.0.0.1_8848] [subscribe] xiaohongshu-auth+DEFAULT_GROUP+xiaohongshu
2026-09-02 21:09:54.755 [main] INFO  com.alibaba.nacos.client.config.impl.CacheData - [fixed-xiaohongshu-127.0.0.1_8848] [add-listener] ok, tenant=xiaohongshu, dataId=xiaohongshu-auth, group=DEFAULT_GROUP, cnt=1
2026-09-02 21:09:54.755 [main] INFO  c.a.cloud.nacos.refresh.NacosContextRefresher - [Nacos Config] Listening config: dataId=xiaohongshu-auth, group=DEFAULT_GROUP
2026-09-02 21:10:37.622 [http-nio-8080-exec-2] INFO  o.a.c.core.ContainerBase.[Tomcat].[localhost].[/] - Initializing Spring DispatcherServlet 'dispatcherServlet'
2026-09-02 21:10:37.622 [http-nio-8080-exec-2] INFO  org.springframework.web.servlet.DispatcherServlet - Initializing Servlet 'dispatcherServlet'
2026-09-02 21:10:37.623 [http-nio-8080-exec-2] INFO  org.springframework.web.servlet.DispatcherServlet - Completed initialization in 1 ms
2026-09-02 21:10:37.764 [http-nio-8080-exec-2] INFO  c.g.f.b.operationlog.aspect.ApiOperationLogAspect - ====== 请求开始: [发送短信验证码], 入参: {"phone":"19903236282"}, 请求类: VerificationCodeController, 请求方法: send =================================== 
2026-09-02 21:10:37.775 [http-nio-8080-exec-2] INFO  c.g.x.a.service.impl.VerificationCodeServiceImpl - ==> 手机号: 19903236282, 已生成验证码：【235677】
2026-09-02 21:10:37.776 [AuthExecutor-1] INFO  c.guoshisan.xiaohongshu.auth.sms.AliyunSmsHelper - ==> 开始短信发送, phone: 19903236282, signName: 速通互联验证码, templateCode: 100001, templateParam: {"code":"235677","min":"3"}
2026-09-02 21:10:37.782 [http-nio-8080-exec-2] INFO  c.g.f.b.operationlog.aspect.ApiOperationLogAspect - ====== 请求结束: [发送短信验证码], 耗时: 18ms, 出参: {"success":true,"message":null,"errorCode":null,"data":null} =================================== 
2026-09-02 21:10:38.796 [AuthExecutor-1] INFO  c.guoshisan.xiaohongshu.auth.sms.AliyunSmsHelper - ==> 短信发送成功, response: {"headers":{"access-control-allow-origin":"*","date":"Wed, 02 Sep 2026 13:12:08 GMT","content-length":"135","keep-alive":"timeout=25","x-acs-request-id":"01A0623F-90C0-5FFD-918B-F32A00AE72BB","connection":"keep-alive","content-type":"application/json;charset=utf-8","etag":"1nQPjXRYlneilRSwjbte0Aw5","access-control-expose-headers":"*","x-acs-trace-id":"87ce2088394828f890e0c36324d7868d"},"statusCode":200,"body":{"accessDeniedDetail":null,"code":"OK","message":"OK","model":{"bizId":"521709688354728258^0","outId":null,"requestId":"6f9998c4-7481-4aa6-a7c7-a28376955712","verifyCode":null},"requestId":null,"success":true}}
2026-09-02 21:10:50.311 [http-nio-8080-exec-3] INFO  c.g.f.b.operationlog.aspect.ApiOperationLogAspect - ====== 请求开始: [用户登录/注册], 入参: {"phone":"19903236282","code":"235677","password":null,"type":1}, 请求类: UserController, 请求方法: loginAndRegister =================================== 
2026-09-02 21:10:50.637 [http-nio-8080-exec-3] INFO  c.g.xiaohongshu.auth.service.impl.UserServiceImpl - ==> 用户是否注册, phone: 19903236282, userDO: null
2026-09-02 21:10:50.865 [http-nio-8080-exec-3] ERROR c.g.xiaohongshu.auth.service.impl.UserServiceImpl - ==> 系统注册用户异常: 
java.lang.NullPointerException: Cannot invoke "com.guoshisan.xiaohongshu.auth.domain.dto.RoleDTO.getRoleKey()" because "roleDTO" is null
	at com.guoshisan.xiaohongshu.auth.service.impl.UserServiceImpl.lambda$registerUser$0(UserServiceImpl.java:171)
	at org.springframework.transaction.support.TransactionTemplate.execute(TransactionTemplate.java:140)
	at com.guoshisan.xiaohongshu.auth.service.impl.UserServiceImpl.registerUser(UserServiceImpl.java:136)
	at com.guoshisan.xiaohongshu.auth.service.impl.UserServiceImpl.loginAndRegister(UserServiceImpl.java:106)
	at com.guoshisan.xiaohongshu.auth.controller.UserController.loginAndRegister(UserController.java:33)
	at java.base/jdk.internal.reflect.NativeMethodAccessorImpl.invoke0(Native Method)
	at java.base/jdk.internal.reflect.NativeMethodAccessorImpl.invoke(NativeMethodAccessorImpl.java:77)
	at java.base/jdk.internal.reflect.DelegatingMethodAccessorImpl.invoke(DelegatingMethodAccessorImpl.java:43)
	at java.base/java.lang.reflect.Method.invoke(Method.java:568)
	at org.springframework.aop.support.AopUtils.invokeJoinpointUsingReflection(AopUtils.java:343)
	at org.springframework.aop.framework.ReflectiveMethodInvocation.invokeJoinpoint(ReflectiveMethodInvocation.java:196)
	at org.springframework.aop.framework.ReflectiveMethodInvocation.proceed(ReflectiveMethodInvocation.java:163)
	at org.springframework.aop.framework.CglibAopProxy$CglibMethodInvocation.proceed(CglibAopProxy.java:752)
	at org.springframework.aop.aspectj.MethodInvocationProceedingJoinPoint.proceed(MethodInvocationProceedingJoinPoint.java:89)
	at com.guoshisan.framework.biz.operationlog.aspect.ApiOperationLogAspect.doAround(ApiOperationLogAspect.java:52)
	at java.base/jdk.internal.reflect.NativeMethodAccessorImpl.invoke0(Native Method)
	at java.base/jdk.internal.reflect.NativeMethodAccessorImpl.invoke(NativeMethodAccessorImpl.java:77)
	at java.base/jdk.internal.reflect.DelegatingMethodAccessorImpl.invoke(DelegatingMethodAccessorImpl.java:43)
	at java.base/java.lang.reflect.Method.invoke(Method.java:568)
	at org.springframework.aop.aspectj.AbstractAspectJAdvice.invokeAdviceMethodWithGivenArgs(AbstractAspectJAdvice.java:633)
	at org.springframework.aop.aspectj.AbstractAspectJAdvice.invokeAdviceMethod(AbstractAspectJAdvice.java:623)
	at org.springframework.aop.aspectj.AspectJAroundAdvice.invoke(AspectJAroundAdvice.java:71)
	at org.springframework.aop.framework.ReflectiveMethodInvocation.proceed(ReflectiveMethodInvocation.java:173)
	at org.springframework.aop.framework.CglibAopProxy$CglibMethodInvocation.proceed(CglibAopProxy.java:752)
	at org.springframework.aop.interceptor.ExposeInvocationInterceptor.invoke(ExposeInvocationInterceptor.java:97)
	at org.springframework.aop.framework.ReflectiveMethodInvocation.proceed(ReflectiveMethodInvocation.java:184)
	at org.springframework.aop.framework.CglibAopProxy$CglibMethodInvocation.proceed(CglibAopProxy.java:752)
	at org.springframework.aop.framework.CglibAopProxy$DynamicAdvisedInterceptor.intercept(CglibAopProxy.java:703)
	at com.guoshisan.xiaohongshu.auth.controller.UserController$$SpringCGLIB$$0.loginAndRegister(<generated>)
	at java.base/jdk.internal.reflect.NativeMethodAccessorImpl.invoke0(Native Method)
	at java.base/jdk.internal.reflect.NativeMethodAccessorImpl.invoke(NativeMethodAccessorImpl.java:77)
	at java.base/jdk.internal.reflect.DelegatingMethodAccessorImpl.invoke(DelegatingMethodAccessorImpl.java:43)
	at java.base/java.lang.reflect.Method.invoke(Method.java:568)
	at org.springframework.web.method.support.InvocableHandlerMethod.doInvoke(InvocableHandlerMethod.java:207)
	at org.springframework.web.method.support.InvocableHandlerMethod.invokeForRequest(InvocableHandlerMethod.java:152)
	at org.springframework.web.servlet.mvc.method.annotation.ServletInvocableHandlerMethod.invokeAndHandle(ServletInvocableHandlerMethod.java:117)
	at org.springframework.web.servlet.mvc.method.annotation.RequestMappingHandlerAdapter.invokeHandlerMethod(RequestMappingHandlerAdapter.java:884)
	at org.springframework.web.servlet.mvc.method.annotation.RequestMappingHandlerAdapter.handleInternal(RequestMappingHandlerAdapter.java:797)
	at org.springframework.web.servlet.mvc.method.AbstractHandlerMethodAdapter.handle(AbstractHandlerMethodAdapter.java:87)
	at org.springframework.web.servlet.DispatcherServlet.doDispatch(DispatcherServlet.java:1080)
	at org.springframework.web.servlet.DispatcherServlet.doService(DispatcherServlet.java:973)
	at org.springframework.web.servlet.FrameworkServlet.processRequest(FrameworkServlet.java:1011)
	at org.springframework.web.servlet.FrameworkServlet.doPost(FrameworkServlet.java:914)
	at jakarta.servlet.http.HttpServlet.service(HttpServlet.java:731)
	at org.springframework.web.servlet.FrameworkServlet.service(FrameworkServlet.java:885)
	at jakarta.servlet.http.HttpServlet.service(HttpServlet.java:814)
	at org.apache.catalina.core.ApplicationFilterChain.internalDoFilter(ApplicationFilterChain.java:223)
	at org.apache.catalina.core.ApplicationFilterChain.doFilter(ApplicationFilterChain.java:158)
	at org.apache.tomcat.websocket.server.WsFilter.doFilter(WsFilter.java:53)
	at org.apache.catalina.core.ApplicationFilterChain.internalDoFilter(ApplicationFilterChain.java:185)
	at org.apache.catalina.core.ApplicationFilterChain.doFilter(ApplicationFilterChain.java:158)
	at com.alibaba.druid.support.jakarta.WebStatFilter.doFilter(WebStatFilter.java:113)
	at org.apache.catalina.core.ApplicationFilterChain.internalDoFilter(ApplicationFilterChain.java:185)
	at org.apache.catalina.core.ApplicationFilterChain.doFilter(ApplicationFilterChain.java:158)
	at org.springframework.web.filter.RequestContextFilter.doFilterInternal(RequestContextFilter.java:100)
	at org.springframework.web.filter.OncePerRequestFilter.doFilter(OncePerRequestFilter.java:116)
	at org.apache.catalina.core.ApplicationFilterChain.internalDoFilter(ApplicationFilterChain.java:185)
	at org.apache.catalina.core.ApplicationFilterChain.doFilter(ApplicationFilterChain.java:158)
	at cn.dev33.satoken.filter.SaPathCheckFilterForJakartaServlet.doFilter(SaPathCheckFilterForJakartaServlet.java:55)
	at org.apache.catalina.core.ApplicationFilterChain.internalDoFilter(ApplicationFilterChain.java:185)
	at org.apache.catalina.core.ApplicationFilterChain.doFilter(ApplicationFilterChain.java:158)
	at org.springframework.web.filter.FormContentFilter.doFilterInternal(FormContentFilter.java:93)
	at org.springframework.web.filter.OncePerRequestFilter.doFilter(OncePerRequestFilter.java:116)
	at org.apache.catalina.core.ApplicationFilterChain.internalDoFilter(ApplicationFilterChain.java:185)
	at org.apache.catalina.core.ApplicationFilterChain.doFilter(ApplicationFilterChain.java:158)
	at org.springframework.web.filter.CharacterEncodingFilter.doFilterInternal(CharacterEncodingFilter.java:201)
	at org.springframework.web.filter.OncePerRequestFilter.doFilter(OncePerRequestFilter.java:116)
	at org.apache.catalina.core.ApplicationFilterChain.internalDoFilter(ApplicationFilterChain.java:185)
	at org.apache.catalina.core.ApplicationFilterChain.doFilter(ApplicationFilterChain.java:158)
	at org.apache.catalina.core.StandardWrapperValve.invoke(StandardWrapperValve.java:177)
	at org.apache.catalina.core.StandardContextValve.invoke(StandardContextValve.java:97)
	at org.apache.catalina.authenticator.AuthenticatorBase.invoke(AuthenticatorBase.java:542)
	at org.apache.catalina.core.StandardHostValve.invoke(StandardHostValve.java:119)
	at org.apache.catalina.valves.ErrorReportValve.invoke(ErrorReportValve.java:92)
	at org.apache.catalina.core.StandardEngineValve.invoke(StandardEngineValve.java:78)
	at org.apache.catalina.connector.CoyoteAdapter.service(CoyoteAdapter.java:357)
	at org.apache.coyote.http11.Http11Processor.service(Http11Processor.java:400)
	at org.apache.coyote.AbstractProcessorLight.process(AbstractProcessorLight.java:65)
	at org.apache.coyote.AbstractProtocol$ConnectionHandler.process(AbstractProtocol.java:859)
	at org.apache.tomcat.util.net.NioEndpoint$SocketProcessor.doRun(NioEndpoint.java:1734)
	at org.apache.tomcat.util.net.SocketProcessorBase.run(SocketProcessorBase.java:52)
	at org.apache.tomcat.util.threads.ThreadPoolExecutor.runWorker(ThreadPoolExecutor.java:1191)
	at org.apache.tomcat.util.threads.ThreadPoolExecutor$Worker.run(ThreadPoolExecutor.java:659)
	at org.apache.tomcat.util.threads.TaskThread$WrappingRunnable.run(TaskThread.java:61)
	at java.base/java.lang.Thread.run(Thread.java:842)
2026-09-02 21:10:50.879 [http-nio-8080-exec-3] ERROR c.g.x.auth.exception.GlobalExceptionHandler - /user/login request error, 
cn.dev33.satoken.exception.SaTokenException: loginId 不能为空
	at cn.dev33.satoken.stp.StpLogic.checkLoginArgs(StpLogic.java:564)
	at cn.dev33.satoken.stp.StpLogic.createLoginSession(StpLogic.java:464)
	at cn.dev33.satoken.stp.StpLogic.login(StpLogic.java:438)
	at cn.dev33.satoken.stp.StpLogic.login(StpLogic.java:397)
	at cn.dev33.satoken.stp.StpUtil.login(StpUtil.java:164)
	at com.guoshisan.xiaohongshu.auth.service.impl.UserServiceImpl.loginAndRegister(UserServiceImpl.java:121)
	at com.guoshisan.xiaohongshu.auth.controller.UserController.loginAndRegister(UserController.java:33)
	at java.base/jdk.internal.reflect.NativeMethodAccessorImpl.invoke0(Native Method)
	at java.base/jdk.internal.reflect.NativeMethodAccessorImpl.invoke(NativeMethodAccessorImpl.java:77)
	at java.base/jdk.internal.reflect.DelegatingMethodAccessorImpl.invoke(DelegatingMethodAccessorImpl.java:43)
	at java.base/java.lang.reflect.Method.invoke(Method.java:568)
	at org.springframework.aop.support.AopUtils.invokeJoinpointUsingReflection(AopUtils.java:343)
	at org.springframework.aop.framework.ReflectiveMethodInvocation.invokeJoinpoint(ReflectiveMethodInvocation.java:196)
	at org.springframework.aop.framework.ReflectiveMethodInvocation.proceed(ReflectiveMethodInvocation.java:163)
	at org.springframework.aop.framework.CglibAopProxy$CglibMethodInvocation.proceed(CglibAopProxy.java:752)
	at org.springframework.aop.aspectj.MethodInvocationProceedingJoinPoint.proceed(MethodInvocationProceedingJoinPoint.java:89)
	at com.guoshisan.framework.biz.operationlog.aspect.ApiOperationLogAspect.doAround(ApiOperationLogAspect.java:52)
	at java.base/jdk.internal.reflect.NativeMethodAccessorImpl.invoke0(Native Method)
	at java.base/jdk.internal.reflect.NativeMethodAccessorImpl.invoke(NativeMethodAccessorImpl.java:77)
	at java.base/jdk.internal.reflect.DelegatingMethodAccessorImpl.invoke(DelegatingMethodAccessorImpl.java:43)
	at java.base/java.lang.reflect.Method.invoke(Method.java:568)
	at org.springframework.aop.aspectj.AbstractAspectJAdvice.invokeAdviceMethodWithGivenArgs(AbstractAspectJAdvice.java:633)
	at org.springframework.aop.aspectj.AbstractAspectJAdvice.invokeAdviceMethod(AbstractAspectJAdvice.java:623)
	at org.springframework.aop.aspectj.AspectJAroundAdvice.invoke(AspectJAroundAdvice.java:71)
	at org.springframework.aop.framework.ReflectiveMethodInvocation.proceed(ReflectiveMethodInvocation.java:173)
	at org.springframework.aop.framework.CglibAopProxy$CglibMethodInvocation.proceed(CglibAopProxy.java:752)
	at org.springframework.aop.interceptor.ExposeInvocationInterceptor.invoke(ExposeInvocationInterceptor.java:97)
	at org.springframework.aop.framework.ReflectiveMethodInvocation.proceed(ReflectiveMethodInvocation.java:184)
	at org.springframework.aop.framework.CglibAopProxy$CglibMethodInvocation.proceed(CglibAopProxy.java:752)
	at org.springframework.aop.framework.CglibAopProxy$DynamicAdvisedInterceptor.intercept(CglibAopProxy.java:703)
	at com.guoshisan.xiaohongshu.auth.controller.UserController$$SpringCGLIB$$0.loginAndRegister(<generated>)
	at java.base/jdk.internal.reflect.NativeMethodAccessorImpl.invoke0(Native Method)
	at java.base/jdk.internal.reflect.NativeMethodAccessorImpl.invoke(NativeMethodAccessorImpl.java:77)
	at java.base/jdk.internal.reflect.DelegatingMethodAccessorImpl.invoke(DelegatingMethodAccessorImpl.java:43)
	at java.base/java.lang.reflect.Method.invoke(Method.java:568)
	at org.springframework.web.method.support.InvocableHandlerMethod.doInvoke(InvocableHandlerMethod.java:207)
	at org.springframework.web.method.support.InvocableHandlerMethod.invokeForRequest(InvocableHandlerMethod.java:152)
	at org.springframework.web.servlet.mvc.method.annotation.ServletInvocableHandlerMethod.invokeAndHandle(ServletInvocableHandlerMethod.java:117)
	at org.springframework.web.servlet.mvc.method.annotation.RequestMappingHandlerAdapter.invokeHandlerMethod(RequestMappingHandlerAdapter.java:884)
	at org.springframework.web.servlet.mvc.method.annotation.RequestMappingHandlerAdapter.handleInternal(RequestMappingHandlerAdapter.java:797)
	at org.springframework.web.servlet.mvc.method.AbstractHandlerMethodAdapter.handle(AbstractHandlerMethodAdapter.java:87)
	at org.springframework.web.servlet.DispatcherServlet.doDispatch(DispatcherServlet.java:1080)
	at org.springframework.web.servlet.DispatcherServlet.doService(DispatcherServlet.java:973)
	at org.springframework.web.servlet.FrameworkServlet.processRequest(FrameworkServlet.java:1011)
	at org.springframework.web.servlet.FrameworkServlet.doPost(FrameworkServlet.java:914)
	at jakarta.servlet.http.HttpServlet.service(HttpServlet.java:731)
	at org.springframework.web.servlet.FrameworkServlet.service(FrameworkServlet.java:885)
	at jakarta.servlet.http.HttpServlet.service(HttpServlet.java:814)
	at org.apache.catalina.core.ApplicationFilterChain.internalDoFilter(ApplicationFilterChain.java:223)
	at org.apache.catalina.core.ApplicationFilterChain.doFilter(ApplicationFilterChain.java:158)
	at org.apache.tomcat.websocket.server.WsFilter.doFilter(WsFilter.java:53)
	at org.apache.catalina.core.ApplicationFilterChain.internalDoFilter(ApplicationFilterChain.java:185)
	at org.apache.catalina.core.ApplicationFilterChain.doFilter(ApplicationFilterChain.java:158)
	at com.alibaba.druid.support.jakarta.WebStatFilter.doFilter(WebStatFilter.java:113)
	at org.apache.catalina.core.ApplicationFilterChain.internalDoFilter(ApplicationFilterChain.java:185)
	at org.apache.catalina.core.ApplicationFilterChain.doFilter(ApplicationFilterChain.java:158)
	at org.springframework.web.filter.RequestContextFilter.doFilterInternal(RequestContextFilter.java:100)
	at org.springframework.web.filter.OncePerRequestFilter.doFilter(OncePerRequestFilter.java:116)
	at org.apache.catalina.core.ApplicationFilterChain.internalDoFilter(ApplicationFilterChain.java:185)
	at org.apache.catalina.core.ApplicationFilterChain.doFilter(ApplicationFilterChain.java:158)
	at cn.dev33.satoken.filter.SaPathCheckFilterForJakartaServlet.doFilter(SaPathCheckFilterForJakartaServlet.java:55)
	at org.apache.catalina.core.ApplicationFilterChain.internalDoFilter(ApplicationFilterChain.java:185)
	at org.apache.catalina.core.ApplicationFilterChain.doFilter(ApplicationFilterChain.java:158)
	at org.springframework.web.filter.FormContentFilter.doFilterInternal(FormContentFilter.java:93)
	at org.springframework.web.filter.OncePerRequestFilter.doFilter(OncePerRequestFilter.java:116)
	at org.apache.catalina.core.ApplicationFilterChain.internalDoFilter(ApplicationFilterChain.java:185)
	at org.apache.catalina.core.ApplicationFilterChain.doFilter(ApplicationFilterChain.java:158)
	at org.springframework.web.filter.CharacterEncodingFilter.doFilterInternal(CharacterEncodingFilter.java:201)
	at org.springframework.web.filter.OncePerRequestFilter.doFilter(OncePerRequestFilter.java:116)
	at org.apache.catalina.core.ApplicationFilterChain.internalDoFilter(ApplicationFilterChain.java:185)
	at org.apache.catalina.core.ApplicationFilterChain.doFilter(ApplicationFilterChain.java:158)
	at org.apache.catalina.core.StandardWrapperValve.invoke(StandardWrapperValve.java:177)
	at org.apache.catalina.core.StandardContextValve.invoke(StandardContextValve.java:97)
	at org.apache.catalina.authenticator.AuthenticatorBase.invoke(AuthenticatorBase.java:542)
	at org.apache.catalina.core.StandardHostValve.invoke(StandardHostValve.java:119)
	at org.apache.catalina.valves.ErrorReportValve.invoke(ErrorReportValve.java:92)
	at org.apache.catalina.core.StandardEngineValve.invoke(StandardEngineValve.java:78)
	at org.apache.catalina.connector.CoyoteAdapter.service(CoyoteAdapter.java:357)
	at org.apache.coyote.http11.Http11Processor.service(Http11Processor.java:400)
	at org.apache.coyote.AbstractProcessorLight.process(AbstractProcessorLight.java:65)
	at org.apache.coyote.AbstractProtocol$ConnectionHandler.process(AbstractProtocol.java:859)
	at org.apache.tomcat.util.net.NioEndpoint$SocketProcessor.doRun(NioEndpoint.java:1734)
	at org.apache.tomcat.util.net.SocketProcessorBase.run(SocketProcessorBase.java:52)
	at org.apache.tomcat.util.threads.ThreadPoolExecutor.runWorker(ThreadPoolExecutor.java:1191)
	at org.apache.tomcat.util.threads.ThreadPoolExecutor$Worker.run(ThreadPoolExecutor.java:659)
	at org.apache.tomcat.util.threads.TaskThread$WrappingRunnable.run(TaskThread.java:61)
	at java.base/java.lang.Thread.run(Thread.java:842)
2026-09-02 21:10:59.389 [Thread-9] WARN  com.alibaba.nacos.common.notify.NotifyCenter - [NotifyCenter] Start destroying Publisher
2026-09-02 21:10:59.389 [Thread-2] WARN  c.alibaba.nacos.common.http.HttpClientBeanHolder - [HttpClientBeanHolder] Start destroying common HttpClient
2026-09-02 21:10:59.390 [Thread-9] WARN  com.alibaba.nacos.common.notify.NotifyCenter - [NotifyCenter] Destruction of the end
2026-09-02 21:10:59.390 [Thread-2] WARN  c.alibaba.nacos.common.http.HttpClientBeanHolder - [HttpClientBeanHolder] Destruction of the end
2026-09-02 21:10:59.437 [SpringApplicationShutdownHook] INFO  c.a.cloud.nacos.registry.NacosServiceRegistry - De-registering from Nacos Server now...
2026-09-02 21:10:59.437 [SpringApplicationShutdownHook] INFO  com.alibaba.nacos.client.naming - [DEREGISTER-SERVICE] xiaohongshu deregistering service xiaohongshu-auth with instance: Instance{instanceId='null', ip='192.168.0.103', port=8080, weight=1.0, healthy=true, enabled=true, ephemeral=true, clusterName='DEFAULT', serviceName='null', metadata={}}
2026-09-02 21:10:59.442 [SpringApplicationShutdownHook] INFO  c.a.cloud.nacos.registry.NacosServiceRegistry - De-registration finished.
2026-09-02 21:10:59.442 [SpringApplicationShutdownHook] INFO  com.alibaba.nacos.client.naming - com.alibaba.nacos.client.naming.cache.ServiceInfoHolder do shutdown begin
2026-09-02 21:10:59.442 [SpringApplicationShutdownHook] INFO  com.alibaba.nacos.client.naming - com.alibaba.nacos.client.naming.backups.FailoverReactor do shutdown begin
2026-09-02 21:10:59.442 [SpringApplicationShutdownHook] INFO  com.alibaba.nacos.client.naming - com.alibaba.nacos.client.naming.backups.FailoverReactor do shutdown stop
2026-09-02 21:10:59.442 [SpringApplicationShutdownHook] INFO  com.alibaba.nacos.client.naming - com.alibaba.nacos.client.naming.cache.ServiceInfoHolder do shutdown stop
2026-09-02 21:10:59.442 [SpringApplicationShutdownHook] INFO  com.alibaba.nacos.client.naming - com.alibaba.nacos.client.naming.remote.NamingClientProxyDelegate do shutdown begin
2026-09-02 21:10:59.442 [SpringApplicationShutdownHook] INFO  com.alibaba.nacos.client.naming - com.alibaba.nacos.client.naming.core.ServiceInfoUpdateService do shutdown begin
2026-09-02 21:10:59.443 [SpringApplicationShutdownHook] INFO  com.alibaba.nacos.client.naming - com.alibaba.nacos.client.naming.core.ServiceInfoUpdateService do shutdown stop
2026-09-02 21:10:59.443 [SpringApplicationShutdownHook] INFO  com.alibaba.nacos.client.naming - com.alibaba.nacos.client.naming.core.ServerListManager do shutdown begin
2026-09-02 21:10:59.443 [SpringApplicationShutdownHook] WARN  com.alibaba.nacos.client.naming - [NamingHttpClientManager] Start destroying NacosRestTemplate
2026-09-02 21:10:59.443 [SpringApplicationShutdownHook] WARN  com.alibaba.nacos.client.naming - [NamingHttpClientManager] Destruction of the end
2026-09-02 21:10:59.443 [SpringApplicationShutdownHook] INFO  com.alibaba.nacos.client.naming - com.alibaba.nacos.client.naming.core.ServerListManager do shutdown stop
2026-09-02 21:10:59.443 [SpringApplicationShutdownHook] INFO  com.alibaba.nacos.client.naming - com.alibaba.nacos.client.naming.remote.http.NamingHttpClientProxy do shutdown begin
2026-09-02 21:10:59.443 [SpringApplicationShutdownHook] WARN  com.alibaba.nacos.client.naming - [NamingHttpClientManager] Start destroying NacosRestTemplate
2026-09-02 21:10:59.443 [SpringApplicationShutdownHook] WARN  com.alibaba.nacos.client.naming - [NamingHttpClientManager] Destruction of the end
2026-09-02 21:10:59.443 [SpringApplicationShutdownHook] INFO  com.alibaba.nacos.client.naming - com.alibaba.nacos.client.naming.remote.http.NamingHttpClientProxy do shutdown stop
2026-09-02 21:10:59.443 [SpringApplicationShutdownHook] INFO  com.alibaba.nacos.common.remote.client - Shutdown rpc client, set status to shutdown
2026-09-02 21:10:59.443 [SpringApplicationShutdownHook] INFO  com.alibaba.nacos.common.remote.client - Shutdown client event executor java.util.concurrent.ScheduledThreadPoolExecutor@2b21aa0[Running, pool size = 2, active threads = 2, queued tasks = 0, completed tasks = 0]
2026-09-02 21:10:59.443 [SpringApplicationShutdownHook] INFO  com.alibaba.nacos.common.remote.client - Close current connection 1788354593860_172.17.0.1_35382
2026-09-02 21:10:59.445 [nacos-grpc-client-executor-127.0.0.1-22] INFO  c.a.nacos.common.remote.client.grpc.GrpcClient - [1788354593860_172.17.0.1_35382]Ignore complete event,isRunning:false,isAbandon=false
2026-09-02 21:10:59.447 [SpringApplicationShutdownHook] INFO  c.a.nacos.common.remote.client.grpc.GrpcClient - Shutdown grpc executor java.util.concurrent.ThreadPoolExecutor@5bf7cb34[Running, pool size = 4, active threads = 0, queued tasks = 0, completed tasks = 23]
2026-09-02 21:10:59.447 [SpringApplicationShutdownHook] INFO  com.alibaba.nacos.client.naming - Shutdown grpc redo service executor java.util.concurrent.ScheduledThreadPoolExecutor@7a4f228e[Running, pool size = 1, active threads = 0, queued tasks = 1, completed tasks = 21]
2026-09-02 21:10:59.447 [SpringApplicationShutdownHook] INFO  c.a.n.client.auth.ram.identify.CredentialWatcher - [null] CredentialWatcher is stopped
2026-09-02 21:10:59.447 [SpringApplicationShutdownHook] INFO  c.a.n.client.auth.ram.identify.CredentialService - [null] CredentialService is freed
2026-09-02 21:10:59.448 [SpringApplicationShutdownHook] INFO  com.alibaba.nacos.client.naming - com.alibaba.nacos.client.naming.remote.NamingClientProxyDelegate do shutdown stop
2026-09-02 21:10:59.575 [SpringApplicationShutdownHook] INFO  com.alibaba.druid.pool.DruidDataSource - {dataSource-1} closing ...
2026-09-02 21:10:59.581 [SpringApplicationShutdownHook] INFO  com.alibaba.druid.pool.DruidDataSource - {dataSource-1} closed
2026-09-02 21:11:02.662 [main] WARN  com.alibaba.nacos.client.logging.NacosLogging - Load Logback Configuration of Nacos fail, message: Could not initialize Logback Nacos logging from classpath:nacos-logback.xml
2026-09-02 21:11:02.709 [main] WARN  com.alibaba.nacos.client.logging.NacosLogging - Load Logback Configuration of Nacos fail, message: Could not initialize Logback Nacos logging from classpath:nacos-logback.xml
2026-09-02 21:11:02.891 [main] WARN  com.alibaba.nacos.client.logging.NacosLogging - Load Logback Configuration of Nacos fail, message: Could not initialize Logback Nacos logging from classpath:nacos-logback.xml
2026-09-02 21:11:02.892 [main] INFO  com.alibaba.nacos.client.utils.ParamUtil - [settings] [req-serv] nacos-server port:8848
2026-09-02 21:11:02.892 [main] INFO  com.alibaba.nacos.client.utils.ParamUtil - [settings] [http-client] connect timeout:1000
2026-09-02 21:11:02.893 [main] INFO  com.alibaba.nacos.client.utils.ParamUtil - PER_TASK_CONFIG_SIZE: 3000.0
2026-09-02 21:11:02.911 [main] INFO  c.a.n.p.auth.spi.client.ClientAuthPluginManager - [ClientAuthPluginManager] Load ClientAuthService com.alibaba.nacos.client.auth.impl.NacosClientAuthServiceImpl success.
2026-09-02 21:11:02.912 [main] INFO  c.a.n.p.auth.spi.client.ClientAuthPluginManager - [ClientAuthPluginManager] Load ClientAuthService com.alibaba.nacos.client.auth.ram.RamClientAuthServiceImpl success.
2026-09-02 21:11:02.914 [main] INFO  c.a.n.client.auth.ram.identify.CredentialWatcher - null No credential found
2026-09-02 21:11:03.454 [main] WARN  com.alibaba.nacos.client.logging.NacosLogging - Load Logback Configuration of Nacos fail, message: Could not initialize Logback Nacos logging from classpath:nacos-logback.xml
2026-09-02 21:11:03.465 [main] INFO  c.a.n.client.config.impl.LocalConfigInfoProcessor - LOCAL_SNAPSHOT_PATH:C:\Users\Administrator\nacos\config
2026-09-02 21:11:03.468 [main] INFO  com.alibaba.nacos.common.remote.client - [RpcClientFactory] create a new rpc client of c2126aff-76f5-4fe4-ad84-9cc37ce86ae4_config-0
2026-09-02 21:11:03.481 [main] INFO  com.alibaba.nacos.common.remote.client - [c2126aff-76f5-4fe4-ad84-9cc37ce86ae4_config-0] Register server push request handler:com.alibaba.nacos.client.config.impl.ClientWorker$ConfigRpcTransportClient$$Lambda$585/0x00000178323903f0
2026-09-02 21:11:03.481 [main] INFO  com.alibaba.nacos.common.remote.client - [c2126aff-76f5-4fe4-ad84-9cc37ce86ae4_config-0] Register server push request handler:com.alibaba.nacos.client.config.impl.ClientWorker$ConfigRpcTransportClient$$Lambda$586/0x0000017832390810
2026-09-02 21:11:03.481 [main] INFO  com.alibaba.nacos.common.remote.client - [c2126aff-76f5-4fe4-ad84-9cc37ce86ae4_config-0] Registry connection listener to current client:com.alibaba.nacos.client.config.impl.ClientWorker$ConfigRpcTransportClient$1
2026-09-02 21:11:03.481 [main] INFO  com.alibaba.nacos.common.remote.client - [c2126aff-76f5-4fe4-ad84-9cc37ce86ae4_config-0] RpcClient init, ServerListFactory = com.alibaba.nacos.client.config.impl.ClientWorker$ConfigRpcTransportClient$2
2026-09-02 21:11:03.488 [main] INFO  com.alibaba.nacos.common.remote.client - [c2126aff-76f5-4fe4-ad84-9cc37ce86ae4_config-0] Try to connect to server on start up, server: {serverIp = '127.0.0.1', server main port = 8848}
2026-09-02 21:11:03.535 [main] INFO  c.a.nacos.common.remote.client.grpc.GrpcClient - grpc client connection server:127.0.0.1 ip,serverPort:9848,grpcTslConfig:{"sslProvider":"OPENSSL","enableTls":false,"mutualAuthEnable":false,"trustAll":false}
2026-09-02 21:11:04.549 [main] INFO  com.alibaba.nacos.common.remote.client - [c2126aff-76f5-4fe4-ad84-9cc37ce86ae4_config-0] Success to connect to server [127.0.0.1:8848] on start up, connectionId = 1788354664365_172.17.0.1_56842
2026-09-02 21:11:04.550 [com.alibaba.nacos.client.remote.worker] INFO  com.alibaba.nacos.common.remote.client - [c2126aff-76f5-4fe4-ad84-9cc37ce86ae4_config-0] Notify connected event to listeners.
2026-09-02 21:11:04.551 [com.alibaba.nacos.client.remote.worker] INFO  com.alibaba.nacos.client.config.impl.ClientWorker - [c2126aff-76f5-4fe4-ad84-9cc37ce86ae4_config-0] Connected,notify listen context...
2026-09-02 21:11:04.551 [main] INFO  com.alibaba.nacos.common.remote.client - [c2126aff-76f5-4fe4-ad84-9cc37ce86ae4_config-0] Register server push request handler:com.alibaba.nacos.common.remote.client.RpcClient$ConnectResetRequestHandler
2026-09-02 21:11:04.552 [main] INFO  com.alibaba.nacos.common.remote.client - [c2126aff-76f5-4fe4-ad84-9cc37ce86ae4_config-0] Register server push request handler:com.alibaba.nacos.common.remote.client.RpcClient$$Lambda$606/0x00000178324d8a88
2026-09-02 21:11:04.614 [main] INFO  com.alibaba.nacos.client.config.impl.Limiter - limitTime:5.0
2026-09-02 21:11:04.641 [main] INFO  com.alibaba.nacos.client.config.utils.JvmUtil - isMultiInstance:false
2026-09-02 21:11:04.653 [main] WARN  c.a.cloud.nacos.client.NacosPropertySourceBuilder - Ignore the empty nacos configuration and get it based on dataId[xiaohongshu-auth.yaml] & group[DEFAULT_GROUP]
2026-09-02 21:11:04.674 [main] INFO  o.s.c.b.c.PropertySourceBootstrapConfiguration - Located property source: [BootstrapPropertySource {name='bootstrapProperties-xiaohongshu-auth-dev.yaml,DEFAULT_GROUP'}, BootstrapPropertySource {name='bootstrapProperties-xiaohongshu-auth.yaml,DEFAULT_GROUP'}, BootstrapPropertySource {name='bootstrapProperties-xiaohongshu-auth,DEFAULT_GROUP'}]
2026-09-02 21:11:04.701 [main] WARN  com.alibaba.nacos.client.logging.NacosLogging - Load Logback Configuration of Nacos fail, message: Could not initialize Logback Nacos logging from classpath:nacos-logback.xml
2026-09-02 21:11:04.702 [main] INFO  c.g.xiaohongshu.auth.XiaohongshuAuthApplication - The following 1 profile is active: "dev"
2026-09-02 21:11:05.290 [main] INFO  o.s.d.r.config.RepositoryConfigurationDelegate - Multiple Spring Data modules found, entering strict repository configuration mode
2026-09-02 21:11:05.294 [main] INFO  o.s.d.r.config.RepositoryConfigurationDelegate - Bootstrapping Spring Data Redis repositories in DEFAULT mode.
2026-09-02 21:11:05.318 [main] INFO  o.s.d.r.config.RepositoryConfigurationDelegate - Finished Spring Data repository scanning in 10 ms. Found 0 Redis repository interfaces.
2026-09-02 21:11:05.465 [main] INFO  o.springframework.cloud.context.scope.GenericScope - BeanFactory id=e975a4a9-1ce7-3108-84ca-3ebf7bd491e7
2026-09-02 21:11:05.960 [main] INFO  o.s.boot.web.embedded.tomcat.TomcatWebServer - Tomcat initialized with port(s): 8080 (http)
2026-09-02 21:11:05.968 [main] INFO  org.apache.catalina.core.StandardService - Starting service [Tomcat]
2026-09-02 21:11:05.968 [main] INFO  org.apache.catalina.core.StandardEngine - Starting Servlet engine: [Apache Tomcat/10.1.5]
2026-09-02 21:11:06.047 [main] INFO  o.a.c.core.ContainerBase.[Tomcat].[localhost].[/] - Initializing Spring embedded WebApplicationContext
2026-09-02 21:11:06.048 [main] INFO  o.s.b.w.s.c.ServletWebServerApplicationContext - Root WebApplicationContext: initialization completed in 1328 ms
2026-09-02 21:11:06.160 [main] INFO  c.a.d.s.b.a.DruidDataSourceAutoConfigure - Init DruidDataSource
2026-09-02 21:11:06.546 [main] INFO  com.alibaba.druid.pool.DruidDataSource - {dataSource-1} inited
2026-09-02 21:11:08.756 [main] INFO  o.s.boot.web.embedded.tomcat.TomcatWebServer - Tomcat started on port(s): 8080 (http) with context path ''
2026-09-02 21:11:08.759 [main] INFO  com.alibaba.nacos.client.naming - initializer namespace from ans.namespace attribute : null
2026-09-02 21:11:08.760 [main] INFO  com.alibaba.nacos.client.naming - initializer namespace from ALIBABA_ALIWARE_NAMESPACE attribute :null
2026-09-02 21:11:08.760 [main] INFO  com.alibaba.nacos.client.naming - initializer namespace from namespace attribute :null
2026-09-02 21:11:08.766 [main] INFO  c.a.n.p.auth.spi.client.ClientAuthPluginManager - [ClientAuthPluginManager] Load ClientAuthService com.alibaba.nacos.client.auth.impl.NacosClientAuthServiceImpl success.
2026-09-02 21:11:08.766 [main] INFO  c.a.n.p.auth.spi.client.ClientAuthPluginManager - [ClientAuthPluginManager] Load ClientAuthService com.alibaba.nacos.client.auth.ram.RamClientAuthServiceImpl success.
2026-09-02 21:11:08.769 [main] INFO  com.alibaba.nacos.common.remote.client - [RpcClientFactory] create a new rpc client of f124b0a2-351d-4ce6-98b9-1211b1960e9d
2026-09-02 21:11:08.770 [main] INFO  com.alibaba.nacos.common.remote.client - [f124b0a2-351d-4ce6-98b9-1211b1960e9d] RpcClient init, ServerListFactory = com.alibaba.nacos.client.naming.core.ServerListManager
2026-09-02 21:11:08.771 [main] INFO  com.alibaba.nacos.common.remote.client - [f124b0a2-351d-4ce6-98b9-1211b1960e9d] Registry connection listener to current client:com.alibaba.nacos.client.naming.remote.gprc.redo.NamingGrpcRedoService
2026-09-02 21:11:08.771 [main] INFO  com.alibaba.nacos.common.remote.client - [f124b0a2-351d-4ce6-98b9-1211b1960e9d] Register server push request handler:com.alibaba.nacos.client.naming.remote.gprc.NamingPushRequestHandler
2026-09-02 21:11:08.771 [main] INFO  com.alibaba.nacos.common.remote.client - [f124b0a2-351d-4ce6-98b9-1211b1960e9d] Try to connect to server on start up, server: {serverIp = '127.0.0.1', server main port = 8848}
2026-09-02 21:11:08.771 [main] INFO  c.a.nacos.common.remote.client.grpc.GrpcClient - grpc client connection server:127.0.0.1 ip,serverPort:9848,grpcTslConfig:{"sslProvider":"OPENSSL","enableTls":false,"mutualAuthEnable":false,"trustAll":false}
2026-09-02 21:11:08.889 [main] INFO  com.alibaba.nacos.common.remote.client - [f124b0a2-351d-4ce6-98b9-1211b1960e9d] Success to connect to server [127.0.0.1:8848] on start up, connectionId = 1788354668777_172.17.0.1_56852
2026-09-02 21:11:08.889 [com.alibaba.nacos.client.remote.worker] INFO  com.alibaba.nacos.common.remote.client - [f124b0a2-351d-4ce6-98b9-1211b1960e9d] Notify connected event to listeners.
2026-09-02 21:11:08.889 [com.alibaba.nacos.client.remote.worker] INFO  com.alibaba.nacos.client.naming - Grpc connection connect
2026-09-02 21:11:08.889 [main] INFO  com.alibaba.nacos.common.remote.client - [f124b0a2-351d-4ce6-98b9-1211b1960e9d] Register server push request handler:com.alibaba.nacos.common.remote.client.RpcClient$ConnectResetRequestHandler
2026-09-02 21:11:08.889 [main] INFO  com.alibaba.nacos.common.remote.client - [f124b0a2-351d-4ce6-98b9-1211b1960e9d] Register server push request handler:com.alibaba.nacos.common.remote.client.RpcClient$$Lambda$606/0x00000178324d8a88
2026-09-02 21:11:08.890 [main] INFO  com.alibaba.nacos.client.naming - [REGISTER-SERVICE] xiaohongshu registering service xiaohongshu-auth with instance Instance{instanceId='null', ip='192.168.0.103', port=8080, weight=1.0, healthy=true, enabled=true, ephemeral=true, clusterName='DEFAULT', serviceName='null', metadata={IPv6=null, preserved.register.source=SPRING_CLOUD}}
2026-09-02 21:11:08.909 [main] INFO  c.a.cloud.nacos.registry.NacosServiceRegistry - nacos registry, DEFAULT_GROUP xiaohongshu-auth 192.168.0.103:8080 register finished
2026-09-02 21:11:09.306 [main] INFO  c.g.xiaohongshu.auth.XiaohongshuAuthApplication - Started XiaohongshuAuthApplication in 7.533 seconds (process running for 8.189)
2026-09-02 21:11:09.307 [main] INFO  c.g.x.auth.runner.PushRolePermissions2RedisRunner - ==> 服务启动，开始同步角色权限数据到 Redis 中...
2026-09-02 21:11:09.772 [main] WARN  c.g.x.auth.runner.PushRolePermissions2RedisRunner - ==> 角色权限数据已经同步至 Redis 中，不再同步...
2026-09-02 21:11:09.775 [main] INFO  com.alibaba.nacos.client.config.impl.CacheData - nacos.cache.data.init.snapshot = true 
2026-09-02 21:11:09.776 [main] INFO  com.alibaba.nacos.client.config.impl.ClientWorker - [fixed-xiaohongshu-127.0.0.1_8848] [subscribe] xiaohongshu-auth.yaml+DEFAULT_GROUP+xiaohongshu
2026-09-02 21:11:09.783 [main] INFO  com.alibaba.nacos.client.config.impl.CacheData - [fixed-xiaohongshu-127.0.0.1_8848] [add-listener] ok, tenant=xiaohongshu, dataId=xiaohongshu-auth.yaml, group=DEFAULT_GROUP, cnt=1
2026-09-02 21:11:09.783 [main] INFO  c.a.cloud.nacos.refresh.NacosContextRefresher - [Nacos Config] Listening config: dataId=xiaohongshu-auth.yaml, group=DEFAULT_GROUP
2026-09-02 21:11:09.784 [main] INFO  com.alibaba.nacos.client.config.impl.ClientWorker - [fixed-xiaohongshu-127.0.0.1_8848] [subscribe] xiaohongshu-auth-dev.yaml+DEFAULT_GROUP+xiaohongshu
2026-09-02 21:11:09.784 [main] INFO  com.alibaba.nacos.client.config.impl.CacheData - [fixed-xiaohongshu-127.0.0.1_8848] [add-listener] ok, tenant=xiaohongshu, dataId=xiaohongshu-auth-dev.yaml, group=DEFAULT_GROUP, cnt=1
2026-09-02 21:11:09.784 [main] INFO  c.a.cloud.nacos.refresh.NacosContextRefresher - [Nacos Config] Listening config: dataId=xiaohongshu-auth-dev.yaml, group=DEFAULT_GROUP
2026-09-02 21:11:09.785 [main] INFO  com.alibaba.nacos.client.config.impl.ClientWorker - [fixed-xiaohongshu-127.0.0.1_8848] [subscribe] xiaohongshu-auth+DEFAULT_GROUP+xiaohongshu
2026-09-02 21:11:09.786 [main] INFO  com.alibaba.nacos.client.config.impl.CacheData - [fixed-xiaohongshu-127.0.0.1_8848] [add-listener] ok, tenant=xiaohongshu, dataId=xiaohongshu-auth, group=DEFAULT_GROUP, cnt=1
2026-09-02 21:11:09.786 [main] INFO  c.a.cloud.nacos.refresh.NacosContextRefresher - [Nacos Config] Listening config: dataId=xiaohongshu-auth, group=DEFAULT_GROUP
2026-09-02 21:11:35.471 [http-nio-8080-exec-3] INFO  o.a.c.core.ContainerBase.[Tomcat].[localhost].[/] - Initializing Spring DispatcherServlet 'dispatcherServlet'
2026-09-02 21:11:35.471 [http-nio-8080-exec-3] INFO  org.springframework.web.servlet.DispatcherServlet - Initializing Servlet 'dispatcherServlet'
2026-09-02 21:11:35.472 [http-nio-8080-exec-3] INFO  org.springframework.web.servlet.DispatcherServlet - Completed initialization in 1 ms
2026-09-02 21:11:35.629 [http-nio-8080-exec-3] INFO  c.g.f.b.operationlog.aspect.ApiOperationLogAspect - ====== 请求开始: [用户登录/注册], 入参: {"phone":"19903236282","code":"235677","password":null,"type":1}, 请求类: UserController, 请求方法: loginAndRegister =================================== 
2026-09-02 21:11:35.937 [http-nio-8080-exec-3] INFO  c.g.xiaohongshu.auth.service.impl.UserServiceImpl - ==> 用户是否注册, phone: 19903236282, userDO: null
2026-09-02 21:11:36.179 [http-nio-8080-exec-3] ERROR c.g.xiaohongshu.auth.service.impl.UserServiceImpl - ==> 系统注册用户异常: 
java.lang.NullPointerException: Cannot invoke "com.guoshisan.xiaohongshu.auth.domain.dto.RoleDTO.getRoleKey()" because "roleDTO" is null
	at com.guoshisan.xiaohongshu.auth.service.impl.UserServiceImpl.lambda$registerUser$0(UserServiceImpl.java:171)
	at org.springframework.transaction.support.TransactionTemplate.execute(TransactionTemplate.java:140)
	at com.guoshisan.xiaohongshu.auth.service.impl.UserServiceImpl.registerUser(UserServiceImpl.java:136)
	at com.guoshisan.xiaohongshu.auth.service.impl.UserServiceImpl.loginAndRegister(UserServiceImpl.java:106)
	at com.guoshisan.xiaohongshu.auth.controller.UserController.loginAndRegister(UserController.java:33)
	at java.base/jdk.internal.reflect.NativeMethodAccessorImpl.invoke0(Native Method)
	at java.base/jdk.internal.reflect.NativeMethodAccessorImpl.invoke(NativeMethodAccessorImpl.java:77)
	at java.base/jdk.internal.reflect.DelegatingMethodAccessorImpl.invoke(DelegatingMethodAccessorImpl.java:43)
	at java.base/java.lang.reflect.Method.invoke(Method.java:568)
	at org.springframework.aop.support.AopUtils.invokeJoinpointUsingReflection(AopUtils.java:343)
	at org.springframework.aop.framework.ReflectiveMethodInvocation.invokeJoinpoint(ReflectiveMethodInvocation.java:196)
	at org.springframework.aop.framework.ReflectiveMethodInvocation.proceed(ReflectiveMethodInvocation.java:163)
	at org.springframework.aop.framework.CglibAopProxy$CglibMethodInvocation.proceed(CglibAopProxy.java:752)
	at org.springframework.aop.aspectj.MethodInvocationProceedingJoinPoint.proceed(MethodInvocationProceedingJoinPoint.java:89)
	at com.guoshisan.framework.biz.operationlog.aspect.ApiOperationLogAspect.doAround(ApiOperationLogAspect.java:52)
	at java.base/jdk.internal.reflect.NativeMethodAccessorImpl.invoke0(Native Method)
	at java.base/jdk.internal.reflect.NativeMethodAccessorImpl.invoke(NativeMethodAccessorImpl.java:77)
	at java.base/jdk.internal.reflect.DelegatingMethodAccessorImpl.invoke(DelegatingMethodAccessorImpl.java:43)
	at java.base/java.lang.reflect.Method.invoke(Method.java:568)
	at org.springframework.aop.aspectj.AbstractAspectJAdvice.invokeAdviceMethodWithGivenArgs(AbstractAspectJAdvice.java:633)
	at org.springframework.aop.aspectj.AbstractAspectJAdvice.invokeAdviceMethod(AbstractAspectJAdvice.java:623)
	at org.springframework.aop.aspectj.AspectJAroundAdvice.invoke(AspectJAroundAdvice.java:71)
	at org.springframework.aop.framework.ReflectiveMethodInvocation.proceed(ReflectiveMethodInvocation.java:173)
	at org.springframework.aop.framework.CglibAopProxy$CglibMethodInvocation.proceed(CglibAopProxy.java:752)
	at org.springframework.aop.interceptor.ExposeInvocationInterceptor.invoke(ExposeInvocationInterceptor.java:97)
	at org.springframework.aop.framework.ReflectiveMethodInvocation.proceed(ReflectiveMethodInvocation.java:184)
	at org.springframework.aop.framework.CglibAopProxy$CglibMethodInvocation.proceed(CglibAopProxy.java:752)
	at org.springframework.aop.framework.CglibAopProxy$DynamicAdvisedInterceptor.intercept(CglibAopProxy.java:703)
	at com.guoshisan.xiaohongshu.auth.controller.UserController$$SpringCGLIB$$0.loginAndRegister(<generated>)
	at java.base/jdk.internal.reflect.NativeMethodAccessorImpl.invoke0(Native Method)
	at java.base/jdk.internal.reflect.NativeMethodAccessorImpl.invoke(NativeMethodAccessorImpl.java:77)
	at java.base/jdk.internal.reflect.DelegatingMethodAccessorImpl.invoke(DelegatingMethodAccessorImpl.java:43)
	at java.base/java.lang.reflect.Method.invoke(Method.java:568)
	at org.springframework.web.method.support.InvocableHandlerMethod.doInvoke(InvocableHandlerMethod.java:207)
	at org.springframework.web.method.support.InvocableHandlerMethod.invokeForRequest(InvocableHandlerMethod.java:152)
	at org.springframework.web.servlet.mvc.method.annotation.ServletInvocableHandlerMethod.invokeAndHandle(ServletInvocableHandlerMethod.java:117)
	at org.springframework.web.servlet.mvc.method.annotation.RequestMappingHandlerAdapter.invokeHandlerMethod(RequestMappingHandlerAdapter.java:884)
	at org.springframework.web.servlet.mvc.method.annotation.RequestMappingHandlerAdapter.handleInternal(RequestMappingHandlerAdapter.java:797)
	at org.springframework.web.servlet.mvc.method.AbstractHandlerMethodAdapter.handle(AbstractHandlerMethodAdapter.java:87)
	at org.springframework.web.servlet.DispatcherServlet.doDispatch(DispatcherServlet.java:1080)
	at org.springframework.web.servlet.DispatcherServlet.doService(DispatcherServlet.java:973)
	at org.springframework.web.servlet.FrameworkServlet.processRequest(FrameworkServlet.java:1011)
	at org.springframework.web.servlet.FrameworkServlet.doPost(FrameworkServlet.java:914)
	at jakarta.servlet.http.HttpServlet.service(HttpServlet.java:731)
	at org.springframework.web.servlet.FrameworkServlet.service(FrameworkServlet.java:885)
	at jakarta.servlet.http.HttpServlet.service(HttpServlet.java:814)
	at org.apache.catalina.core.ApplicationFilterChain.internalDoFilter(ApplicationFilterChain.java:223)
	at org.apache.catalina.core.ApplicationFilterChain.doFilter(ApplicationFilterChain.java:158)
	at org.apache.tomcat.websocket.server.WsFilter.doFilter(WsFilter.java:53)
	at org.apache.catalina.core.ApplicationFilterChain.internalDoFilter(ApplicationFilterChain.java:185)
	at org.apache.catalina.core.ApplicationFilterChain.doFilter(ApplicationFilterChain.java:158)
	at com.alibaba.druid.support.jakarta.WebStatFilter.doFilter(WebStatFilter.java:113)
	at org.apache.catalina.core.ApplicationFilterChain.internalDoFilter(ApplicationFilterChain.java:185)
	at org.apache.catalina.core.ApplicationFilterChain.doFilter(ApplicationFilterChain.java:158)
	at org.springframework.web.filter.RequestContextFilter.doFilterInternal(RequestContextFilter.java:100)
	at org.springframework.web.filter.OncePerRequestFilter.doFilter(OncePerRequestFilter.java:116)
	at org.apache.catalina.core.ApplicationFilterChain.internalDoFilter(ApplicationFilterChain.java:185)
	at org.apache.catalina.core.ApplicationFilterChain.doFilter(ApplicationFilterChain.java:158)
	at cn.dev33.satoken.filter.SaPathCheckFilterForJakartaServlet.doFilter(SaPathCheckFilterForJakartaServlet.java:55)
	at org.apache.catalina.core.ApplicationFilterChain.internalDoFilter(ApplicationFilterChain.java:185)
	at org.apache.catalina.core.ApplicationFilterChain.doFilter(ApplicationFilterChain.java:158)
	at org.springframework.web.filter.FormContentFilter.doFilterInternal(FormContentFilter.java:93)
	at org.springframework.web.filter.OncePerRequestFilter.doFilter(OncePerRequestFilter.java:116)
	at org.apache.catalina.core.ApplicationFilterChain.internalDoFilter(ApplicationFilterChain.java:185)
	at org.apache.catalina.core.ApplicationFilterChain.doFilter(ApplicationFilterChain.java:158)
	at org.springframework.web.filter.CharacterEncodingFilter.doFilterInternal(CharacterEncodingFilter.java:201)
	at org.springframework.web.filter.OncePerRequestFilter.doFilter(OncePerRequestFilter.java:116)
	at org.apache.catalina.core.ApplicationFilterChain.internalDoFilter(ApplicationFilterChain.java:185)
	at org.apache.catalina.core.ApplicationFilterChain.doFilter(ApplicationFilterChain.java:158)
	at org.apache.catalina.core.StandardWrapperValve.invoke(StandardWrapperValve.java:177)
	at org.apache.catalina.core.StandardContextValve.invoke(StandardContextValve.java:97)
	at org.apache.catalina.authenticator.AuthenticatorBase.invoke(AuthenticatorBase.java:542)
	at org.apache.catalina.core.StandardHostValve.invoke(StandardHostValve.java:119)
	at org.apache.catalina.valves.ErrorReportValve.invoke(ErrorReportValve.java:92)
	at org.apache.catalina.core.StandardEngineValve.invoke(StandardEngineValve.java:78)
	at org.apache.catalina.connector.CoyoteAdapter.service(CoyoteAdapter.java:357)
	at org.apache.coyote.http11.Http11Processor.service(Http11Processor.java:400)
	at org.apache.coyote.AbstractProcessorLight.process(AbstractProcessorLight.java:65)
	at org.apache.coyote.AbstractProtocol$ConnectionHandler.process(AbstractProtocol.java:859)
	at org.apache.tomcat.util.net.NioEndpoint$SocketProcessor.doRun(NioEndpoint.java:1734)
	at org.apache.tomcat.util.net.SocketProcessorBase.run(SocketProcessorBase.java:52)
	at org.apache.tomcat.util.threads.ThreadPoolExecutor.runWorker(ThreadPoolExecutor.java:1191)
	at org.apache.tomcat.util.threads.ThreadPoolExecutor$Worker.run(ThreadPoolExecutor.java:659)
	at org.apache.tomcat.util.threads.TaskThread$WrappingRunnable.run(TaskThread.java:61)
	at java.base/java.lang.Thread.run(Thread.java:842)
2026-09-02 21:11:36.192 [http-nio-8080-exec-3] ERROR c.g.x.auth.exception.GlobalExceptionHandler - /user/login request error, 
cn.dev33.satoken.exception.SaTokenException: loginId 不能为空
	at cn.dev33.satoken.stp.StpLogic.checkLoginArgs(StpLogic.java:564)
	at cn.dev33.satoken.stp.StpLogic.createLoginSession(StpLogic.java:464)
	at cn.dev33.satoken.stp.StpLogic.login(StpLogic.java:438)
	at cn.dev33.satoken.stp.StpLogic.login(StpLogic.java:397)
	at cn.dev33.satoken.stp.StpUtil.login(StpUtil.java:164)
	at com.guoshisan.xiaohongshu.auth.service.impl.UserServiceImpl.loginAndRegister(UserServiceImpl.java:121)
	at com.guoshisan.xiaohongshu.auth.controller.UserController.loginAndRegister(UserController.java:33)
	at java.base/jdk.internal.reflect.NativeMethodAccessorImpl.invoke0(Native Method)
	at java.base/jdk.internal.reflect.NativeMethodAccessorImpl.invoke(NativeMethodAccessorImpl.java:77)
	at java.base/jdk.internal.reflect.DelegatingMethodAccessorImpl.invoke(DelegatingMethodAccessorImpl.java:43)
	at java.base/java.lang.reflect.Method.invoke(Method.java:568)
	at org.springframework.aop.support.AopUtils.invokeJoinpointUsingReflection(AopUtils.java:343)
	at org.springframework.aop.framework.ReflectiveMethodInvocation.invokeJoinpoint(ReflectiveMethodInvocation.java:196)
	at org.springframework.aop.framework.ReflectiveMethodInvocation.proceed(ReflectiveMethodInvocation.java:163)
	at org.springframework.aop.framework.CglibAopProxy$CglibMethodInvocation.proceed(CglibAopProxy.java:752)
	at org.springframework.aop.aspectj.MethodInvocationProceedingJoinPoint.proceed(MethodInvocationProceedingJoinPoint.java:89)
	at com.guoshisan.framework.biz.operationlog.aspect.ApiOperationLogAspect.doAround(ApiOperationLogAspect.java:52)
	at java.base/jdk.internal.reflect.NativeMethodAccessorImpl.invoke0(Native Method)
	at java.base/jdk.internal.reflect.NativeMethodAccessorImpl.invoke(NativeMethodAccessorImpl.java:77)
	at java.base/jdk.internal.reflect.DelegatingMethodAccessorImpl.invoke(DelegatingMethodAccessorImpl.java:43)
	at java.base/java.lang.reflect.Method.invoke(Method.java:568)
	at org.springframework.aop.aspectj.AbstractAspectJAdvice.invokeAdviceMethodWithGivenArgs(AbstractAspectJAdvice.java:633)
	at org.springframework.aop.aspectj.AbstractAspectJAdvice.invokeAdviceMethod(AbstractAspectJAdvice.java:623)
	at org.springframework.aop.aspectj.AspectJAroundAdvice.invoke(AspectJAroundAdvice.java:71)
	at org.springframework.aop.framework.ReflectiveMethodInvocation.proceed(ReflectiveMethodInvocation.java:173)
	at org.springframework.aop.framework.CglibAopProxy$CglibMethodInvocation.proceed(CglibAopProxy.java:752)
	at org.springframework.aop.interceptor.ExposeInvocationInterceptor.invoke(ExposeInvocationInterceptor.java:97)
	at org.springframework.aop.framework.ReflectiveMethodInvocation.proceed(ReflectiveMethodInvocation.java:184)
	at org.springframework.aop.framework.CglibAopProxy$CglibMethodInvocation.proceed(CglibAopProxy.java:752)
	at org.springframework.aop.framework.CglibAopProxy$DynamicAdvisedInterceptor.intercept(CglibAopProxy.java:703)
	at com.guoshisan.xiaohongshu.auth.controller.UserController$$SpringCGLIB$$0.loginAndRegister(<generated>)
	at java.base/jdk.internal.reflect.NativeMethodAccessorImpl.invoke0(Native Method)
	at java.base/jdk.internal.reflect.NativeMethodAccessorImpl.invoke(NativeMethodAccessorImpl.java:77)
	at java.base/jdk.internal.reflect.DelegatingMethodAccessorImpl.invoke(DelegatingMethodAccessorImpl.java:43)
	at java.base/java.lang.reflect.Method.invoke(Method.java:568)
	at org.springframework.web.method.support.InvocableHandlerMethod.doInvoke(InvocableHandlerMethod.java:207)
	at org.springframework.web.method.support.InvocableHandlerMethod.invokeForRequest(InvocableHandlerMethod.java:152)
	at org.springframework.web.servlet.mvc.method.annotation.ServletInvocableHandlerMethod.invokeAndHandle(ServletInvocableHandlerMethod.java:117)
	at org.springframework.web.servlet.mvc.method.annotation.RequestMappingHandlerAdapter.invokeHandlerMethod(RequestMappingHandlerAdapter.java:884)
	at org.springframework.web.servlet.mvc.method.annotation.RequestMappingHandlerAdapter.handleInternal(RequestMappingHandlerAdapter.java:797)
	at org.springframework.web.servlet.mvc.method.AbstractHandlerMethodAdapter.handle(AbstractHandlerMethodAdapter.java:87)
	at org.springframework.web.servlet.DispatcherServlet.doDispatch(DispatcherServlet.java:1080)
	at org.springframework.web.servlet.DispatcherServlet.doService(DispatcherServlet.java:973)
	at org.springframework.web.servlet.FrameworkServlet.processRequest(FrameworkServlet.java:1011)
	at org.springframework.web.servlet.FrameworkServlet.doPost(FrameworkServlet.java:914)
	at jakarta.servlet.http.HttpServlet.service(HttpServlet.java:731)
	at org.springframework.web.servlet.FrameworkServlet.service(FrameworkServlet.java:885)
	at jakarta.servlet.http.HttpServlet.service(HttpServlet.java:814)
	at org.apache.catalina.core.ApplicationFilterChain.internalDoFilter(ApplicationFilterChain.java:223)
	at org.apache.catalina.core.ApplicationFilterChain.doFilter(ApplicationFilterChain.java:158)
	at org.apache.tomcat.websocket.server.WsFilter.doFilter(WsFilter.java:53)
	at org.apache.catalina.core.ApplicationFilterChain.internalDoFilter(ApplicationFilterChain.java:185)
	at org.apache.catalina.core.ApplicationFilterChain.doFilter(ApplicationFilterChain.java:158)
	at com.alibaba.druid.support.jakarta.WebStatFilter.doFilter(WebStatFilter.java:113)
	at org.apache.catalina.core.ApplicationFilterChain.internalDoFilter(ApplicationFilterChain.java:185)
	at org.apache.catalina.core.ApplicationFilterChain.doFilter(ApplicationFilterChain.java:158)
	at org.springframework.web.filter.RequestContextFilter.doFilterInternal(RequestContextFilter.java:100)
	at org.springframework.web.filter.OncePerRequestFilter.doFilter(OncePerRequestFilter.java:116)
	at org.apache.catalina.core.ApplicationFilterChain.internalDoFilter(ApplicationFilterChain.java:185)
	at org.apache.catalina.core.ApplicationFilterChain.doFilter(ApplicationFilterChain.java:158)
	at cn.dev33.satoken.filter.SaPathCheckFilterForJakartaServlet.doFilter(SaPathCheckFilterForJakartaServlet.java:55)
	at org.apache.catalina.core.ApplicationFilterChain.internalDoFilter(ApplicationFilterChain.java:185)
	at org.apache.catalina.core.ApplicationFilterChain.doFilter(ApplicationFilterChain.java:158)
	at org.springframework.web.filter.FormContentFilter.doFilterInternal(FormContentFilter.java:93)
	at org.springframework.web.filter.OncePerRequestFilter.doFilter(OncePerRequestFilter.java:116)
	at org.apache.catalina.core.ApplicationFilterChain.internalDoFilter(ApplicationFilterChain.java:185)
	at org.apache.catalina.core.ApplicationFilterChain.doFilter(ApplicationFilterChain.java:158)
	at org.springframework.web.filter.CharacterEncodingFilter.doFilterInternal(CharacterEncodingFilter.java:201)
	at org.springframework.web.filter.OncePerRequestFilter.doFilter(OncePerRequestFilter.java:116)
	at org.apache.catalina.core.ApplicationFilterChain.internalDoFilter(ApplicationFilterChain.java:185)
	at org.apache.catalina.core.ApplicationFilterChain.doFilter(ApplicationFilterChain.java:158)
	at org.apache.catalina.core.StandardWrapperValve.invoke(StandardWrapperValve.java:177)
	at org.apache.catalina.core.StandardContextValve.invoke(StandardContextValve.java:97)
	at org.apache.catalina.authenticator.AuthenticatorBase.invoke(AuthenticatorBase.java:542)
	at org.apache.catalina.core.StandardHostValve.invoke(StandardHostValve.java:119)
	at org.apache.catalina.valves.ErrorReportValve.invoke(ErrorReportValve.java:92)
	at org.apache.catalina.core.StandardEngineValve.invoke(StandardEngineValve.java:78)
	at org.apache.catalina.connector.CoyoteAdapter.service(CoyoteAdapter.java:357)
	at org.apache.coyote.http11.Http11Processor.service(Http11Processor.java:400)
	at org.apache.coyote.AbstractProcessorLight.process(AbstractProcessorLight.java:65)
	at org.apache.coyote.AbstractProtocol$ConnectionHandler.process(AbstractProtocol.java:859)
	at org.apache.tomcat.util.net.NioEndpoint$SocketProcessor.doRun(NioEndpoint.java:1734)
	at org.apache.tomcat.util.net.SocketProcessorBase.run(SocketProcessorBase.java:52)
	at org.apache.tomcat.util.threads.ThreadPoolExecutor.runWorker(ThreadPoolExecutor.java:1191)
	at org.apache.tomcat.util.threads.ThreadPoolExecutor$Worker.run(ThreadPoolExecutor.java:659)
	at org.apache.tomcat.util.threads.TaskThread$WrappingRunnable.run(TaskThread.java:61)
	at java.base/java.lang.Thread.run(Thread.java:842)
2026-09-02 21:14:35.602 [http-nio-8080-exec-5] INFO  c.g.f.b.operationlog.aspect.ApiOperationLogAspect - ====== 请求开始: [用户登录/注册], 入参: {"phone":"19903236282","code":"235677","password":null,"type":1}, 请求类: UserController, 请求方法: loginAndRegister =================================== 
2026-09-02 21:14:35.606 [http-nio-8080-exec-5] WARN  c.g.x.auth.exception.GlobalExceptionHandler - /user/login request fail, errorCode: AUTH-20001, errorMessage: 验证码错误
2026-09-02 21:14:45.036 [Thread-2] WARN  c.alibaba.nacos.common.http.HttpClientBeanHolder - [HttpClientBeanHolder] Start destroying common HttpClient
2026-09-02 21:14:45.037 [Thread-2] WARN  c.alibaba.nacos.common.http.HttpClientBeanHolder - [HttpClientBeanHolder] Destruction of the end
2026-09-02 21:14:45.037 [Thread-9] WARN  com.alibaba.nacos.common.notify.NotifyCenter - [NotifyCenter] Start destroying Publisher
2026-09-02 21:14:45.038 [Thread-9] WARN  com.alibaba.nacos.common.notify.NotifyCenter - [NotifyCenter] Destruction of the end
2026-09-02 21:14:45.083 [SpringApplicationShutdownHook] INFO  c.a.cloud.nacos.registry.NacosServiceRegistry - De-registering from Nacos Server now...
2026-09-02 21:14:45.083 [SpringApplicationShutdownHook] INFO  com.alibaba.nacos.client.naming - [DEREGISTER-SERVICE] xiaohongshu deregistering service xiaohongshu-auth with instance: Instance{instanceId='null', ip='192.168.0.103', port=8080, weight=1.0, healthy=true, enabled=true, ephemeral=true, clusterName='DEFAULT', serviceName='null', metadata={}}
2026-09-02 21:14:45.198 [SpringApplicationShutdownHook] INFO  c.a.cloud.nacos.registry.NacosServiceRegistry - De-registration finished.
2026-09-02 21:14:45.198 [SpringApplicationShutdownHook] INFO  com.alibaba.nacos.client.naming - com.alibaba.nacos.client.naming.cache.ServiceInfoHolder do shutdown begin
2026-09-02 21:14:45.198 [SpringApplicationShutdownHook] INFO  com.alibaba.nacos.client.naming - com.alibaba.nacos.client.naming.backups.FailoverReactor do shutdown begin
2026-09-02 21:14:45.198 [SpringApplicationShutdownHook] INFO  com.alibaba.nacos.client.naming - com.alibaba.nacos.client.naming.backups.FailoverReactor do shutdown stop
2026-09-02 21:14:45.198 [SpringApplicationShutdownHook] INFO  com.alibaba.nacos.client.naming - com.alibaba.nacos.client.naming.cache.ServiceInfoHolder do shutdown stop
2026-09-02 21:14:45.198 [SpringApplicationShutdownHook] INFO  com.alibaba.nacos.client.naming - com.alibaba.nacos.client.naming.remote.NamingClientProxyDelegate do shutdown begin
2026-09-02 21:14:45.198 [SpringApplicationShutdownHook] INFO  com.alibaba.nacos.client.naming - com.alibaba.nacos.client.naming.core.ServiceInfoUpdateService do shutdown begin
2026-09-02 21:14:45.199 [SpringApplicationShutdownHook] INFO  com.alibaba.nacos.client.naming - com.alibaba.nacos.client.naming.core.ServiceInfoUpdateService do shutdown stop
2026-09-02 21:14:45.199 [SpringApplicationShutdownHook] INFO  com.alibaba.nacos.client.naming - com.alibaba.nacos.client.naming.core.ServerListManager do shutdown begin
2026-09-02 21:14:45.199 [SpringApplicationShutdownHook] WARN  com.alibaba.nacos.client.naming - [NamingHttpClientManager] Start destroying NacosRestTemplate
2026-09-02 21:14:45.199 [SpringApplicationShutdownHook] WARN  com.alibaba.nacos.client.naming - [NamingHttpClientManager] Destruction of the end
2026-09-02 21:14:45.199 [SpringApplicationShutdownHook] INFO  com.alibaba.nacos.client.naming - com.alibaba.nacos.client.naming.core.ServerListManager do shutdown stop
2026-09-02 21:14:45.199 [SpringApplicationShutdownHook] INFO  com.alibaba.nacos.client.naming - com.alibaba.nacos.client.naming.remote.http.NamingHttpClientProxy do shutdown begin
2026-09-02 21:14:45.199 [SpringApplicationShutdownHook] WARN  com.alibaba.nacos.client.naming - [NamingHttpClientManager] Start destroying NacosRestTemplate
2026-09-02 21:14:45.199 [SpringApplicationShutdownHook] WARN  com.alibaba.nacos.client.naming - [NamingHttpClientManager] Destruction of the end
2026-09-02 21:14:45.199 [SpringApplicationShutdownHook] INFO  com.alibaba.nacos.client.naming - com.alibaba.nacos.client.naming.remote.http.NamingHttpClientProxy do shutdown stop
2026-09-02 21:14:45.199 [SpringApplicationShutdownHook] INFO  com.alibaba.nacos.common.remote.client - Shutdown rpc client, set status to shutdown
2026-09-02 21:14:45.199 [SpringApplicationShutdownHook] INFO  com.alibaba.nacos.common.remote.client - Shutdown client event executor java.util.concurrent.ScheduledThreadPoolExecutor@7becac86[Running, pool size = 2, active threads = 2, queued tasks = 0, completed tasks = 0]
2026-09-02 21:14:45.199 [SpringApplicationShutdownHook] INFO  com.alibaba.nacos.common.remote.client - Close current connection 1788354668777_172.17.0.1_56852
2026-09-02 21:14:45.202 [nacos-grpc-client-executor-127.0.0.1-61] INFO  c.a.nacos.common.remote.client.grpc.GrpcClient - [1788354668777_172.17.0.1_56852]Ignore complete event,isRunning:false,isAbandon=false
2026-09-02 21:14:45.203 [SpringApplicationShutdownHook] INFO  c.a.nacos.common.remote.client.grpc.GrpcClient - Shutdown grpc executor java.util.concurrent.ThreadPoolExecutor@26714cca[Running, pool size = 4, active threads = 0, queued tasks = 0, completed tasks = 62]
2026-09-02 21:14:45.203 [SpringApplicationShutdownHook] INFO  com.alibaba.nacos.client.naming - Shutdown grpc redo service executor java.util.concurrent.ScheduledThreadPoolExecutor@4d6ff604[Running, pool size = 1, active threads = 0, queued tasks = 1, completed tasks = 71]
2026-09-02 21:14:45.203 [SpringApplicationShutdownHook] INFO  c.a.n.client.auth.ram.identify.CredentialWatcher - [null] CredentialWatcher is stopped
2026-09-02 21:14:45.203 [SpringApplicationShutdownHook] INFO  c.a.n.client.auth.ram.identify.CredentialService - [null] CredentialService is freed
2026-09-02 21:14:45.204 [SpringApplicationShutdownHook] INFO  com.alibaba.nacos.client.naming - com.alibaba.nacos.client.naming.remote.NamingClientProxyDelegate do shutdown stop
2026-09-02 21:14:45.332 [SpringApplicationShutdownHook] INFO  com.alibaba.druid.pool.DruidDataSource - {dataSource-1} closing ...
2026-09-02 21:14:45.344 [SpringApplicationShutdownHook] INFO  com.alibaba.druid.pool.DruidDataSource - {dataSource-1} closed
2026-09-02 21:14:49.936 [main] WARN  com.alibaba.nacos.client.logging.NacosLogging - Load Logback Configuration of Nacos fail, message: Could not initialize Logback Nacos logging from classpath:nacos-logback.xml
2026-09-02 21:14:49.992 [main] WARN  com.alibaba.nacos.client.logging.NacosLogging - Load Logback Configuration of Nacos fail, message: Could not initialize Logback Nacos logging from classpath:nacos-logback.xml
2026-09-02 21:14:50.184 [main] WARN  com.alibaba.nacos.client.logging.NacosLogging - Load Logback Configuration of Nacos fail, message: Could not initialize Logback Nacos logging from classpath:nacos-logback.xml
2026-09-02 21:14:50.186 [main] INFO  com.alibaba.nacos.client.utils.ParamUtil - [settings] [req-serv] nacos-server port:8848
2026-09-02 21:14:50.186 [main] INFO  com.alibaba.nacos.client.utils.ParamUtil - [settings] [http-client] connect timeout:1000
2026-09-02 21:14:50.186 [main] INFO  com.alibaba.nacos.client.utils.ParamUtil - PER_TASK_CONFIG_SIZE: 3000.0
2026-09-02 21:14:50.210 [main] INFO  c.a.n.p.auth.spi.client.ClientAuthPluginManager - [ClientAuthPluginManager] Load ClientAuthService com.alibaba.nacos.client.auth.impl.NacosClientAuthServiceImpl success.
2026-09-02 21:14:50.210 [main] INFO  c.a.n.p.auth.spi.client.ClientAuthPluginManager - [ClientAuthPluginManager] Load ClientAuthService com.alibaba.nacos.client.auth.ram.RamClientAuthServiceImpl success.
2026-09-02 21:14:50.213 [main] INFO  c.a.n.client.auth.ram.identify.CredentialWatcher - null No credential found
2026-09-02 21:14:50.823 [main] WARN  com.alibaba.nacos.client.logging.NacosLogging - Load Logback Configuration of Nacos fail, message: Could not initialize Logback Nacos logging from classpath:nacos-logback.xml
2026-09-02 21:14:50.838 [main] INFO  c.a.n.client.config.impl.LocalConfigInfoProcessor - LOCAL_SNAPSHOT_PATH:C:\Users\Administrator\nacos\config
2026-09-02 21:14:50.842 [main] INFO  com.alibaba.nacos.common.remote.client - [RpcClientFactory] create a new rpc client of 94f09c34-8244-41a4-8a67-5b1595485ea2_config-0
2026-09-02 21:14:50.858 [main] INFO  com.alibaba.nacos.common.remote.client - [94f09c34-8244-41a4-8a67-5b1595485ea2_config-0] Register server push request handler:com.alibaba.nacos.client.config.impl.ClientWorker$ConfigRpcTransportClient$$Lambda$585/0x0000013ecb391060
2026-09-02 21:14:50.859 [main] INFO  com.alibaba.nacos.common.remote.client - [94f09c34-8244-41a4-8a67-5b1595485ea2_config-0] Register server push request handler:com.alibaba.nacos.client.config.impl.ClientWorker$ConfigRpcTransportClient$$Lambda$586/0x0000013ecb391480
2026-09-02 21:14:50.860 [main] INFO  com.alibaba.nacos.common.remote.client - [94f09c34-8244-41a4-8a67-5b1595485ea2_config-0] Registry connection listener to current client:com.alibaba.nacos.client.config.impl.ClientWorker$ConfigRpcTransportClient$1
2026-09-02 21:14:50.860 [main] INFO  com.alibaba.nacos.common.remote.client - [94f09c34-8244-41a4-8a67-5b1595485ea2_config-0] RpcClient init, ServerListFactory = com.alibaba.nacos.client.config.impl.ClientWorker$ConfigRpcTransportClient$2
2026-09-02 21:14:50.867 [main] INFO  com.alibaba.nacos.common.remote.client - [94f09c34-8244-41a4-8a67-5b1595485ea2_config-0] Try to connect to server on start up, server: {serverIp = '127.0.0.1', server main port = 8848}
2026-09-02 21:14:50.916 [main] INFO  c.a.nacos.common.remote.client.grpc.GrpcClient - grpc client connection server:127.0.0.1 ip,serverPort:9848,grpcTslConfig:{"sslProvider":"OPENSSL","enableTls":false,"mutualAuthEnable":false,"trustAll":false}
2026-09-02 21:14:52.336 [main] INFO  com.alibaba.nacos.common.remote.client - [94f09c34-8244-41a4-8a67-5b1595485ea2_config-0] Success to connect to server [127.0.0.1:8848] on start up, connectionId = 1788354891993_172.17.0.1_43678
2026-09-02 21:14:52.336 [com.alibaba.nacos.client.remote.worker] INFO  com.alibaba.nacos.common.remote.client - [94f09c34-8244-41a4-8a67-5b1595485ea2_config-0] Notify connected event to listeners.
2026-09-02 21:14:52.336 [com.alibaba.nacos.client.remote.worker] INFO  com.alibaba.nacos.client.config.impl.ClientWorker - [94f09c34-8244-41a4-8a67-5b1595485ea2_config-0] Connected,notify listen context...
2026-09-02 21:14:52.336 [main] INFO  com.alibaba.nacos.common.remote.client - [94f09c34-8244-41a4-8a67-5b1595485ea2_config-0] Register server push request handler:com.alibaba.nacos.common.remote.client.RpcClient$ConnectResetRequestHandler
2026-09-02 21:14:52.337 [main] INFO  com.alibaba.nacos.common.remote.client - [94f09c34-8244-41a4-8a67-5b1595485ea2_config-0] Register server push request handler:com.alibaba.nacos.common.remote.client.RpcClient$$Lambda$606/0x0000013ecb4d9ad0
2026-09-02 21:14:52.388 [main] INFO  com.alibaba.nacos.client.config.impl.Limiter - limitTime:5.0
2026-09-02 21:14:52.416 [main] INFO  com.alibaba.nacos.client.config.utils.JvmUtil - isMultiInstance:false
2026-09-02 21:14:52.427 [main] WARN  c.a.cloud.nacos.client.NacosPropertySourceBuilder - Ignore the empty nacos configuration and get it based on dataId[xiaohongshu-auth.yaml] & group[DEFAULT_GROUP]
2026-09-02 21:14:52.445 [main] INFO  o.s.c.b.c.PropertySourceBootstrapConfiguration - Located property source: [BootstrapPropertySource {name='bootstrapProperties-xiaohongshu-auth-dev.yaml,DEFAULT_GROUP'}, BootstrapPropertySource {name='bootstrapProperties-xiaohongshu-auth.yaml,DEFAULT_GROUP'}, BootstrapPropertySource {name='bootstrapProperties-xiaohongshu-auth,DEFAULT_GROUP'}]
2026-09-02 21:14:52.465 [main] WARN  com.alibaba.nacos.client.logging.NacosLogging - Load Logback Configuration of Nacos fail, message: Could not initialize Logback Nacos logging from classpath:nacos-logback.xml
2026-09-02 21:14:52.466 [main] INFO  c.g.xiaohongshu.auth.XiaohongshuAuthApplication - The following 1 profile is active: "dev"
2026-09-02 21:14:53.176 [main] INFO  o.s.d.r.config.RepositoryConfigurationDelegate - Multiple Spring Data modules found, entering strict repository configuration mode
2026-09-02 21:14:53.179 [main] INFO  o.s.d.r.config.RepositoryConfigurationDelegate - Bootstrapping Spring Data Redis repositories in DEFAULT mode.
2026-09-02 21:14:53.206 [main] INFO  o.s.d.r.config.RepositoryConfigurationDelegate - Finished Spring Data repository scanning in 10 ms. Found 0 Redis repository interfaces.
2026-09-02 21:14:53.330 [main] INFO  o.springframework.cloud.context.scope.GenericScope - BeanFactory id=e975a4a9-1ce7-3108-84ca-3ebf7bd491e7
2026-09-02 21:14:53.944 [main] INFO  o.s.boot.web.embedded.tomcat.TomcatWebServer - Tomcat initialized with port(s): 8080 (http)
2026-09-02 21:14:53.953 [main] INFO  org.apache.catalina.core.StandardService - Starting service [Tomcat]
2026-09-02 21:14:53.953 [main] INFO  org.apache.catalina.core.StandardEngine - Starting Servlet engine: [Apache Tomcat/10.1.5]
2026-09-02 21:14:54.033 [main] INFO  o.a.c.core.ContainerBase.[Tomcat].[localhost].[/] - Initializing Spring embedded WebApplicationContext
2026-09-02 21:14:54.033 [main] INFO  o.s.b.w.s.c.ServletWebServerApplicationContext - Root WebApplicationContext: initialization completed in 1554 ms
2026-09-02 21:14:54.131 [main] INFO  c.a.d.s.b.a.DruidDataSourceAutoConfigure - Init DruidDataSource
2026-09-02 21:14:54.557 [main] INFO  com.alibaba.druid.pool.DruidDataSource - {dataSource-1} inited
2026-09-02 21:14:57.169 [main] INFO  o.s.boot.web.embedded.tomcat.TomcatWebServer - Tomcat started on port(s): 8080 (http) with context path ''
2026-09-02 21:14:57.174 [main] INFO  com.alibaba.nacos.client.naming - initializer namespace from ans.namespace attribute : null
2026-09-02 21:14:57.174 [main] INFO  com.alibaba.nacos.client.naming - initializer namespace from ALIBABA_ALIWARE_NAMESPACE attribute :null
2026-09-02 21:14:57.176 [main] INFO  com.alibaba.nacos.client.naming - initializer namespace from namespace attribute :null
2026-09-02 21:14:57.183 [main] INFO  c.a.n.p.auth.spi.client.ClientAuthPluginManager - [ClientAuthPluginManager] Load ClientAuthService com.alibaba.nacos.client.auth.impl.NacosClientAuthServiceImpl success.
2026-09-02 21:14:57.183 [main] INFO  c.a.n.p.auth.spi.client.ClientAuthPluginManager - [ClientAuthPluginManager] Load ClientAuthService com.alibaba.nacos.client.auth.ram.RamClientAuthServiceImpl success.
2026-09-02 21:14:57.188 [main] INFO  com.alibaba.nacos.common.remote.client - [RpcClientFactory] create a new rpc client of c05614c6-4ef1-4b47-bf04-f13d097fa8b2
2026-09-02 21:14:57.190 [main] INFO  com.alibaba.nacos.common.remote.client - [c05614c6-4ef1-4b47-bf04-f13d097fa8b2] RpcClient init, ServerListFactory = com.alibaba.nacos.client.naming.core.ServerListManager
2026-09-02 21:14:57.190 [main] INFO  com.alibaba.nacos.common.remote.client - [c05614c6-4ef1-4b47-bf04-f13d097fa8b2] Registry connection listener to current client:com.alibaba.nacos.client.naming.remote.gprc.redo.NamingGrpcRedoService
2026-09-02 21:14:57.190 [main] INFO  com.alibaba.nacos.common.remote.client - [c05614c6-4ef1-4b47-bf04-f13d097fa8b2] Register server push request handler:com.alibaba.nacos.client.naming.remote.gprc.NamingPushRequestHandler
2026-09-02 21:14:57.190 [main] INFO  com.alibaba.nacos.common.remote.client - [c05614c6-4ef1-4b47-bf04-f13d097fa8b2] Try to connect to server on start up, server: {serverIp = '127.0.0.1', server main port = 8848}
2026-09-02 21:14:57.191 [main] INFO  c.a.nacos.common.remote.client.grpc.GrpcClient - grpc client connection server:127.0.0.1 ip,serverPort:9848,grpcTslConfig:{"sslProvider":"OPENSSL","enableTls":false,"mutualAuthEnable":false,"trustAll":false}
2026-09-02 21:14:57.314 [main] INFO  com.alibaba.nacos.common.remote.client - [c05614c6-4ef1-4b47-bf04-f13d097fa8b2] Success to connect to server [127.0.0.1:8848] on start up, connectionId = 1788354897201_172.17.0.1_43686
2026-09-02 21:14:57.314 [com.alibaba.nacos.client.remote.worker] INFO  com.alibaba.nacos.common.remote.client - [c05614c6-4ef1-4b47-bf04-f13d097fa8b2] Notify connected event to listeners.
2026-09-02 21:14:57.314 [main] INFO  com.alibaba.nacos.common.remote.client - [c05614c6-4ef1-4b47-bf04-f13d097fa8b2] Register server push request handler:com.alibaba.nacos.common.remote.client.RpcClient$ConnectResetRequestHandler
2026-09-02 21:14:57.314 [com.alibaba.nacos.client.remote.worker] INFO  com.alibaba.nacos.client.naming - Grpc connection connect
2026-09-02 21:14:57.314 [main] INFO  com.alibaba.nacos.common.remote.client - [c05614c6-4ef1-4b47-bf04-f13d097fa8b2] Register server push request handler:com.alibaba.nacos.common.remote.client.RpcClient$$Lambda$606/0x0000013ecb4d9ad0
2026-09-02 21:14:57.314 [main] INFO  com.alibaba.nacos.client.naming - [REGISTER-SERVICE] xiaohongshu registering service xiaohongshu-auth with instance Instance{instanceId='null', ip='192.168.0.103', port=8080, weight=1.0, healthy=true, enabled=true, ephemeral=true, clusterName='DEFAULT', serviceName='null', metadata={IPv6=null, preserved.register.source=SPRING_CLOUD}}
2026-09-02 21:14:57.330 [main] INFO  c.a.cloud.nacos.registry.NacosServiceRegistry - nacos registry, DEFAULT_GROUP xiaohongshu-auth 192.168.0.103:8080 register finished
2026-09-02 21:14:57.804 [main] INFO  c.g.xiaohongshu.auth.XiaohongshuAuthApplication - Started XiaohongshuAuthApplication in 8.792 seconds (process running for 9.374)
2026-09-02 21:14:57.806 [main] INFO  c.g.x.auth.runner.PushRolePermissions2RedisRunner - ==> 服务启动，开始同步角色权限数据到 Redis 中...
2026-09-02 21:14:58.314 [main] WARN  c.g.x.auth.runner.PushRolePermissions2RedisRunner - ==> 角色权限数据已经同步至 Redis 中，不再同步...
2026-09-02 21:14:58.318 [main] INFO  com.alibaba.nacos.client.config.impl.CacheData - nacos.cache.data.init.snapshot = true 
2026-09-02 21:14:58.318 [main] INFO  com.alibaba.nacos.client.config.impl.ClientWorker - [fixed-xiaohongshu-127.0.0.1_8848] [subscribe] xiaohongshu-auth.yaml+DEFAULT_GROUP+xiaohongshu
2026-09-02 21:14:58.324 [main] INFO  com.alibaba.nacos.client.config.impl.CacheData - [fixed-xiaohongshu-127.0.0.1_8848] [add-listener] ok, tenant=xiaohongshu, dataId=xiaohongshu-auth.yaml, group=DEFAULT_GROUP, cnt=1
2026-09-02 21:14:58.325 [main] INFO  c.a.cloud.nacos.refresh.NacosContextRefresher - [Nacos Config] Listening config: dataId=xiaohongshu-auth.yaml, group=DEFAULT_GROUP
2026-09-02 21:14:58.326 [main] INFO  com.alibaba.nacos.client.config.impl.ClientWorker - [fixed-xiaohongshu-127.0.0.1_8848] [subscribe] xiaohongshu-auth-dev.yaml+DEFAULT_GROUP+xiaohongshu
2026-09-02 21:14:58.326 [main] INFO  com.alibaba.nacos.client.config.impl.CacheData - [fixed-xiaohongshu-127.0.0.1_8848] [add-listener] ok, tenant=xiaohongshu, dataId=xiaohongshu-auth-dev.yaml, group=DEFAULT_GROUP, cnt=1
2026-09-02 21:14:58.326 [main] INFO  c.a.cloud.nacos.refresh.NacosContextRefresher - [Nacos Config] Listening config: dataId=xiaohongshu-auth-dev.yaml, group=DEFAULT_GROUP
2026-09-02 21:14:58.327 [main] INFO  com.alibaba.nacos.client.config.impl.ClientWorker - [fixed-xiaohongshu-127.0.0.1_8848] [subscribe] xiaohongshu-auth+DEFAULT_GROUP+xiaohongshu
2026-09-02 21:14:58.328 [main] INFO  com.alibaba.nacos.client.config.impl.CacheData - [fixed-xiaohongshu-127.0.0.1_8848] [add-listener] ok, tenant=xiaohongshu, dataId=xiaohongshu-auth, group=DEFAULT_GROUP, cnt=1
2026-09-02 21:14:58.328 [main] INFO  c.a.cloud.nacos.refresh.NacosContextRefresher - [Nacos Config] Listening config: dataId=xiaohongshu-auth, group=DEFAULT_GROUP
2026-09-02 21:15:01.290 [http-nio-8080-exec-2] INFO  o.a.c.core.ContainerBase.[Tomcat].[localhost].[/] - Initializing Spring DispatcherServlet 'dispatcherServlet'
2026-09-02 21:15:01.290 [http-nio-8080-exec-2] INFO  org.springframework.web.servlet.DispatcherServlet - Initializing Servlet 'dispatcherServlet'
2026-09-02 21:15:01.292 [http-nio-8080-exec-2] INFO  org.springframework.web.servlet.DispatcherServlet - Completed initialization in 2 ms
2026-09-02 21:15:01.418 [http-nio-8080-exec-2] INFO  c.g.f.b.operationlog.aspect.ApiOperationLogAspect - ====== 请求开始: [发送短信验证码], 入参: {"phone":"19903236282"}, 请求类: VerificationCodeController, 请求方法: send =================================== 
2026-09-02 21:15:01.428 [http-nio-8080-exec-2] INFO  c.g.x.a.service.impl.VerificationCodeServiceImpl - ==> 手机号: 19903236282, 已生成验证码：【583499】
2026-09-02 21:15:01.429 [AuthExecutor-1] INFO  c.guoshisan.xiaohongshu.auth.sms.AliyunSmsHelper - ==> 开始短信发送, phone: 19903236282, signName: 速通互联验证码, templateCode: 100001, templateParam: {"code":"583499","min":"3"}
2026-09-02 21:15:01.434 [http-nio-8080-exec-2] INFO  c.g.f.b.operationlog.aspect.ApiOperationLogAspect - ====== 请求结束: [发送短信验证码], 耗时: 16ms, 出参: {"success":true,"message":null,"errorCode":null,"data":null} =================================== 
2026-09-02 21:15:12.863 [AuthExecutor-1] ERROR c.guoshisan.xiaohongshu.auth.sms.AliyunSmsHelper - ==> 短信发送错误: 
com.aliyun.tea.TeaUnretryableException: 不知道这样的主机。 (dypnsapi.aliyuncs.com)
	at com.aliyun.teaopenapi.Client.doRequest(Client.java:1093)
	at com.aliyun.teaopenapi.Client.callApi(Client.java:1289)
	at com.aliyun.dypnsapi20170525.Client.sendSmsVerifyCodeWithOptions(Client.java:1274)
	at com.guoshisan.xiaohongshu.auth.sms.AliyunSmsHelper.sendMessage(AliyunSmsHelper.java:43)
	at com.guoshisan.xiaohongshu.auth.service.impl.VerificationCodeServiceImpl.lambda$send$0(VerificationCodeServiceImpl.java:62)
	at java.base/java.util.concurrent.Executors$RunnableAdapter.call(Executors.java:539)
	at java.base/java.util.concurrent.FutureTask.run(FutureTask.java:264)
	at java.base/java.util.concurrent.ThreadPoolExecutor.runWorker(ThreadPoolExecutor.java:1136)
	at java.base/java.util.concurrent.ThreadPoolExecutor$Worker.run(ThreadPoolExecutor.java:635)
	at java.base/java.lang.Thread.run(Thread.java:842)
Caused by: com.aliyun.tea.TeaRetryableException: 不知道这样的主机。 (dypnsapi.aliyuncs.com)
	at com.aliyun.tea.Tea.doAction(Tea.java:73)
	at com.aliyun.tea.Tea.doAction(Tea.java:85)
	at com.aliyun.teaopenapi.Client.doRequest(Client.java:1017)
	... 9 common frames omitted
Caused by: java.net.UnknownHostException: 不知道这样的主机。 (dypnsapi.aliyuncs.com)
	at java.base/java.net.Inet6AddressImpl.lookupAllHostAddr(Native Method)
	at java.base/java.net.InetAddress$PlatformNameService.lookupAllHostAddr(InetAddress.java:933)
	at java.base/java.net.InetAddress.getAddressesFromNameService(InetAddress.java:1543)
	at java.base/java.net.InetAddress$NameServiceAddresses.get(InetAddress.java:852)
	at java.base/java.net.InetAddress.getAllByName0(InetAddress.java:1532)
	at java.base/java.net.InetAddress.getAllByName(InetAddress.java:1384)
	at java.base/java.net.InetAddress.getAllByName(InetAddress.java:1305)
	at okhttp3.Dns$Companion$DnsSystem.lookup(Dns.kt:49)
	at okhttp3.internal.connection.RouteSelector.resetNextInetSocketAddress(RouteSelector.kt:164)
	at okhttp3.internal.connection.RouteSelector.nextProxy(RouteSelector.kt:129)
	at okhttp3.internal.connection.RouteSelector.next(RouteSelector.kt:71)
	at okhttp3.internal.connection.ExchangeFinder.findConnection(ExchangeFinder.kt:205)
	at okhttp3.internal.connection.ExchangeFinder.findHealthyConnection(ExchangeFinder.kt:106)
	at okhttp3.internal.connection.ExchangeFinder.find(ExchangeFinder.kt:74)
	at okhttp3.internal.connection.RealCall.initExchange$okhttp(RealCall.kt:255)
	at okhttp3.internal.connection.ConnectInterceptor.intercept(ConnectInterceptor.kt:32)
	at okhttp3.internal.http.RealInterceptorChain.proceed(RealInterceptorChain.kt:109)
	at okhttp3.internal.cache.CacheInterceptor.intercept(CacheInterceptor.kt:95)
	at okhttp3.internal.http.RealInterceptorChain.proceed(RealInterceptorChain.kt:109)
	at okhttp3.internal.http.BridgeInterceptor.intercept(BridgeInterceptor.kt:83)
	at okhttp3.internal.http.RealInterceptorChain.proceed(RealInterceptorChain.kt:109)
	at okhttp3.internal.http.RetryAndFollowUpInterceptor.intercept(RetryAndFollowUpInterceptor.kt:76)
	at okhttp3.internal.http.RealInterceptorChain.proceed(RealInterceptorChain.kt:109)
	at okhttp3.internal.connection.RealCall.getResponseWithInterceptorChain$okhttp(RealCall.kt:201)
	at okhttp3.internal.connection.RealCall.execute(RealCall.kt:154)
	at com.aliyun.tea.Tea.doAction(Tea.java:70)
	... 11 common frames omitted
2026-09-02 21:16:12.190 [http-nio-8080-exec-5] INFO  c.g.f.b.operationlog.aspect.ApiOperationLogAspect - ====== 请求开始: [发送短信验证码], 入参: {"phone":"15033632536"}, 请求类: VerificationCodeController, 请求方法: send =================================== 
2026-09-02 21:16:12.192 [http-nio-8080-exec-5] INFO  c.g.x.a.service.impl.VerificationCodeServiceImpl - ==> 手机号: 15033632536, 已生成验证码：【425178】
2026-09-02 21:16:12.193 [AuthExecutor-2] INFO  c.guoshisan.xiaohongshu.auth.sms.AliyunSmsHelper - ==> 开始短信发送, phone: 15033632536, signName: 速通互联验证码, templateCode: 100001, templateParam: {"code":"425178","min":"3"}
2026-09-02 21:16:12.195 [http-nio-8080-exec-5] INFO  c.g.f.b.operationlog.aspect.ApiOperationLogAspect - ====== 请求结束: [发送短信验证码], 耗时: 5ms, 出参: {"success":true,"message":null,"errorCode":null,"data":null} =================================== 
2026-09-02 21:16:12.732 [AuthExecutor-2] INFO  c.guoshisan.xiaohongshu.auth.sms.AliyunSmsHelper - ==> 短信发送成功, response: {"headers":{"access-control-allow-origin":"*","date":"Wed, 02 Sep 2026 13:17:42 GMT","content-length":"135","keep-alive":"timeout=25","x-acs-request-id":"01A06244-A972-5C7F-9C00-692F562FE5DC","connection":"keep-alive","content-type":"application/json;charset=utf-8","etag":"14KLrhDKWzVlzUXp+AhHmbw5","access-control-expose-headers":"*","x-acs-trace-id":"5911853861ca3ca1397746bae5292428"},"statusCode":200,"body":{"accessDeniedDetail":null,"code":"OK","message":"OK","model":{"bizId":"736323188355062264^0","outId":null,"requestId":"c8115b01-5be7-4acc-af98-41301d1ce871","verifyCode":null},"requestId":null,"success":true}}
2026-09-02 21:16:27.824 [http-nio-8080-exec-6] INFO  c.g.f.b.operationlog.aspect.ApiOperationLogAspect - ====== 请求开始: [用户登录/注册], 入参: {"phone":"15033632536","code":"425178","password":null,"type":1}, 请求类: UserController, 请求方法: loginAndRegister =================================== 
2026-09-02 21:16:28.142 [http-nio-8080-exec-6] INFO  c.g.xiaohongshu.auth.service.impl.UserServiceImpl - ==> 用户是否注册, phone: 15033632536, userDTO: {"id":4,"xiaohongshuId":null,"password":null,"nickname":null,"avatar":null,"birthday":null,"backgroundImg":null,"phone":null,"sex":null,"status":null,"introduction":null,"createTime":null,"updateTime":null,"isDeleted":null}
2026-09-02 21:16:28.226 [http-nio-8080-exec-6] INFO  c.g.f.b.operationlog.aspect.ApiOperationLogAspect - ====== 请求结束: [用户登录/注册], 耗时: 402ms, 出参: {"success":true,"message":null,"errorCode":null,"data":"1HizLxcz8YZJaCDVVeviiRZyrSR2jbWAhKTAW5CpbpueESynPRr84Pkc0pvYbzneHLXjexkXoTwFyTWlLSyvDXpGU8thoSYcgnutBueBDX4ufFyUX7iq6AJZkghvUf9T"} =================================== 
2026-09-02 21:30:15.683 [http-nio-8080-exec-9] INFO  c.g.f.b.operationlog.aspect.ApiOperationLogAspect - ====== 请求开始: [用户登录/注册], 入参: {"phone":"15033632536","code":"425178","password":null,"type":1}, 请求类: UserController, 请求方法: loginAndRegister =================================== 
2026-09-02 21:30:15.688 [http-nio-8080-exec-9] WARN  c.g.x.auth.exception.GlobalExceptionHandler - /user/login request fail, errorCode: AUTH-20001, errorMessage: 验证码错误
2026-09-02 21:30:21.352 [http-nio-8080-exec-10] INFO  c.g.f.b.operationlog.aspect.ApiOperationLogAspect - ====== 请求开始: [发送短信验证码], 入参: {"phone":"15033632536"}, 请求类: VerificationCodeController, 请求方法: send =================================== 
2026-09-02 21:30:21.354 [http-nio-8080-exec-10] INFO  c.g.x.a.service.impl.VerificationCodeServiceImpl - ==> 手机号: 15033632536, 已生成验证码：【046258】
2026-09-02 21:30:21.355 [AuthExecutor-3] INFO  c.guoshisan.xiaohongshu.auth.sms.AliyunSmsHelper - ==> 开始短信发送, phone: 15033632536, signName: 速通互联验证码, templateCode: 100001, templateParam: {"code":"046258","min":"3"}
2026-09-02 21:30:21.358 [http-nio-8080-exec-10] INFO  c.g.f.b.operationlog.aspect.ApiOperationLogAspect - ====== 请求结束: [发送短信验证码], 耗时: 6ms, 出参: {"success":true,"message":null,"errorCode":null,"data":null} =================================== 
2026-09-02 21:30:21.846 [AuthExecutor-3] INFO  c.guoshisan.xiaohongshu.auth.sms.AliyunSmsHelper - ==> 短信发送成功, response: {"headers":{"access-control-allow-origin":"*","date":"Wed, 02 Sep 2026 13:31:51 GMT","content-length":"135","keep-alive":"timeout=25","x-acs-request-id":"01A06251-9E06-5F4C-BA82-FA61AC3D0C51","connection":"keep-alive","content-type":"application/json;charset=utf-8","etag":"1SDsnERHIBu00H2ts7MJM2A5","access-control-expose-headers":"*","x-acs-trace-id":"a26199503cdc0057cfc1312e958274b7"},"statusCode":200,"body":{"accessDeniedDetail":null,"code":"OK","message":"OK","model":{"bizId":"588320288355911344^0","outId":null,"requestId":"3b96d69e-fa9f-44d3-8388-26ce3e2fe7aa","verifyCode":null},"requestId":null,"success":true}}
2026-09-02 21:30:34.551 [http-nio-8080-exec-1] INFO  c.g.f.b.operationlog.aspect.ApiOperationLogAspect - ====== 请求开始: [用户登录/注册], 入参: {"phone":"15033632536","code":"046258","password":null,"type":1}, 请求类: UserController, 请求方法: loginAndRegister =================================== 
2026-09-02 21:30:34.559 [http-nio-8080-exec-1] INFO  c.g.xiaohongshu.auth.service.impl.UserServiceImpl - ==> 用户是否注册, phone: 15033632536, userDTO: null
2026-09-02 21:30:34.866 [http-nio-8080-exec-1] INFO  c.g.f.b.operationlog.aspect.ApiOperationLogAspect - ====== 请求结束: [用户登录/注册], 耗时: 315ms, 出参: {"success":true,"message":null,"errorCode":null,"data":"Tils8df2bmpr4mTDOfUfWEfJfvCC55HIdnrce86uIOOBk7KopDOhd5OzVGof8g2JBrPbXGxF8xRiXXUwxnPZaEdO9DuDULHpItYRWXbTWF18wUqJhgSqXvssOINl8URm"} =================================== 
2026-09-02 21:41:57.692 [Thread-9] WARN  com.alibaba.nacos.common.notify.NotifyCenter - [NotifyCenter] Start destroying Publisher
2026-09-02 21:41:57.692 [Thread-2] WARN  c.alibaba.nacos.common.http.HttpClientBeanHolder - [HttpClientBeanHolder] Start destroying common HttpClient
2026-09-02 21:41:57.692 [Thread-9] WARN  com.alibaba.nacos.common.notify.NotifyCenter - [NotifyCenter] Destruction of the end
2026-09-02 21:41:57.693 [Thread-2] WARN  c.alibaba.nacos.common.http.HttpClientBeanHolder - [HttpClientBeanHolder] Destruction of the end
2026-09-02 21:41:57.739 [SpringApplicationShutdownHook] INFO  c.a.cloud.nacos.registry.NacosServiceRegistry - De-registering from Nacos Server now...
2026-09-02 21:41:57.740 [SpringApplicationShutdownHook] INFO  com.alibaba.nacos.client.naming - [DEREGISTER-SERVICE] xiaohongshu deregistering service xiaohongshu-auth with instance: Instance{instanceId='null', ip='192.168.0.103', port=8080, weight=1.0, healthy=true, enabled=true, ephemeral=true, clusterName='DEFAULT', serviceName='null', metadata={}}
2026-09-02 21:41:57.743 [SpringApplicationShutdownHook] INFO  c.a.cloud.nacos.registry.NacosServiceRegistry - De-registration finished.
2026-09-02 21:41:57.744 [SpringApplicationShutdownHook] INFO  com.alibaba.nacos.client.naming - com.alibaba.nacos.client.naming.cache.ServiceInfoHolder do shutdown begin
2026-09-02 21:41:57.744 [SpringApplicationShutdownHook] INFO  com.alibaba.nacos.client.naming - com.alibaba.nacos.client.naming.backups.FailoverReactor do shutdown begin
2026-09-02 21:41:57.744 [SpringApplicationShutdownHook] INFO  com.alibaba.nacos.client.naming - com.alibaba.nacos.client.naming.backups.FailoverReactor do shutdown stop
2026-09-02 21:41:57.744 [SpringApplicationShutdownHook] INFO  com.alibaba.nacos.client.naming - com.alibaba.nacos.client.naming.cache.ServiceInfoHolder do shutdown stop
2026-09-02 21:41:57.744 [SpringApplicationShutdownHook] INFO  com.alibaba.nacos.client.naming - com.alibaba.nacos.client.naming.remote.NamingClientProxyDelegate do shutdown begin
2026-09-02 21:41:57.744 [SpringApplicationShutdownHook] INFO  com.alibaba.nacos.client.naming - com.alibaba.nacos.client.naming.core.ServiceInfoUpdateService do shutdown begin
2026-09-02 21:41:57.745 [SpringApplicationShutdownHook] INFO  com.alibaba.nacos.client.naming - com.alibaba.nacos.client.naming.core.ServiceInfoUpdateService do shutdown stop
2026-09-02 21:41:57.745 [SpringApplicationShutdownHook] INFO  com.alibaba.nacos.client.naming - com.alibaba.nacos.client.naming.core.ServerListManager do shutdown begin
2026-09-02 21:41:57.745 [SpringApplicationShutdownHook] WARN  com.alibaba.nacos.client.naming - [NamingHttpClientManager] Start destroying NacosRestTemplate
2026-09-02 21:41:57.745 [SpringApplicationShutdownHook] WARN  com.alibaba.nacos.client.naming - [NamingHttpClientManager] Destruction of the end
2026-09-02 21:41:57.745 [SpringApplicationShutdownHook] INFO  com.alibaba.nacos.client.naming - com.alibaba.nacos.client.naming.core.ServerListManager do shutdown stop
2026-09-02 21:41:57.745 [SpringApplicationShutdownHook] INFO  com.alibaba.nacos.client.naming - com.alibaba.nacos.client.naming.remote.http.NamingHttpClientProxy do shutdown begin
2026-09-02 21:41:57.745 [SpringApplicationShutdownHook] WARN  com.alibaba.nacos.client.naming - [NamingHttpClientManager] Start destroying NacosRestTemplate
2026-09-02 21:41:57.745 [SpringApplicationShutdownHook] WARN  com.alibaba.nacos.client.naming - [NamingHttpClientManager] Destruction of the end
2026-09-02 21:41:57.745 [SpringApplicationShutdownHook] INFO  com.alibaba.nacos.client.naming - com.alibaba.nacos.client.naming.remote.http.NamingHttpClientProxy do shutdown stop
2026-09-02 21:41:57.745 [SpringApplicationShutdownHook] INFO  com.alibaba.nacos.common.remote.client - Shutdown rpc client, set status to shutdown
2026-09-02 21:41:57.745 [SpringApplicationShutdownHook] INFO  com.alibaba.nacos.common.remote.client - Shutdown client event executor java.util.concurrent.ScheduledThreadPoolExecutor@2c3edf2b[Running, pool size = 2, active threads = 2, queued tasks = 0, completed tasks = 0]
2026-09-02 21:41:57.745 [SpringApplicationShutdownHook] INFO  com.alibaba.nacos.common.remote.client - Close current connection 1788354897201_172.17.0.1_43686
2026-09-02 21:41:57.748 [nacos-grpc-client-executor-127.0.0.1-342] INFO  c.a.nacos.common.remote.client.grpc.GrpcClient - [1788354897201_172.17.0.1_43686]Ignore complete event,isRunning:false,isAbandon=false
2026-09-02 21:41:57.749 [SpringApplicationShutdownHook] INFO  c.a.nacos.common.remote.client.grpc.GrpcClient - Shutdown grpc executor java.util.concurrent.ThreadPoolExecutor@2474d9fc[Running, pool size = 4, active threads = 0, queued tasks = 0, completed tasks = 343]
2026-09-02 21:41:57.749 [SpringApplicationShutdownHook] INFO  com.alibaba.nacos.client.naming - Shutdown grpc redo service executor java.util.concurrent.ScheduledThreadPoolExecutor@15a8e761[Running, pool size = 1, active threads = 0, queued tasks = 1, completed tasks = 538]
2026-09-02 21:41:57.749 [SpringApplicationShutdownHook] INFO  c.a.n.client.auth.ram.identify.CredentialWatcher - [null] CredentialWatcher is stopped
2026-09-02 21:41:57.750 [SpringApplicationShutdownHook] INFO  c.a.n.client.auth.ram.identify.CredentialService - [null] CredentialService is freed
2026-09-02 21:41:57.750 [SpringApplicationShutdownHook] INFO  com.alibaba.nacos.client.naming - com.alibaba.nacos.client.naming.remote.NamingClientProxyDelegate do shutdown stop
2026-09-02 21:41:57.755 [com.alibaba.nacos.client.Worker] INFO  c.a.n.client.auth.ram.identify.CredentialWatcher - null No credential found
2026-09-02 21:41:57.867 [SpringApplicationShutdownHook] INFO  com.alibaba.druid.pool.DruidDataSource - {dataSource-1} closing ...
2026-09-02 21:41:57.869 [SpringApplicationShutdownHook] INFO  com.alibaba.druid.pool.DruidDataSource - {dataSource-1} closed
2026-09-02 21:42:03.092 [main] WARN  com.alibaba.nacos.client.logging.NacosLogging - Load Logback Configuration of Nacos fail, message: Could not initialize Logback Nacos logging from classpath:nacos-logback.xml
2026-09-02 21:42:03.160 [main] WARN  com.alibaba.nacos.client.logging.NacosLogging - Load Logback Configuration of Nacos fail, message: Could not initialize Logback Nacos logging from classpath:nacos-logback.xml
2026-09-02 21:42:03.410 [main] WARN  com.alibaba.nacos.client.logging.NacosLogging - Load Logback Configuration of Nacos fail, message: Could not initialize Logback Nacos logging from classpath:nacos-logback.xml
2026-09-02 21:42:03.411 [main] INFO  com.alibaba.nacos.client.utils.ParamUtil - [settings] [req-serv] nacos-server port:8848
2026-09-02 21:42:03.412 [main] INFO  com.alibaba.nacos.client.utils.ParamUtil - [settings] [http-client] connect timeout:1000
2026-09-02 21:42:03.413 [main] INFO  com.alibaba.nacos.client.utils.ParamUtil - PER_TASK_CONFIG_SIZE: 3000.0
2026-09-02 21:42:03.441 [main] INFO  c.a.n.p.auth.spi.client.ClientAuthPluginManager - [ClientAuthPluginManager] Load ClientAuthService com.alibaba.nacos.client.auth.impl.NacosClientAuthServiceImpl success.
2026-09-02 21:42:03.441 [main] INFO  c.a.n.p.auth.spi.client.ClientAuthPluginManager - [ClientAuthPluginManager] Load ClientAuthService com.alibaba.nacos.client.auth.ram.RamClientAuthServiceImpl success.
2026-09-02 21:42:03.444 [main] INFO  c.a.n.client.auth.ram.identify.CredentialWatcher - null No credential found
2026-09-02 21:42:04.149 [main] WARN  com.alibaba.nacos.client.logging.NacosLogging - Load Logback Configuration of Nacos fail, message: Could not initialize Logback Nacos logging from classpath:nacos-logback.xml
2026-09-02 21:42:04.162 [main] INFO  c.a.n.client.config.impl.LocalConfigInfoProcessor - LOCAL_SNAPSHOT_PATH:C:\Users\Administrator\nacos\config
2026-09-02 21:42:04.165 [main] INFO  com.alibaba.nacos.common.remote.client - [RpcClientFactory] create a new rpc client of a9548252-3226-4103-b2bf-03912b1d19b5_config-0
2026-09-02 21:42:04.183 [main] INFO  com.alibaba.nacos.common.remote.client - [a9548252-3226-4103-b2bf-03912b1d19b5_config-0] Register server push request handler:com.alibaba.nacos.client.config.impl.ClientWorker$ConfigRpcTransportClient$$Lambda$585/0x000001b326391060
2026-09-02 21:42:04.185 [main] INFO  com.alibaba.nacos.common.remote.client - [a9548252-3226-4103-b2bf-03912b1d19b5_config-0] Register server push request handler:com.alibaba.nacos.client.config.impl.ClientWorker$ConfigRpcTransportClient$$Lambda$586/0x000001b326391480
2026-09-02 21:42:04.186 [main] INFO  com.alibaba.nacos.common.remote.client - [a9548252-3226-4103-b2bf-03912b1d19b5_config-0] Registry connection listener to current client:com.alibaba.nacos.client.config.impl.ClientWorker$ConfigRpcTransportClient$1
2026-09-02 21:42:04.186 [main] INFO  com.alibaba.nacos.common.remote.client - [a9548252-3226-4103-b2bf-03912b1d19b5_config-0] RpcClient init, ServerListFactory = com.alibaba.nacos.client.config.impl.ClientWorker$ConfigRpcTransportClient$2
2026-09-02 21:42:04.195 [main] INFO  com.alibaba.nacos.common.remote.client - [a9548252-3226-4103-b2bf-03912b1d19b5_config-0] Try to connect to server on start up, server: {serverIp = '127.0.0.1', server main port = 8848}
2026-09-02 21:42:04.252 [main] INFO  c.a.nacos.common.remote.client.grpc.GrpcClient - grpc client connection server:127.0.0.1 ip,serverPort:9848,grpcTslConfig:{"sslProvider":"OPENSSL","enableTls":false,"mutualAuthEnable":false,"trustAll":false}
2026-09-02 21:42:05.431 [main] INFO  com.alibaba.nacos.common.remote.client - [a9548252-3226-4103-b2bf-03912b1d19b5_config-0] Success to connect to server [127.0.0.1:8848] on start up, connectionId = 1788356525243_172.17.0.1_44426
2026-09-02 21:42:05.431 [com.alibaba.nacos.client.remote.worker] INFO  com.alibaba.nacos.common.remote.client - [a9548252-3226-4103-b2bf-03912b1d19b5_config-0] Notify connected event to listeners.
2026-09-02 21:42:05.431 [com.alibaba.nacos.client.remote.worker] INFO  com.alibaba.nacos.client.config.impl.ClientWorker - [a9548252-3226-4103-b2bf-03912b1d19b5_config-0] Connected,notify listen context...
2026-09-02 21:42:05.431 [main] INFO  com.alibaba.nacos.common.remote.client - [a9548252-3226-4103-b2bf-03912b1d19b5_config-0] Register server push request handler:com.alibaba.nacos.common.remote.client.RpcClient$ConnectResetRequestHandler
2026-09-02 21:42:05.431 [main] INFO  com.alibaba.nacos.common.remote.client - [a9548252-3226-4103-b2bf-03912b1d19b5_config-0] Register server push request handler:com.alibaba.nacos.common.remote.client.RpcClient$$Lambda$606/0x000001b3264d9ed8
2026-09-02 21:42:05.470 [main] INFO  com.alibaba.nacos.client.config.impl.Limiter - limitTime:5.0
2026-09-02 21:42:05.498 [main] INFO  com.alibaba.nacos.client.config.utils.JvmUtil - isMultiInstance:false
2026-09-02 21:42:05.513 [main] WARN  c.a.cloud.nacos.client.NacosPropertySourceBuilder - Ignore the empty nacos configuration and get it based on dataId[xiaohongshu-auth.yaml] & group[DEFAULT_GROUP]
2026-09-02 21:42:05.534 [main] INFO  o.s.c.b.c.PropertySourceBootstrapConfiguration - Located property source: [BootstrapPropertySource {name='bootstrapProperties-xiaohongshu-auth-dev.yaml,DEFAULT_GROUP'}, BootstrapPropertySource {name='bootstrapProperties-xiaohongshu-auth.yaml,DEFAULT_GROUP'}, BootstrapPropertySource {name='bootstrapProperties-xiaohongshu-auth,DEFAULT_GROUP'}]
2026-09-02 21:42:05.558 [main] WARN  com.alibaba.nacos.client.logging.NacosLogging - Load Logback Configuration of Nacos fail, message: Could not initialize Logback Nacos logging from classpath:nacos-logback.xml
2026-09-02 21:42:05.559 [main] INFO  c.g.xiaohongshu.auth.XiaohongshuAuthApplication - The following 1 profile is active: "dev"
2026-09-02 21:42:06.199 [main] INFO  o.s.d.r.config.RepositoryConfigurationDelegate - Multiple Spring Data modules found, entering strict repository configuration mode
2026-09-02 21:42:06.202 [main] INFO  o.s.d.r.config.RepositoryConfigurationDelegate - Bootstrapping Spring Data Redis repositories in DEFAULT mode.
2026-09-02 21:42:06.233 [main] INFO  o.s.d.r.config.RepositoryConfigurationDelegate - Finished Spring Data repository scanning in 15 ms. Found 0 Redis repository interfaces.
2026-09-02 21:42:06.409 [main] INFO  o.springframework.cloud.context.scope.GenericScope - BeanFactory id=e975a4a9-1ce7-3108-84ca-3ebf7bd491e7
2026-09-02 21:42:07.058 [main] INFO  o.s.boot.web.embedded.tomcat.TomcatWebServer - Tomcat initialized with port(s): 8080 (http)
2026-09-02 21:42:07.066 [main] INFO  org.apache.catalina.core.StandardService - Starting service [Tomcat]
2026-09-02 21:42:07.066 [main] INFO  org.apache.catalina.core.StandardEngine - Starting Servlet engine: [Apache Tomcat/10.1.5]
2026-09-02 21:42:07.142 [main] INFO  o.a.c.core.ContainerBase.[Tomcat].[localhost].[/] - Initializing Spring embedded WebApplicationContext
2026-09-02 21:42:07.142 [main] INFO  o.s.b.w.s.c.ServletWebServerApplicationContext - Root WebApplicationContext: initialization completed in 1565 ms
2026-09-02 21:42:07.234 [main] INFO  c.a.d.s.b.a.DruidDataSourceAutoConfigure - Init DruidDataSource
2026-09-02 21:42:07.632 [main] INFO  com.alibaba.druid.pool.DruidDataSource - {dataSource-1} inited
2026-09-02 21:42:09.924 [main] INFO  o.s.boot.web.embedded.tomcat.TomcatWebServer - Tomcat started on port(s): 8080 (http) with context path ''
2026-09-02 21:42:09.927 [main] INFO  com.alibaba.nacos.client.naming - initializer namespace from ans.namespace attribute : null
2026-09-02 21:42:09.928 [main] INFO  com.alibaba.nacos.client.naming - initializer namespace from ALIBABA_ALIWARE_NAMESPACE attribute :null
2026-09-02 21:42:09.928 [main] INFO  com.alibaba.nacos.client.naming - initializer namespace from namespace attribute :null
2026-09-02 21:42:09.934 [main] INFO  c.a.n.p.auth.spi.client.ClientAuthPluginManager - [ClientAuthPluginManager] Load ClientAuthService com.alibaba.nacos.client.auth.impl.NacosClientAuthServiceImpl success.
2026-09-02 21:42:09.935 [main] INFO  c.a.n.p.auth.spi.client.ClientAuthPluginManager - [ClientAuthPluginManager] Load ClientAuthService com.alibaba.nacos.client.auth.ram.RamClientAuthServiceImpl success.
2026-09-02 21:42:09.937 [main] INFO  com.alibaba.nacos.common.remote.client - [RpcClientFactory] create a new rpc client of 2677b03c-9077-4fcf-af6c-d26bc6319606
2026-09-02 21:42:09.939 [main] INFO  com.alibaba.nacos.common.remote.client - [2677b03c-9077-4fcf-af6c-d26bc6319606] RpcClient init, ServerListFactory = com.alibaba.nacos.client.naming.core.ServerListManager
2026-09-02 21:42:09.939 [main] INFO  com.alibaba.nacos.common.remote.client - [2677b03c-9077-4fcf-af6c-d26bc6319606] Registry connection listener to current client:com.alibaba.nacos.client.naming.remote.gprc.redo.NamingGrpcRedoService
2026-09-02 21:42:09.939 [main] INFO  com.alibaba.nacos.common.remote.client - [2677b03c-9077-4fcf-af6c-d26bc6319606] Register server push request handler:com.alibaba.nacos.client.naming.remote.gprc.NamingPushRequestHandler
2026-09-02 21:42:09.940 [main] INFO  com.alibaba.nacos.common.remote.client - [2677b03c-9077-4fcf-af6c-d26bc6319606] Try to connect to server on start up, server: {serverIp = '127.0.0.1', server main port = 8848}
2026-09-02 21:42:09.940 [main] INFO  c.a.nacos.common.remote.client.grpc.GrpcClient - grpc client connection server:127.0.0.1 ip,serverPort:9848,grpcTslConfig:{"sslProvider":"OPENSSL","enableTls":false,"mutualAuthEnable":false,"trustAll":false}
2026-09-02 21:42:10.058 [main] INFO  com.alibaba.nacos.common.remote.client - [2677b03c-9077-4fcf-af6c-d26bc6319606] Success to connect to server [127.0.0.1:8848] on start up, connectionId = 1788356529945_172.17.0.1_44428
2026-09-02 21:42:10.059 [com.alibaba.nacos.client.remote.worker] INFO  com.alibaba.nacos.common.remote.client - [2677b03c-9077-4fcf-af6c-d26bc6319606] Notify connected event to listeners.
2026-09-02 21:42:10.059 [com.alibaba.nacos.client.remote.worker] INFO  com.alibaba.nacos.client.naming - Grpc connection connect
2026-09-02 21:42:10.059 [main] INFO  com.alibaba.nacos.common.remote.client - [2677b03c-9077-4fcf-af6c-d26bc6319606] Register server push request handler:com.alibaba.nacos.common.remote.client.RpcClient$ConnectResetRequestHandler
2026-09-02 21:42:10.059 [main] INFO  com.alibaba.nacos.common.remote.client - [2677b03c-9077-4fcf-af6c-d26bc6319606] Register server push request handler:com.alibaba.nacos.common.remote.client.RpcClient$$Lambda$606/0x000001b3264d9ed8
2026-09-02 21:42:10.060 [main] INFO  com.alibaba.nacos.client.naming - [REGISTER-SERVICE] xiaohongshu registering service xiaohongshu-auth with instance Instance{instanceId='null', ip='192.168.0.103', port=8080, weight=1.0, healthy=true, enabled=true, ephemeral=true, clusterName='DEFAULT', serviceName='null', metadata={IPv6=null, preserved.register.source=SPRING_CLOUD}}
2026-09-02 21:42:10.294 [main] INFO  c.a.cloud.nacos.registry.NacosServiceRegistry - nacos registry, DEFAULT_GROUP xiaohongshu-auth 192.168.0.103:8080 register finished
2026-09-02 21:42:10.732 [main] INFO  c.g.xiaohongshu.auth.XiaohongshuAuthApplication - Started XiaohongshuAuthApplication in 8.677 seconds (process running for 9.325)
2026-09-02 21:42:10.733 [main] INFO  c.g.x.auth.runner.PushRolePermissions2RedisRunner - ==> 服务启动，开始同步角色权限数据到 Redis 中...
2026-09-02 21:42:11.154 [main] WARN  c.g.x.auth.runner.PushRolePermissions2RedisRunner - ==> 角色权限数据已经同步至 Redis 中，不再同步...
2026-09-02 21:42:11.157 [main] INFO  com.alibaba.nacos.client.config.impl.CacheData - nacos.cache.data.init.snapshot = true 
2026-09-02 21:42:11.158 [main] INFO  com.alibaba.nacos.client.config.impl.ClientWorker - [fixed-xiaohongshu-127.0.0.1_8848] [subscribe] xiaohongshu-auth.yaml+DEFAULT_GROUP+xiaohongshu
2026-09-02 21:42:11.165 [main] INFO  com.alibaba.nacos.client.config.impl.CacheData - [fixed-xiaohongshu-127.0.0.1_8848] [add-listener] ok, tenant=xiaohongshu, dataId=xiaohongshu-auth.yaml, group=DEFAULT_GROUP, cnt=1
2026-09-02 21:42:11.165 [main] INFO  c.a.cloud.nacos.refresh.NacosContextRefresher - [Nacos Config] Listening config: dataId=xiaohongshu-auth.yaml, group=DEFAULT_GROUP
2026-09-02 21:42:11.167 [main] INFO  com.alibaba.nacos.client.config.impl.ClientWorker - [fixed-xiaohongshu-127.0.0.1_8848] [subscribe] xiaohongshu-auth-dev.yaml+DEFAULT_GROUP+xiaohongshu
2026-09-02 21:42:11.167 [main] INFO  com.alibaba.nacos.client.config.impl.CacheData - [fixed-xiaohongshu-127.0.0.1_8848] [add-listener] ok, tenant=xiaohongshu, dataId=xiaohongshu-auth-dev.yaml, group=DEFAULT_GROUP, cnt=1
2026-09-02 21:42:11.167 [main] INFO  c.a.cloud.nacos.refresh.NacosContextRefresher - [Nacos Config] Listening config: dataId=xiaohongshu-auth-dev.yaml, group=DEFAULT_GROUP
2026-09-02 21:42:11.168 [main] INFO  com.alibaba.nacos.client.config.impl.ClientWorker - [fixed-xiaohongshu-127.0.0.1_8848] [subscribe] xiaohongshu-auth+DEFAULT_GROUP+xiaohongshu
2026-09-02 21:42:11.169 [main] INFO  com.alibaba.nacos.client.config.impl.CacheData - [fixed-xiaohongshu-127.0.0.1_8848] [add-listener] ok, tenant=xiaohongshu, dataId=xiaohongshu-auth, group=DEFAULT_GROUP, cnt=1
2026-09-02 21:42:11.169 [main] INFO  c.a.cloud.nacos.refresh.NacosContextRefresher - [Nacos Config] Listening config: dataId=xiaohongshu-auth, group=DEFAULT_GROUP
2026-09-02 21:42:36.830 [Thread-9] WARN  com.alibaba.nacos.common.notify.NotifyCenter - [NotifyCenter] Start destroying Publisher
2026-09-02 21:42:36.830 [Thread-2] WARN  c.alibaba.nacos.common.http.HttpClientBeanHolder - [HttpClientBeanHolder] Start destroying common HttpClient
2026-09-02 21:42:36.831 [Thread-9] WARN  com.alibaba.nacos.common.notify.NotifyCenter - [NotifyCenter] Destruction of the end
2026-09-02 21:42:36.831 [Thread-2] WARN  c.alibaba.nacos.common.http.HttpClientBeanHolder - [HttpClientBeanHolder] Destruction of the end
2026-09-02 21:42:36.876 [SpringApplicationShutdownHook] INFO  c.a.cloud.nacos.registry.NacosServiceRegistry - De-registering from Nacos Server now...
2026-09-02 21:42:36.876 [SpringApplicationShutdownHook] INFO  com.alibaba.nacos.client.naming - [DEREGISTER-SERVICE] xiaohongshu deregistering service xiaohongshu-auth with instance: Instance{instanceId='null', ip='192.168.0.103', port=8080, weight=1.0, healthy=true, enabled=true, ephemeral=true, clusterName='DEFAULT', serviceName='null', metadata={}}
2026-09-02 21:42:36.880 [SpringApplicationShutdownHook] INFO  c.a.cloud.nacos.registry.NacosServiceRegistry - De-registration finished.
2026-09-02 21:42:36.881 [SpringApplicationShutdownHook] INFO  com.alibaba.nacos.client.naming - com.alibaba.nacos.client.naming.cache.ServiceInfoHolder do shutdown begin
2026-09-02 21:42:36.881 [SpringApplicationShutdownHook] INFO  com.alibaba.nacos.client.naming - com.alibaba.nacos.client.naming.backups.FailoverReactor do shutdown begin
2026-09-02 21:42:36.881 [SpringApplicationShutdownHook] INFO  com.alibaba.nacos.client.naming - com.alibaba.nacos.client.naming.backups.FailoverReactor do shutdown stop
2026-09-02 21:42:36.881 [SpringApplicationShutdownHook] INFO  com.alibaba.nacos.client.naming - com.alibaba.nacos.client.naming.cache.ServiceInfoHolder do shutdown stop
2026-09-02 21:42:36.881 [SpringApplicationShutdownHook] INFO  com.alibaba.nacos.client.naming - com.alibaba.nacos.client.naming.remote.NamingClientProxyDelegate do shutdown begin
2026-09-02 21:42:36.881 [SpringApplicationShutdownHook] INFO  com.alibaba.nacos.client.naming - com.alibaba.nacos.client.naming.core.ServiceInfoUpdateService do shutdown begin
2026-09-02 21:42:36.881 [SpringApplicationShutdownHook] INFO  com.alibaba.nacos.client.naming - com.alibaba.nacos.client.naming.core.ServiceInfoUpdateService do shutdown stop
2026-09-02 21:42:36.881 [SpringApplicationShutdownHook] INFO  com.alibaba.nacos.client.naming - com.alibaba.nacos.client.naming.core.ServerListManager do shutdown begin
2026-09-02 21:42:36.881 [SpringApplicationShutdownHook] WARN  com.alibaba.nacos.client.naming - [NamingHttpClientManager] Start destroying NacosRestTemplate
2026-09-02 21:42:36.882 [SpringApplicationShutdownHook] WARN  com.alibaba.nacos.client.naming - [NamingHttpClientManager] Destruction of the end
2026-09-02 21:42:36.882 [SpringApplicationShutdownHook] INFO  com.alibaba.nacos.client.naming - com.alibaba.nacos.client.naming.core.ServerListManager do shutdown stop
2026-09-02 21:42:36.882 [SpringApplicationShutdownHook] INFO  com.alibaba.nacos.client.naming - com.alibaba.nacos.client.naming.remote.http.NamingHttpClientProxy do shutdown begin
2026-09-02 21:42:36.882 [SpringApplicationShutdownHook] WARN  com.alibaba.nacos.client.naming - [NamingHttpClientManager] Start destroying NacosRestTemplate
2026-09-02 21:42:36.882 [SpringApplicationShutdownHook] WARN  com.alibaba.nacos.client.naming - [NamingHttpClientManager] Destruction of the end
2026-09-02 21:42:36.882 [SpringApplicationShutdownHook] INFO  com.alibaba.nacos.client.naming - com.alibaba.nacos.client.naming.remote.http.NamingHttpClientProxy do shutdown stop
2026-09-02 21:42:36.882 [SpringApplicationShutdownHook] INFO  com.alibaba.nacos.common.remote.client - Shutdown rpc client, set status to shutdown
2026-09-02 21:42:36.882 [SpringApplicationShutdownHook] INFO  com.alibaba.nacos.common.remote.client - Shutdown client event executor java.util.concurrent.ScheduledThreadPoolExecutor@109e25ce[Running, pool size = 2, active threads = 2, queued tasks = 0, completed tasks = 0]
2026-09-02 21:42:36.882 [SpringApplicationShutdownHook] INFO  com.alibaba.nacos.common.remote.client - Close current connection 1788356529945_172.17.0.1_44428
2026-09-02 21:42:36.885 [nacos-grpc-client-executor-127.0.0.1-13] WARN  c.a.nacos.common.remote.client.grpc.GrpcClient - [1788356529945_172.17.0.1_44428]Ignore error event,isRunning:false,isAbandon=false
2026-09-02 21:42:36.886 [SpringApplicationShutdownHook] INFO  c.a.nacos.common.remote.client.grpc.GrpcClient - Shutdown grpc executor java.util.concurrent.ThreadPoolExecutor@338ad95b[Running, pool size = 5, active threads = 0, queued tasks = 0, completed tasks = 14]
2026-09-02 21:42:36.887 [SpringApplicationShutdownHook] INFO  com.alibaba.nacos.client.naming - Shutdown grpc redo service executor java.util.concurrent.ScheduledThreadPoolExecutor@62ae438f[Running, pool size = 1, active threads = 0, queued tasks = 1, completed tasks = 8]
2026-09-02 21:42:36.887 [SpringApplicationShutdownHook] INFO  c.a.n.client.auth.ram.identify.CredentialWatcher - [null] CredentialWatcher is stopped
2026-09-02 21:42:36.887 [SpringApplicationShutdownHook] INFO  c.a.n.client.auth.ram.identify.CredentialService - [null] CredentialService is freed
2026-09-02 21:42:36.887 [SpringApplicationShutdownHook] INFO  com.alibaba.nacos.client.naming - com.alibaba.nacos.client.naming.remote.NamingClientProxyDelegate do shutdown stop
2026-09-02 21:42:37.016 [SpringApplicationShutdownHook] INFO  com.alibaba.druid.pool.DruidDataSource - {dataSource-1} closing ...
2026-09-02 21:42:37.021 [SpringApplicationShutdownHook] INFO  com.alibaba.druid.pool.DruidDataSource - {dataSource-1} closed
2026-09-02 21:42:42.128 [main] WARN  com.alibaba.nacos.client.logging.NacosLogging - Load Logback Configuration of Nacos fail, message: Could not initialize Logback Nacos logging from classpath:nacos-logback.xml
2026-09-02 21:42:42.197 [main] WARN  com.alibaba.nacos.client.logging.NacosLogging - Load Logback Configuration of Nacos fail, message: Could not initialize Logback Nacos logging from classpath:nacos-logback.xml
2026-09-02 21:42:42.412 [main] WARN  com.alibaba.nacos.client.logging.NacosLogging - Load Logback Configuration of Nacos fail, message: Could not initialize Logback Nacos logging from classpath:nacos-logback.xml
2026-09-02 21:42:42.414 [main] INFO  com.alibaba.nacos.client.utils.ParamUtil - [settings] [req-serv] nacos-server port:8848
2026-09-02 21:42:42.414 [main] INFO  com.alibaba.nacos.client.utils.ParamUtil - [settings] [http-client] connect timeout:1000
2026-09-02 21:42:42.415 [main] INFO  com.alibaba.nacos.client.utils.ParamUtil - PER_TASK_CONFIG_SIZE: 3000.0
2026-09-02 21:42:42.444 [main] INFO  c.a.n.p.auth.spi.client.ClientAuthPluginManager - [ClientAuthPluginManager] Load ClientAuthService com.alibaba.nacos.client.auth.impl.NacosClientAuthServiceImpl success.
2026-09-02 21:42:42.444 [main] INFO  c.a.n.p.auth.spi.client.ClientAuthPluginManager - [ClientAuthPluginManager] Load ClientAuthService com.alibaba.nacos.client.auth.ram.RamClientAuthServiceImpl success.
2026-09-02 21:42:42.456 [main] INFO  c.a.n.client.auth.ram.identify.CredentialWatcher - null No credential found
2026-09-02 21:42:43.409 [main] WARN  com.alibaba.nacos.client.logging.NacosLogging - Load Logback Configuration of Nacos fail, message: Could not initialize Logback Nacos logging from classpath:nacos-logback.xml
2026-09-02 21:42:43.433 [main] INFO  c.a.n.client.config.impl.LocalConfigInfoProcessor - LOCAL_SNAPSHOT_PATH:C:\Users\Administrator\nacos\config
2026-09-02 21:42:43.439 [main] INFO  com.alibaba.nacos.common.remote.client - [RpcClientFactory] create a new rpc client of 28034a46-d391-4ab2-8982-dce10b120b55_config-0
2026-09-02 21:42:43.467 [main] INFO  com.alibaba.nacos.common.remote.client - [28034a46-d391-4ab2-8982-dce10b120b55_config-0] Register server push request handler:com.alibaba.nacos.client.config.impl.ClientWorker$ConfigRpcTransportClient$$Lambda$585/0x000002d121391060
2026-09-02 21:42:43.467 [main] INFO  com.alibaba.nacos.common.remote.client - [28034a46-d391-4ab2-8982-dce10b120b55_config-0] Register server push request handler:com.alibaba.nacos.client.config.impl.ClientWorker$ConfigRpcTransportClient$$Lambda$586/0x000002d121391480
2026-09-02 21:42:43.468 [main] INFO  com.alibaba.nacos.common.remote.client - [28034a46-d391-4ab2-8982-dce10b120b55_config-0] Registry connection listener to current client:com.alibaba.nacos.client.config.impl.ClientWorker$ConfigRpcTransportClient$1
2026-09-02 21:42:43.468 [main] INFO  com.alibaba.nacos.common.remote.client - [28034a46-d391-4ab2-8982-dce10b120b55_config-0] RpcClient init, ServerListFactory = com.alibaba.nacos.client.config.impl.ClientWorker$ConfigRpcTransportClient$2
2026-09-02 21:42:43.482 [main] INFO  com.alibaba.nacos.common.remote.client - [28034a46-d391-4ab2-8982-dce10b120b55_config-0] Try to connect to server on start up, server: {serverIp = '127.0.0.1', server main port = 8848}
2026-09-02 21:42:43.573 [main] INFO  c.a.nacos.common.remote.client.grpc.GrpcClient - grpc client connection server:127.0.0.1 ip,serverPort:9848,grpcTslConfig:{"sslProvider":"OPENSSL","enableTls":false,"mutualAuthEnable":false,"trustAll":false}
2026-09-02 21:42:45.154 [main] INFO  com.alibaba.nacos.common.remote.client - [28034a46-d391-4ab2-8982-dce10b120b55_config-0] Success to connect to server [127.0.0.1:8848] on start up, connectionId = 1788356564946_172.17.0.1_37842
2026-09-02 21:42:45.154 [com.alibaba.nacos.client.remote.worker] INFO  com.alibaba.nacos.common.remote.client - [28034a46-d391-4ab2-8982-dce10b120b55_config-0] Notify connected event to listeners.
2026-09-02 21:42:45.154 [com.alibaba.nacos.client.remote.worker] INFO  com.alibaba.nacos.client.config.impl.ClientWorker - [28034a46-d391-4ab2-8982-dce10b120b55_config-0] Connected,notify listen context...
2026-09-02 21:42:45.154 [main] INFO  com.alibaba.nacos.common.remote.client - [28034a46-d391-4ab2-8982-dce10b120b55_config-0] Register server push request handler:com.alibaba.nacos.common.remote.client.RpcClient$ConnectResetRequestHandler
2026-09-02 21:42:45.154 [main] INFO  com.alibaba.nacos.common.remote.client - [28034a46-d391-4ab2-8982-dce10b120b55_config-0] Register server push request handler:com.alibaba.nacos.common.remote.client.RpcClient$$Lambda$606/0x000002d1214dac38
2026-09-02 21:42:45.191 [main] INFO  com.alibaba.nacos.client.config.impl.Limiter - limitTime:5.0
2026-09-02 21:42:45.215 [main] INFO  com.alibaba.nacos.client.config.utils.JvmUtil - isMultiInstance:false
2026-09-02 21:42:45.233 [main] WARN  c.a.cloud.nacos.client.NacosPropertySourceBuilder - Ignore the empty nacos configuration and get it based on dataId[xiaohongshu-auth.yaml] & group[DEFAULT_GROUP]
2026-09-02 21:42:45.268 [main] INFO  o.s.c.b.c.PropertySourceBootstrapConfiguration - Located property source: [BootstrapPropertySource {name='bootstrapProperties-xiaohongshu-auth-dev.yaml,DEFAULT_GROUP'}, BootstrapPropertySource {name='bootstrapProperties-xiaohongshu-auth.yaml,DEFAULT_GROUP'}, BootstrapPropertySource {name='bootstrapProperties-xiaohongshu-auth,DEFAULT_GROUP'}]
2026-09-02 21:42:45.311 [main] WARN  com.alibaba.nacos.client.logging.NacosLogging - Load Logback Configuration of Nacos fail, message: Could not initialize Logback Nacos logging from classpath:nacos-logback.xml
2026-09-02 21:42:45.313 [main] INFO  c.g.xiaohongshu.auth.XiaohongshuAuthApplication - The following 1 profile is active: "dev"
2026-09-02 21:42:46.133 [main] INFO  o.s.d.r.config.RepositoryConfigurationDelegate - Multiple Spring Data modules found, entering strict repository configuration mode
2026-09-02 21:42:46.136 [main] INFO  o.s.d.r.config.RepositoryConfigurationDelegate - Bootstrapping Spring Data Redis repositories in DEFAULT mode.
2026-09-02 21:42:46.159 [main] INFO  o.s.d.r.config.RepositoryConfigurationDelegate - Finished Spring Data repository scanning in 10 ms. Found 0 Redis repository interfaces.
2026-09-02 21:42:46.275 [main] INFO  o.springframework.cloud.context.scope.GenericScope - BeanFactory id=e975a4a9-1ce7-3108-84ca-3ebf7bd491e7
2026-09-02 21:42:46.778 [main] INFO  o.s.boot.web.embedded.tomcat.TomcatWebServer - Tomcat initialized with port(s): 8080 (http)
2026-09-02 21:42:46.788 [main] INFO  org.apache.catalina.core.StandardService - Starting service [Tomcat]
2026-09-02 21:42:46.788 [main] INFO  org.apache.catalina.core.StandardEngine - Starting Servlet engine: [Apache Tomcat/10.1.5]
2026-09-02 21:42:46.859 [main] INFO  o.a.c.core.ContainerBase.[Tomcat].[localhost].[/] - Initializing Spring embedded WebApplicationContext
2026-09-02 21:42:46.860 [main] INFO  o.s.b.w.s.c.ServletWebServerApplicationContext - Root WebApplicationContext: initialization completed in 1511 ms
2026-09-02 21:42:46.965 [main] INFO  c.a.d.s.b.a.DruidDataSourceAutoConfigure - Init DruidDataSource
2026-09-02 21:42:47.322 [main] INFO  com.alibaba.druid.pool.DruidDataSource - {dataSource-1} inited
2026-09-02 21:42:49.575 [main] INFO  o.s.boot.web.embedded.tomcat.TomcatWebServer - Tomcat started on port(s): 8080 (http) with context path ''
2026-09-02 21:42:49.578 [main] INFO  com.alibaba.nacos.client.naming - initializer namespace from ans.namespace attribute : null
2026-09-02 21:42:49.579 [main] INFO  com.alibaba.nacos.client.naming - initializer namespace from ALIBABA_ALIWARE_NAMESPACE attribute :null
2026-09-02 21:42:49.579 [main] INFO  com.alibaba.nacos.client.naming - initializer namespace from namespace attribute :null
2026-09-02 21:42:49.586 [main] INFO  c.a.n.p.auth.spi.client.ClientAuthPluginManager - [ClientAuthPluginManager] Load ClientAuthService com.alibaba.nacos.client.auth.impl.NacosClientAuthServiceImpl success.
2026-09-02 21:42:49.586 [main] INFO  c.a.n.p.auth.spi.client.ClientAuthPluginManager - [ClientAuthPluginManager] Load ClientAuthService com.alibaba.nacos.client.auth.ram.RamClientAuthServiceImpl success.
2026-09-02 21:42:49.588 [main] INFO  com.alibaba.nacos.common.remote.client - [RpcClientFactory] create a new rpc client of 943f2d49-5616-4a00-a21a-b1a0516a93ba
2026-09-02 21:42:49.590 [main] INFO  com.alibaba.nacos.common.remote.client - [943f2d49-5616-4a00-a21a-b1a0516a93ba] RpcClient init, ServerListFactory = com.alibaba.nacos.client.naming.core.ServerListManager
2026-09-02 21:42:49.590 [main] INFO  com.alibaba.nacos.common.remote.client - [943f2d49-5616-4a00-a21a-b1a0516a93ba] Registry connection listener to current client:com.alibaba.nacos.client.naming.remote.gprc.redo.NamingGrpcRedoService
2026-09-02 21:42:49.590 [main] INFO  com.alibaba.nacos.common.remote.client - [943f2d49-5616-4a00-a21a-b1a0516a93ba] Register server push request handler:com.alibaba.nacos.client.naming.remote.gprc.NamingPushRequestHandler
2026-09-02 21:42:49.590 [main] INFO  com.alibaba.nacos.common.remote.client - [943f2d49-5616-4a00-a21a-b1a0516a93ba] Try to connect to server on start up, server: {serverIp = '127.0.0.1', server main port = 8848}
2026-09-02 21:42:49.590 [main] INFO  c.a.nacos.common.remote.client.grpc.GrpcClient - grpc client connection server:127.0.0.1 ip,serverPort:9848,grpcTslConfig:{"sslProvider":"OPENSSL","enableTls":false,"mutualAuthEnable":false,"trustAll":false}
2026-09-02 21:42:49.701 [main] INFO  com.alibaba.nacos.common.remote.client - [943f2d49-5616-4a00-a21a-b1a0516a93ba] Success to connect to server [127.0.0.1:8848] on start up, connectionId = 1788356569596_172.17.0.1_37856
2026-09-02 21:42:49.701 [main] INFO  com.alibaba.nacos.common.remote.client - [943f2d49-5616-4a00-a21a-b1a0516a93ba] Register server push request handler:com.alibaba.nacos.common.remote.client.RpcClient$ConnectResetRequestHandler
2026-09-02 21:42:49.701 [main] INFO  com.alibaba.nacos.common.remote.client - [943f2d49-5616-4a00-a21a-b1a0516a93ba] Register server push request handler:com.alibaba.nacos.common.remote.client.RpcClient$$Lambda$606/0x000002d1214dac38
2026-09-02 21:42:49.701 [com.alibaba.nacos.client.remote.worker] INFO  com.alibaba.nacos.common.remote.client - [943f2d49-5616-4a00-a21a-b1a0516a93ba] Notify connected event to listeners.
2026-09-02 21:42:49.701 [com.alibaba.nacos.client.remote.worker] INFO  com.alibaba.nacos.client.naming - Grpc connection connect
2026-09-02 21:42:49.702 [main] INFO  com.alibaba.nacos.client.naming - [REGISTER-SERVICE] xiaohongshu registering service xiaohongshu-auth with instance Instance{instanceId='null', ip='192.168.0.103', port=8080, weight=1.0, healthy=true, enabled=true, ephemeral=true, clusterName='DEFAULT', serviceName='null', metadata={IPv6=null, preserved.register.source=SPRING_CLOUD}}
2026-09-02 21:42:49.713 [main] INFO  c.a.cloud.nacos.registry.NacosServiceRegistry - nacos registry, DEFAULT_GROUP xiaohongshu-auth 192.168.0.103:8080 register finished
2026-09-02 21:42:50.110 [main] INFO  c.g.xiaohongshu.auth.XiaohongshuAuthApplication - Started XiaohongshuAuthApplication in 9.27 seconds (process running for 9.913)
2026-09-02 21:42:50.111 [main] INFO  c.g.x.auth.runner.PushRolePermissions2RedisRunner - ==> 服务启动，开始同步角色权限数据到 Redis 中...
2026-09-02 21:42:50.711 [main] ERROR c.g.x.auth.runner.PushRolePermissions2RedisRunner - ==> 同步角色权限数据到 Redis 中失败: 
org.mybatis.spring.MyBatisSystemException: null
	at org.mybatis.spring.MyBatisExceptionTranslator.translateExceptionIfPossible(MyBatisExceptionTranslator.java:97)
	at org.mybatis.spring.SqlSessionTemplate$SqlSessionInterceptor.invoke(SqlSessionTemplate.java:439)
	at jdk.proxy2/jdk.proxy2.$Proxy92.selectList(Unknown Source)
	at org.mybatis.spring.SqlSessionTemplate.selectList(SqlSessionTemplate.java:224)
	at org.apache.ibatis.binding.MapperMethod.executeForMany(MapperMethod.java:147)
	at org.apache.ibatis.binding.MapperMethod.execute(MapperMethod.java:80)
	at org.apache.ibatis.binding.MapperProxy$PlainMethodInvoker.invoke(MapperProxy.java:145)
	at org.apache.ibatis.binding.MapperProxy.invoke(MapperProxy.java:86)
	at jdk.proxy2/jdk.proxy2.$Proxy103.selectByRoleIds(Unknown Source)
	at com.guoshisan.xiaohongshu.auth.runner.PushRolePermissions2RedisRunner.run(PushRolePermissions2RedisRunner.java:70)
	at org.springframework.boot.SpringApplication.callRunner(SpringApplication.java:758)
	at org.springframework.boot.SpringApplication.callRunners(SpringApplication.java:748)
	at org.springframework.boot.SpringApplication.run(SpringApplication.java:315)
	at org.springframework.boot.SpringApplication.run(SpringApplication.java:1302)
	at org.springframework.boot.SpringApplication.run(SpringApplication.java:1291)
	at com.guoshisan.xiaohongshu.auth.XiaohongshuAuthApplication.main(XiaohongshuAuthApplication.java:14)
Caused by: org.apache.ibatis.binding.BindingException: Parameter 'roleIds' not found. Available parameters are [arg0, collection, list]
	at org.apache.ibatis.binding.MapperMethod$ParamMap.get(MapperMethod.java:212)
	at org.apache.ibatis.scripting.xmltags.DynamicContext$ContextAccessor.getProperty(DynamicContext.java:120)
	at org.apache.ibatis.ognl.OgnlRuntime.getProperty(OgnlRuntime.java:3344)
	at org.apache.ibatis.ognl.ASTProperty.getValueBody(ASTProperty.java:121)
	at org.apache.ibatis.ognl.SimpleNode.evaluateGetValueBody(SimpleNode.java:212)
	at org.apache.ibatis.ognl.SimpleNode.getValue(SimpleNode.java:258)
	at org.apache.ibatis.ognl.Ognl.getValue(Ognl.java:586)
	at org.apache.ibatis.ognl.Ognl.getValue(Ognl.java:550)
	at org.apache.ibatis.scripting.xmltags.OgnlCache.getValue(OgnlCache.java:46)
	at org.apache.ibatis.scripting.xmltags.ExpressionEvaluator.evaluateIterable(ExpressionEvaluator.java:54)
	at org.apache.ibatis.scripting.xmltags.ForEachSqlNode.apply(ForEachSqlNode.java:68)
	at org.apache.ibatis.scripting.xmltags.MixedSqlNode.lambda$apply$0(MixedSqlNode.java:32)
	at java.base/java.util.ArrayList.forEach(ArrayList.java:1511)
	at org.apache.ibatis.scripting.xmltags.MixedSqlNode.apply(MixedSqlNode.java:32)
	at org.apache.ibatis.scripting.xmltags.DynamicSqlSource.getBoundSql(DynamicSqlSource.java:39)
	at org.apache.ibatis.mapping.MappedStatement.getBoundSql(MappedStatement.java:305)
	at org.apache.ibatis.executor.CachingExecutor.query(CachingExecutor.java:87)
	at org.apache.ibatis.session.defaults.DefaultSqlSession.selectList(DefaultSqlSession.java:151)
	at org.apache.ibatis.session.defaults.DefaultSqlSession.selectList(DefaultSqlSession.java:145)
	at org.apache.ibatis.session.defaults.DefaultSqlSession.selectList(DefaultSqlSession.java:140)
	at java.base/jdk.internal.reflect.NativeMethodAccessorImpl.invoke0(Native Method)
	at java.base/jdk.internal.reflect.NativeMethodAccessorImpl.invoke(NativeMethodAccessorImpl.java:77)
	at java.base/jdk.internal.reflect.DelegatingMethodAccessorImpl.invoke(DelegatingMethodAccessorImpl.java:43)
	at java.base/java.lang.reflect.Method.invoke(Method.java:568)
	at org.mybatis.spring.SqlSessionTemplate$SqlSessionInterceptor.invoke(SqlSessionTemplate.java:425)
	... 14 common frames omitted
2026-09-02 21:42:50.714 [main] INFO  com.alibaba.nacos.client.config.impl.CacheData - nacos.cache.data.init.snapshot = true 
2026-09-02 21:42:50.715 [main] INFO  com.alibaba.nacos.client.config.impl.ClientWorker - [fixed-xiaohongshu-127.0.0.1_8848] [subscribe] xiaohongshu-auth.yaml+DEFAULT_GROUP+xiaohongshu
2026-09-02 21:42:50.720 [main] INFO  com.alibaba.nacos.client.config.impl.CacheData - [fixed-xiaohongshu-127.0.0.1_8848] [add-listener] ok, tenant=xiaohongshu, dataId=xiaohongshu-auth.yaml, group=DEFAULT_GROUP, cnt=1
2026-09-02 21:42:50.720 [main] INFO  c.a.cloud.nacos.refresh.NacosContextRefresher - [Nacos Config] Listening config: dataId=xiaohongshu-auth.yaml, group=DEFAULT_GROUP
2026-09-02 21:42:50.721 [main] INFO  com.alibaba.nacos.client.config.impl.ClientWorker - [fixed-xiaohongshu-127.0.0.1_8848] [subscribe] xiaohongshu-auth-dev.yaml+DEFAULT_GROUP+xiaohongshu
2026-09-02 21:42:50.722 [main] INFO  com.alibaba.nacos.client.config.impl.CacheData - [fixed-xiaohongshu-127.0.0.1_8848] [add-listener] ok, tenant=xiaohongshu, dataId=xiaohongshu-auth-dev.yaml, group=DEFAULT_GROUP, cnt=1
2026-09-02 21:42:50.722 [main] INFO  c.a.cloud.nacos.refresh.NacosContextRefresher - [Nacos Config] Listening config: dataId=xiaohongshu-auth-dev.yaml, group=DEFAULT_GROUP
2026-09-02 21:42:50.722 [main] INFO  com.alibaba.nacos.client.config.impl.ClientWorker - [fixed-xiaohongshu-127.0.0.1_8848] [subscribe] xiaohongshu-auth+DEFAULT_GROUP+xiaohongshu
2026-09-02 21:42:50.723 [main] INFO  com.alibaba.nacos.client.config.impl.CacheData - [fixed-xiaohongshu-127.0.0.1_8848] [add-listener] ok, tenant=xiaohongshu, dataId=xiaohongshu-auth, group=DEFAULT_GROUP, cnt=1
2026-09-02 21:42:50.723 [main] INFO  c.a.cloud.nacos.refresh.NacosContextRefresher - [Nacos Config] Listening config: dataId=xiaohongshu-auth, group=DEFAULT_GROUP
2026-09-02 21:45:04.028 [Thread-2] WARN  c.alibaba.nacos.common.http.HttpClientBeanHolder - [HttpClientBeanHolder] Start destroying common HttpClient
2026-09-02 21:45:04.030 [Thread-2] WARN  c.alibaba.nacos.common.http.HttpClientBeanHolder - [HttpClientBeanHolder] Destruction of the end
2026-09-02 21:45:04.033 [Thread-9] WARN  com.alibaba.nacos.common.notify.NotifyCenter - [NotifyCenter] Start destroying Publisher
2026-09-02 21:45:04.033 [Thread-9] WARN  com.alibaba.nacos.common.notify.NotifyCenter - [NotifyCenter] Destruction of the end
2026-09-02 21:45:04.071 [SpringApplicationShutdownHook] INFO  c.a.cloud.nacos.registry.NacosServiceRegistry - De-registering from Nacos Server now...
2026-09-02 21:45:04.071 [SpringApplicationShutdownHook] INFO  com.alibaba.nacos.client.naming - [DEREGISTER-SERVICE] xiaohongshu deregistering service xiaohongshu-auth with instance: Instance{instanceId='null', ip='192.168.0.103', port=8080, weight=1.0, healthy=true, enabled=true, ephemeral=true, clusterName='DEFAULT', serviceName='null', metadata={}}
2026-09-02 21:45:04.076 [SpringApplicationShutdownHook] INFO  c.a.cloud.nacos.registry.NacosServiceRegistry - De-registration finished.
2026-09-02 21:45:04.076 [SpringApplicationShutdownHook] INFO  com.alibaba.nacos.client.naming - com.alibaba.nacos.client.naming.cache.ServiceInfoHolder do shutdown begin
2026-09-02 21:45:04.076 [SpringApplicationShutdownHook] INFO  com.alibaba.nacos.client.naming - com.alibaba.nacos.client.naming.backups.FailoverReactor do shutdown begin
2026-09-02 21:45:04.076 [SpringApplicationShutdownHook] INFO  com.alibaba.nacos.client.naming - com.alibaba.nacos.client.naming.backups.FailoverReactor do shutdown stop
2026-09-02 21:45:04.076 [SpringApplicationShutdownHook] INFO  com.alibaba.nacos.client.naming - com.alibaba.nacos.client.naming.cache.ServiceInfoHolder do shutdown stop
2026-09-02 21:45:04.076 [SpringApplicationShutdownHook] INFO  com.alibaba.nacos.client.naming - com.alibaba.nacos.client.naming.remote.NamingClientProxyDelegate do shutdown begin
2026-09-02 21:45:04.077 [SpringApplicationShutdownHook] INFO  com.alibaba.nacos.client.naming - com.alibaba.nacos.client.naming.core.ServiceInfoUpdateService do shutdown begin
2026-09-02 21:45:04.077 [SpringApplicationShutdownHook] INFO  com.alibaba.nacos.client.naming - com.alibaba.nacos.client.naming.core.ServiceInfoUpdateService do shutdown stop
2026-09-02 21:45:04.077 [SpringApplicationShutdownHook] INFO  com.alibaba.nacos.client.naming - com.alibaba.nacos.client.naming.core.ServerListManager do shutdown begin
2026-09-02 21:45:04.077 [SpringApplicationShutdownHook] WARN  com.alibaba.nacos.client.naming - [NamingHttpClientManager] Start destroying NacosRestTemplate
2026-09-02 21:45:04.077 [SpringApplicationShutdownHook] WARN  com.alibaba.nacos.client.naming - [NamingHttpClientManager] Destruction of the end
2026-09-02 21:45:04.077 [SpringApplicationShutdownHook] INFO  com.alibaba.nacos.client.naming - com.alibaba.nacos.client.naming.core.ServerListManager do shutdown stop
2026-09-02 21:45:04.077 [SpringApplicationShutdownHook] INFO  com.alibaba.nacos.client.naming - com.alibaba.nacos.client.naming.remote.http.NamingHttpClientProxy do shutdown begin
2026-09-02 21:45:04.077 [SpringApplicationShutdownHook] WARN  com.alibaba.nacos.client.naming - [NamingHttpClientManager] Start destroying NacosRestTemplate
2026-09-02 21:45:04.077 [SpringApplicationShutdownHook] WARN  com.alibaba.nacos.client.naming - [NamingHttpClientManager] Destruction of the end
2026-09-02 21:45:04.077 [SpringApplicationShutdownHook] INFO  com.alibaba.nacos.client.naming - com.alibaba.nacos.client.naming.remote.http.NamingHttpClientProxy do shutdown stop
2026-09-02 21:45:04.077 [SpringApplicationShutdownHook] INFO  com.alibaba.nacos.common.remote.client - Shutdown rpc client, set status to shutdown
2026-09-02 21:45:04.077 [SpringApplicationShutdownHook] INFO  com.alibaba.nacos.common.remote.client - Shutdown client event executor java.util.concurrent.ScheduledThreadPoolExecutor@3c436e6b[Running, pool size = 2, active threads = 2, queued tasks = 0, completed tasks = 0]
2026-09-02 21:45:04.077 [SpringApplicationShutdownHook] INFO  com.alibaba.nacos.common.remote.client - Close current connection 1788356569596_172.17.0.1_37856
2026-09-02 21:45:04.080 [nacos-grpc-client-executor-127.0.0.1-37] INFO  c.a.nacos.common.remote.client.grpc.GrpcClient - [1788356569596_172.17.0.1_37856]Ignore complete event,isRunning:false,isAbandon=false
2026-09-02 21:45:04.081 [SpringApplicationShutdownHook] INFO  c.a.nacos.common.remote.client.grpc.GrpcClient - Shutdown grpc executor java.util.concurrent.ThreadPoolExecutor@743f2d0c[Running, pool size = 4, active threads = 0, queued tasks = 0, completed tasks = 38]
2026-09-02 21:45:04.081 [SpringApplicationShutdownHook] INFO  com.alibaba.nacos.client.naming - Shutdown grpc redo service executor java.util.concurrent.ScheduledThreadPoolExecutor@76493280[Running, pool size = 1, active threads = 0, queued tasks = 1, completed tasks = 44]
2026-09-02 21:45:04.081 [SpringApplicationShutdownHook] INFO  c.a.n.client.auth.ram.identify.CredentialWatcher - [null] CredentialWatcher is stopped
2026-09-02 21:45:04.081 [SpringApplicationShutdownHook] INFO  c.a.n.client.auth.ram.identify.CredentialService - [null] CredentialService is freed
2026-09-02 21:45:04.081 [SpringApplicationShutdownHook] INFO  com.alibaba.nacos.client.naming - com.alibaba.nacos.client.naming.remote.NamingClientProxyDelegate do shutdown stop
2026-09-02 21:45:04.219 [SpringApplicationShutdownHook] INFO  com.alibaba.druid.pool.DruidDataSource - {dataSource-1} closing ...
2026-09-02 21:45:04.242 [SpringApplicationShutdownHook] INFO  com.alibaba.druid.pool.DruidDataSource - {dataSource-1} closed
2026-09-02 21:45:07.098 [main] WARN  com.alibaba.nacos.client.logging.NacosLogging - Load Logback Configuration of Nacos fail, message: Could not initialize Logback Nacos logging from classpath:nacos-logback.xml
2026-09-02 21:45:07.148 [main] WARN  com.alibaba.nacos.client.logging.NacosLogging - Load Logback Configuration of Nacos fail, message: Could not initialize Logback Nacos logging from classpath:nacos-logback.xml
2026-09-02 21:45:07.325 [main] WARN  com.alibaba.nacos.client.logging.NacosLogging - Load Logback Configuration of Nacos fail, message: Could not initialize Logback Nacos logging from classpath:nacos-logback.xml
2026-09-02 21:45:07.326 [main] INFO  com.alibaba.nacos.client.utils.ParamUtil - [settings] [req-serv] nacos-server port:8848
2026-09-02 21:45:07.326 [main] INFO  com.alibaba.nacos.client.utils.ParamUtil - [settings] [http-client] connect timeout:1000
2026-09-02 21:45:07.327 [main] INFO  com.alibaba.nacos.client.utils.ParamUtil - PER_TASK_CONFIG_SIZE: 3000.0
2026-09-02 21:45:07.347 [main] INFO  c.a.n.p.auth.spi.client.ClientAuthPluginManager - [ClientAuthPluginManager] Load ClientAuthService com.alibaba.nacos.client.auth.impl.NacosClientAuthServiceImpl success.
2026-09-02 21:45:07.347 [main] INFO  c.a.n.p.auth.spi.client.ClientAuthPluginManager - [ClientAuthPluginManager] Load ClientAuthService com.alibaba.nacos.client.auth.ram.RamClientAuthServiceImpl success.
2026-09-02 21:45:07.349 [main] INFO  c.a.n.client.auth.ram.identify.CredentialWatcher - null No credential found
2026-09-02 21:45:07.865 [main] WARN  com.alibaba.nacos.client.logging.NacosLogging - Load Logback Configuration of Nacos fail, message: Could not initialize Logback Nacos logging from classpath:nacos-logback.xml
2026-09-02 21:45:07.877 [main] INFO  c.a.n.client.config.impl.LocalConfigInfoProcessor - LOCAL_SNAPSHOT_PATH:C:\Users\Administrator\nacos\config
2026-09-02 21:45:07.882 [main] INFO  com.alibaba.nacos.common.remote.client - [RpcClientFactory] create a new rpc client of 1b4524c3-3e2a-4a16-9d34-25598248d760_config-0
2026-09-02 21:45:07.899 [main] INFO  com.alibaba.nacos.common.remote.client - [1b4524c3-3e2a-4a16-9d34-25598248d760_config-0] Register server push request handler:com.alibaba.nacos.client.config.impl.ClientWorker$ConfigRpcTransportClient$$Lambda$584/0x000002e326391258
2026-09-02 21:45:07.899 [main] INFO  com.alibaba.nacos.common.remote.client - [1b4524c3-3e2a-4a16-9d34-25598248d760_config-0] Register server push request handler:com.alibaba.nacos.client.config.impl.ClientWorker$ConfigRpcTransportClient$$Lambda$585/0x000002e326391678
2026-09-02 21:45:07.899 [main] INFO  com.alibaba.nacos.common.remote.client - [1b4524c3-3e2a-4a16-9d34-25598248d760_config-0] Registry connection listener to current client:com.alibaba.nacos.client.config.impl.ClientWorker$ConfigRpcTransportClient$1
2026-09-02 21:45:07.900 [main] INFO  com.alibaba.nacos.common.remote.client - [1b4524c3-3e2a-4a16-9d34-25598248d760_config-0] RpcClient init, ServerListFactory = com.alibaba.nacos.client.config.impl.ClientWorker$ConfigRpcTransportClient$2
2026-09-02 21:45:07.906 [main] INFO  com.alibaba.nacos.common.remote.client - [1b4524c3-3e2a-4a16-9d34-25598248d760_config-0] Try to connect to server on start up, server: {serverIp = '127.0.0.1', server main port = 8848}
2026-09-02 21:45:07.952 [main] INFO  c.a.nacos.common.remote.client.grpc.GrpcClient - grpc client connection server:127.0.0.1 ip,serverPort:9848,grpcTslConfig:{"sslProvider":"OPENSSL","enableTls":false,"mutualAuthEnable":false,"trustAll":false}
2026-09-02 21:45:09.046 [main] INFO  com.alibaba.nacos.common.remote.client - [1b4524c3-3e2a-4a16-9d34-25598248d760_config-0] Success to connect to server [127.0.0.1:8848] on start up, connectionId = 1788356708855_172.17.0.1_55376
2026-09-02 21:45:09.046 [com.alibaba.nacos.client.remote.worker] INFO  com.alibaba.nacos.common.remote.client - [1b4524c3-3e2a-4a16-9d34-25598248d760_config-0] Notify connected event to listeners.
2026-09-02 21:45:09.046 [com.alibaba.nacos.client.remote.worker] INFO  com.alibaba.nacos.client.config.impl.ClientWorker - [1b4524c3-3e2a-4a16-9d34-25598248d760_config-0] Connected,notify listen context...
2026-09-02 21:45:09.046 [main] INFO  com.alibaba.nacos.common.remote.client - [1b4524c3-3e2a-4a16-9d34-25598248d760_config-0] Register server push request handler:com.alibaba.nacos.common.remote.client.RpcClient$ConnectResetRequestHandler
2026-09-02 21:45:09.046 [main] INFO  com.alibaba.nacos.common.remote.client - [1b4524c3-3e2a-4a16-9d34-25598248d760_config-0] Register server push request handler:com.alibaba.nacos.common.remote.client.RpcClient$$Lambda$605/0x000002e3264d9448
2026-09-02 21:45:09.087 [main] INFO  com.alibaba.nacos.client.config.impl.Limiter - limitTime:5.0
2026-09-02 21:45:09.112 [main] INFO  com.alibaba.nacos.client.config.utils.JvmUtil - isMultiInstance:false
2026-09-02 21:45:09.124 [main] WARN  c.a.cloud.nacos.client.NacosPropertySourceBuilder - Ignore the empty nacos configuration and get it based on dataId[xiaohongshu-auth.yaml] & group[DEFAULT_GROUP]
2026-09-02 21:45:09.144 [main] INFO  o.s.c.b.c.PropertySourceBootstrapConfiguration - Located property source: [BootstrapPropertySource {name='bootstrapProperties-xiaohongshu-auth-dev.yaml,DEFAULT_GROUP'}, BootstrapPropertySource {name='bootstrapProperties-xiaohongshu-auth.yaml,DEFAULT_GROUP'}, BootstrapPropertySource {name='bootstrapProperties-xiaohongshu-auth,DEFAULT_GROUP'}]
2026-09-02 21:45:09.168 [main] WARN  com.alibaba.nacos.client.logging.NacosLogging - Load Logback Configuration of Nacos fail, message: Could not initialize Logback Nacos logging from classpath:nacos-logback.xml
2026-09-02 21:45:09.168 [main] INFO  c.g.xiaohongshu.auth.XiaohongshuAuthApplication - The following 1 profile is active: "dev"
2026-09-02 21:45:09.759 [main] INFO  o.s.d.r.config.RepositoryConfigurationDelegate - Multiple Spring Data modules found, entering strict repository configuration mode
2026-09-02 21:45:09.762 [main] INFO  o.s.d.r.config.RepositoryConfigurationDelegate - Bootstrapping Spring Data Redis repositories in DEFAULT mode.
2026-09-02 21:45:09.786 [main] INFO  o.s.d.r.config.RepositoryConfigurationDelegate - Finished Spring Data repository scanning in 10 ms. Found 0 Redis repository interfaces.
2026-09-02 21:45:09.919 [main] INFO  o.springframework.cloud.context.scope.GenericScope - BeanFactory id=e975a4a9-1ce7-3108-84ca-3ebf7bd491e7
2026-09-02 21:45:10.440 [main] INFO  o.s.boot.web.embedded.tomcat.TomcatWebServer - Tomcat initialized with port(s): 8080 (http)
2026-09-02 21:45:10.460 [main] INFO  org.apache.catalina.core.StandardService - Starting service [Tomcat]
2026-09-02 21:45:10.460 [main] INFO  org.apache.catalina.core.StandardEngine - Starting Servlet engine: [Apache Tomcat/10.1.5]
2026-09-02 21:45:10.536 [main] INFO  o.a.c.core.ContainerBase.[Tomcat].[localhost].[/] - Initializing Spring embedded WebApplicationContext
2026-09-02 21:45:10.536 [main] INFO  o.s.b.w.s.c.ServletWebServerApplicationContext - Root WebApplicationContext: initialization completed in 1353 ms
2026-09-02 21:45:10.623 [main] INFO  c.a.d.s.b.a.DruidDataSourceAutoConfigure - Init DruidDataSource
2026-09-02 21:45:10.958 [main] INFO  com.alibaba.druid.pool.DruidDataSource - {dataSource-1} inited
2026-09-02 21:45:13.044 [main] INFO  o.s.boot.web.embedded.tomcat.TomcatWebServer - Tomcat started on port(s): 8080 (http) with context path ''
2026-09-02 21:45:13.048 [main] INFO  com.alibaba.nacos.client.naming - initializer namespace from ans.namespace attribute : null
2026-09-02 21:45:13.048 [main] INFO  com.alibaba.nacos.client.naming - initializer namespace from ALIBABA_ALIWARE_NAMESPACE attribute :null
2026-09-02 21:45:13.048 [main] INFO  com.alibaba.nacos.client.naming - initializer namespace from namespace attribute :null
2026-09-02 21:45:13.054 [main] INFO  c.a.n.p.auth.spi.client.ClientAuthPluginManager - [ClientAuthPluginManager] Load ClientAuthService com.alibaba.nacos.client.auth.impl.NacosClientAuthServiceImpl success.
2026-09-02 21:45:13.054 [main] INFO  c.a.n.p.auth.spi.client.ClientAuthPluginManager - [ClientAuthPluginManager] Load ClientAuthService com.alibaba.nacos.client.auth.ram.RamClientAuthServiceImpl success.
2026-09-02 21:45:13.058 [main] INFO  com.alibaba.nacos.common.remote.client - [RpcClientFactory] create a new rpc client of 03b26c08-6892-4d45-a757-918ee21ce5b5
2026-09-02 21:45:13.060 [main] INFO  com.alibaba.nacos.common.remote.client - [03b26c08-6892-4d45-a757-918ee21ce5b5] RpcClient init, ServerListFactory = com.alibaba.nacos.client.naming.core.ServerListManager
2026-09-02 21:45:13.060 [main] INFO  com.alibaba.nacos.common.remote.client - [03b26c08-6892-4d45-a757-918ee21ce5b5] Registry connection listener to current client:com.alibaba.nacos.client.naming.remote.gprc.redo.NamingGrpcRedoService
2026-09-02 21:45:13.060 [main] INFO  com.alibaba.nacos.common.remote.client - [03b26c08-6892-4d45-a757-918ee21ce5b5] Register server push request handler:com.alibaba.nacos.client.naming.remote.gprc.NamingPushRequestHandler
2026-09-02 21:45:13.060 [main] INFO  com.alibaba.nacos.common.remote.client - [03b26c08-6892-4d45-a757-918ee21ce5b5] Try to connect to server on start up, server: {serverIp = '127.0.0.1', server main port = 8848}
2026-09-02 21:45:13.060 [main] INFO  c.a.nacos.common.remote.client.grpc.GrpcClient - grpc client connection server:127.0.0.1 ip,serverPort:9848,grpcTslConfig:{"sslProvider":"OPENSSL","enableTls":false,"mutualAuthEnable":false,"trustAll":false}
2026-09-02 21:45:13.183 [main] INFO  com.alibaba.nacos.common.remote.client - [03b26c08-6892-4d45-a757-918ee21ce5b5] Success to connect to server [127.0.0.1:8848] on start up, connectionId = 1788356713067_172.17.0.1_59572
2026-09-02 21:45:13.183 [com.alibaba.nacos.client.remote.worker] INFO  com.alibaba.nacos.common.remote.client - [03b26c08-6892-4d45-a757-918ee21ce5b5] Notify connected event to listeners.
2026-09-02 21:45:13.183 [main] INFO  com.alibaba.nacos.common.remote.client - [03b26c08-6892-4d45-a757-918ee21ce5b5] Register server push request handler:com.alibaba.nacos.common.remote.client.RpcClient$ConnectResetRequestHandler
2026-09-02 21:45:13.183 [main] INFO  com.alibaba.nacos.common.remote.client - [03b26c08-6892-4d45-a757-918ee21ce5b5] Register server push request handler:com.alibaba.nacos.common.remote.client.RpcClient$$Lambda$605/0x000002e3264d9448
2026-09-02 21:45:13.183 [com.alibaba.nacos.client.remote.worker] INFO  com.alibaba.nacos.client.naming - Grpc connection connect
2026-09-02 21:45:13.186 [main] INFO  com.alibaba.nacos.client.naming - [REGISTER-SERVICE] xiaohongshu registering service xiaohongshu-auth with instance Instance{instanceId='null', ip='192.168.0.103', port=8080, weight=1.0, healthy=true, enabled=true, ephemeral=true, clusterName='DEFAULT', serviceName='null', metadata={IPv6=null, preserved.register.source=SPRING_CLOUD}}
2026-09-02 21:45:13.217 [main] INFO  c.a.cloud.nacos.registry.NacosServiceRegistry - nacos registry, DEFAULT_GROUP xiaohongshu-auth 192.168.0.103:8080 register finished
2026-09-02 21:45:13.587 [main] INFO  c.g.xiaohongshu.auth.XiaohongshuAuthApplication - Started XiaohongshuAuthApplication in 7.324 seconds (process running for 8.065)
2026-09-02 21:45:13.588 [main] INFO  c.g.x.auth.runner.PushRolePermissions2RedisRunner - ==> 服务启动，开始同步角色权限数据到 Redis 中...
2026-09-02 21:45:13.995 [main] WARN  c.g.x.auth.runner.PushRolePermissions2RedisRunner - ==> 角色权限数据已经同步至 Redis 中，不再同步...
2026-09-02 21:45:13.999 [main] INFO  com.alibaba.nacos.client.config.impl.CacheData - nacos.cache.data.init.snapshot = true 
2026-09-02 21:45:13.999 [main] INFO  com.alibaba.nacos.client.config.impl.ClientWorker - [fixed-xiaohongshu-127.0.0.1_8848] [subscribe] xiaohongshu-auth.yaml+DEFAULT_GROUP+xiaohongshu
2026-09-02 21:45:14.007 [main] INFO  com.alibaba.nacos.client.config.impl.CacheData - [fixed-xiaohongshu-127.0.0.1_8848] [add-listener] ok, tenant=xiaohongshu, dataId=xiaohongshu-auth.yaml, group=DEFAULT_GROUP, cnt=1
2026-09-02 21:45:14.007 [main] INFO  c.a.cloud.nacos.refresh.NacosContextRefresher - [Nacos Config] Listening config: dataId=xiaohongshu-auth.yaml, group=DEFAULT_GROUP
2026-09-02 21:45:14.008 [main] INFO  com.alibaba.nacos.client.config.impl.ClientWorker - [fixed-xiaohongshu-127.0.0.1_8848] [subscribe] xiaohongshu-auth-dev.yaml+DEFAULT_GROUP+xiaohongshu
2026-09-02 21:45:14.008 [main] INFO  com.alibaba.nacos.client.config.impl.CacheData - [fixed-xiaohongshu-127.0.0.1_8848] [add-listener] ok, tenant=xiaohongshu, dataId=xiaohongshu-auth-dev.yaml, group=DEFAULT_GROUP, cnt=1
2026-09-02 21:45:14.008 [main] INFO  c.a.cloud.nacos.refresh.NacosContextRefresher - [Nacos Config] Listening config: dataId=xiaohongshu-auth-dev.yaml, group=DEFAULT_GROUP
2026-09-02 21:45:14.010 [main] INFO  com.alibaba.nacos.client.config.impl.ClientWorker - [fixed-xiaohongshu-127.0.0.1_8848] [subscribe] xiaohongshu-auth+DEFAULT_GROUP+xiaohongshu
2026-09-02 21:45:14.010 [main] INFO  com.alibaba.nacos.client.config.impl.CacheData - [fixed-xiaohongshu-127.0.0.1_8848] [add-listener] ok, tenant=xiaohongshu, dataId=xiaohongshu-auth, group=DEFAULT_GROUP, cnt=1
2026-09-02 21:45:14.010 [main] INFO  c.a.cloud.nacos.refresh.NacosContextRefresher - [Nacos Config] Listening config: dataId=xiaohongshu-auth, group=DEFAULT_GROUP
2026-09-02 21:45:43.379 [Thread-2] WARN  c.alibaba.nacos.common.http.HttpClientBeanHolder - [HttpClientBeanHolder] Start destroying common HttpClient
2026-09-02 21:45:43.380 [Thread-9] WARN  com.alibaba.nacos.common.notify.NotifyCenter - [NotifyCenter] Start destroying Publisher
2026-09-02 21:45:43.380 [Thread-9] WARN  com.alibaba.nacos.common.notify.NotifyCenter - [NotifyCenter] Destruction of the end
2026-09-02 21:45:43.380 [Thread-2] WARN  c.alibaba.nacos.common.http.HttpClientBeanHolder - [HttpClientBeanHolder] Destruction of the end
2026-09-02 21:45:43.431 [SpringApplicationShutdownHook] INFO  c.a.cloud.nacos.registry.NacosServiceRegistry - De-registering from Nacos Server now...
2026-09-02 21:45:43.431 [SpringApplicationShutdownHook] INFO  com.alibaba.nacos.client.naming - [DEREGISTER-SERVICE] xiaohongshu deregistering service xiaohongshu-auth with instance: Instance{instanceId='null', ip='192.168.0.103', port=8080, weight=1.0, healthy=true, enabled=true, ephemeral=true, clusterName='DEFAULT', serviceName='null', metadata={}}
2026-09-02 21:45:43.436 [SpringApplicationShutdownHook] INFO  c.a.cloud.nacos.registry.NacosServiceRegistry - De-registration finished.
2026-09-02 21:45:43.436 [SpringApplicationShutdownHook] INFO  com.alibaba.nacos.client.naming - com.alibaba.nacos.client.naming.cache.ServiceInfoHolder do shutdown begin
2026-09-02 21:45:43.437 [SpringApplicationShutdownHook] INFO  com.alibaba.nacos.client.naming - com.alibaba.nacos.client.naming.backups.FailoverReactor do shutdown begin
2026-09-02 21:45:43.437 [SpringApplicationShutdownHook] INFO  com.alibaba.nacos.client.naming - com.alibaba.nacos.client.naming.backups.FailoverReactor do shutdown stop
2026-09-02 21:45:43.437 [SpringApplicationShutdownHook] INFO  com.alibaba.nacos.client.naming - com.alibaba.nacos.client.naming.cache.ServiceInfoHolder do shutdown stop
2026-09-02 21:45:43.437 [SpringApplicationShutdownHook] INFO  com.alibaba.nacos.client.naming - com.alibaba.nacos.client.naming.remote.NamingClientProxyDelegate do shutdown begin
2026-09-02 21:45:43.437 [SpringApplicationShutdownHook] INFO  com.alibaba.nacos.client.naming - com.alibaba.nacos.client.naming.core.ServiceInfoUpdateService do shutdown begin
2026-09-02 21:45:43.437 [SpringApplicationShutdownHook] INFO  com.alibaba.nacos.client.naming - com.alibaba.nacos.client.naming.core.ServiceInfoUpdateService do shutdown stop
2026-09-02 21:45:43.437 [SpringApplicationShutdownHook] INFO  com.alibaba.nacos.client.naming - com.alibaba.nacos.client.naming.core.ServerListManager do shutdown begin
2026-09-02 21:45:43.437 [SpringApplicationShutdownHook] WARN  com.alibaba.nacos.client.naming - [NamingHttpClientManager] Start destroying NacosRestTemplate
2026-09-02 21:45:43.437 [SpringApplicationShutdownHook] WARN  com.alibaba.nacos.client.naming - [NamingHttpClientManager] Destruction of the end
2026-09-02 21:45:43.437 [SpringApplicationShutdownHook] INFO  com.alibaba.nacos.client.naming - com.alibaba.nacos.client.naming.core.ServerListManager do shutdown stop
2026-09-02 21:45:43.437 [SpringApplicationShutdownHook] INFO  com.alibaba.nacos.client.naming - com.alibaba.nacos.client.naming.remote.http.NamingHttpClientProxy do shutdown begin
2026-09-02 21:45:43.437 [SpringApplicationShutdownHook] WARN  com.alibaba.nacos.client.naming - [NamingHttpClientManager] Start destroying NacosRestTemplate
2026-09-02 21:45:43.437 [SpringApplicationShutdownHook] WARN  com.alibaba.nacos.client.naming - [NamingHttpClientManager] Destruction of the end
2026-09-02 21:45:43.437 [SpringApplicationShutdownHook] INFO  com.alibaba.nacos.client.naming - com.alibaba.nacos.client.naming.remote.http.NamingHttpClientProxy do shutdown stop
2026-09-02 21:45:43.437 [SpringApplicationShutdownHook] INFO  com.alibaba.nacos.common.remote.client - Shutdown rpc client, set status to shutdown
2026-09-02 21:45:43.437 [SpringApplicationShutdownHook] INFO  com.alibaba.nacos.common.remote.client - Shutdown client event executor java.util.concurrent.ScheduledThreadPoolExecutor@68eb29cb[Running, pool size = 2, active threads = 2, queued tasks = 0, completed tasks = 0]
2026-09-02 21:45:43.437 [SpringApplicationShutdownHook] INFO  com.alibaba.nacos.common.remote.client - Close current connection 1788356713067_172.17.0.1_59572
2026-09-02 21:45:43.440 [nacos-grpc-client-executor-127.0.0.1-20] INFO  c.a.nacos.common.remote.client.grpc.GrpcClient - [1788356713067_172.17.0.1_59572]Ignore complete event,isRunning:false,isAbandon=false
2026-09-02 21:45:43.441 [SpringApplicationShutdownHook] INFO  c.a.nacos.common.remote.client.grpc.GrpcClient - Shutdown grpc executor java.util.concurrent.ThreadPoolExecutor@17e3b253[Running, pool size = 7, active threads = 0, queued tasks = 0, completed tasks = 21]
2026-09-02 21:45:43.441 [SpringApplicationShutdownHook] INFO  com.alibaba.nacos.client.naming - Shutdown grpc redo service executor java.util.concurrent.ScheduledThreadPoolExecutor@153d371a[Running, pool size = 1, active threads = 0, queued tasks = 1, completed tasks = 10]
2026-09-02 21:45:43.442 [SpringApplicationShutdownHook] INFO  c.a.n.client.auth.ram.identify.CredentialWatcher - [null] CredentialWatcher is stopped
2026-09-02 21:45:43.442 [SpringApplicationShutdownHook] INFO  c.a.n.client.auth.ram.identify.CredentialService - [null] CredentialService is freed
2026-09-02 21:45:43.442 [SpringApplicationShutdownHook] INFO  com.alibaba.nacos.client.naming - com.alibaba.nacos.client.naming.remote.NamingClientProxyDelegate do shutdown stop
2026-09-02 21:45:43.565 [SpringApplicationShutdownHook] INFO  com.alibaba.druid.pool.DruidDataSource - {dataSource-1} closing ...
2026-09-02 21:45:43.571 [SpringApplicationShutdownHook] INFO  com.alibaba.druid.pool.DruidDataSource - {dataSource-1} closed
